brightness,contrast,blur,orb_features,edge_density,class_8_percent,class_27_percent,class_28_percent,class_59_percent,class_64_percent,class_70_percent,class_74_percent,class_87_percent,class_115_percent,class_119_percent,class_123_percent,class_125_percent,class_132_percent,class_143_percent,class_146_percent,class_157_percent,class_175_percent,class_180_percent,class_199_percent,class_205_percent,class_208_percent,class_214_percent,class_229_percent,class_239_percent,mean_depth,std_depth,min_depth,max_depth,depth_range,depth_entropy,valid_depth_ratio,dx,dy,dz,translation_distance,frame,sequence,class_69_percent,class_160_percent,class_109_percent,class_49_percent,class_1_percent,class_161_percent,class_191_percent,class_195_percent,class_7_percent,class_244_percent,class_9_percent,class_60_percent,class_171_percent,class_200_percent,class_31_percent,class_6_percent,class_129_percent,class_36_percent,class_23_percent,class_116_percent,class_106_percent,class_48_percent,class_65_percent,class_90_percent,class_72_percent,class_242_percent
154.78223388671876,73.03053304693267,1316.2794891695914,4979,0.07848388671875,3.8349609375000004,2.357177734375,2.62890625,0.009521484375,0.09814453124999999,1.097412109375,1.07958984375,0.360107421875,42.422607421875,0.35595703125,0.8383789062500001,5.4365234375,1.84130859375,0.39794921875,0.169677734375,0.451171875,0.02197265625,11.133544921875,1.898193359375,4.539794921875,0.599365234375,4.142822265625,4.63623046875,9.648681640625,102.0934829711914,48.426109313964844,0.0,208.0,208.0,7.482609748840332,0.998447265625,0.34379054605960846,0.02963349223136902,-0.030018925666809082,0.3463686176892759,0,P000,0.0,0.0,0.0,0.0,0.0,0.0,0.0,0.0,0.0,0.0,0.0,0.0,0.0,0.0,0.0,0.0,0.0,0.0,0.0,0.0,0.0,0.0,0.0,0.0,0.0,0.0
156.10968505859375,68.31874930636229,1206.2154440543113,4952,0.0729345703125,2.4521484375,1.5556640625,3.357666015625,0.00830078125,0.086181640625,0.86328125,0.762939453125,0.674072265625,34.748291015625,0.25146484375,0.5966796875,4.760498046875,1.221435546875,0.333740234375,0.49267578125,0.34375,0.02294921875,19.909912109375,1.26953125,5.950927734375,0.427978515625,3.238037109375,2.9169921875,12.755126953125002,103.15219116210938,46.987674713134766,0.0,208.0,208.0,7.501641273498535,0.99882568359375,0.2489679455757141,0.021967530250549316,-0.021960139274597168,0.250898102875371,1,P000,0.8488769531250001,0.15087890625,0.0,0.0,0.0,0.0,0.0,0.0,0.0,0.0,0.0,0.0,0.0,0.0,0.0,0.0,0.0,0.0,0.0,0.0,0.0,0.0,0.0,0.0,0.0,0.0
155.45177734375,66.7992077353288,1176.6851771358904,4966,0.07337890625,1.42431640625,1.1865234375,3.55322265625,0.0078125,0.274658203125,0.723388671875,0.6123046875,0.7973632812499999,31.13330078125,0.200927734375,0.498779296875,4.4033203125,0.604736328125,1.6557617187499998,0.546142578125,0.29052734375,0.021728515625,24.146240234375,0.97314453125,5.847412109375,0.357177734375,2.790771484375,1.97607421875,14.374999999999998,104.88862609863281,47.28243637084961,0.0,208.0,208.0,7.515071868896484,0.99910400390625,0.2671594023704529,0.025500714778900146,-0.02440512180328369,0.26948106185668314,2,P000,0.845703125,0.6044921875,0.149169921875,0.0,0.0,0.0,0.0,0.0,0.0,0.0,0.0,0.0,0.0,0.0,0.0,0.0,0.0,0.0,0.0,0.0,0.0,0.0,0.0,0.0,0.0,0.0
156.69214111328125,64.45369886680592,1077.7455910510957,4917,0.06830078125,0.880615234375,0.9055175781250001,3.794189453125,0.0078125,0.2109375,0.628662109375,0.49291992187500006,0.85986328125,29.903076171875,0.162841796875,0.40698242187500006,3.821533203125,0.34814453125,0.8574218749999999,0.39404296875,0.239990234375,0.02001953125,28.04150390625,0.735107421875,6.33251953125,0.29833984375,2.340576171875,1.464599609375,15.391113281249998,105.10665893554688,47.80547332763672,0.0,208.0,208.0,7.523324966430664,0.9983837890625,0.16897881031036377,0.017688751220703125,-0.015692830085754395,0.17062530635797898,3,P000,0.85791015625,0.41650390624999994,0.10229492187500001,0.0849609375,0.0,0.0,0.0,0.0,0.0,0.0,0.0,0.0,0.0,0.0,0.0,0.0,0.0,0.0,0.0,0.0,0.0,0.0,0.0,0.0,0.0,0.0
159.42211669921875,61.73910758887876,979.080430788845,4955,0.061279296875,0.675537109375,0.756591796875,4.036376953125,0.006835937500000001,0.179443359375,0.585205078125,0.433349609375,0.9526367187500001,32.190673828125,0.1376953125,0.358642578125,3.7114257812500004,0.166748046875,0.629638671875,0.51025390625,0.211181640625,0.02001953125,28.853759765624996,0.6142578125,4.199951171875,0.263916015625,2.0400390625,1.463134765625,14.7177734375,103.90879821777344,48.09751892089844,0.0,208.0,208.0,7.52444314956665,0.998583984375,0.07942056655883789,0.005505383014678955,-0.005652248859405518,0.07981155024076256,4,P000,0.775146484375,0.34375,0.08642578125,0.071044921875,1.008544921875,0.0,0.0,0.0,0.0,0.0,0.0,0.0,0.0,0.0,0.0,0.0,0.0,0.0,0.0,0.0,0.0,0.0,0.0,0.0,0.0,0.0
158.1457763671875,62.81711720617653,1111.9754690565526,4942,0.06470947265625,0.60595703125,0.68603515625,4.041015625,0.006835937500000001,0.17041015625,0.693603515625,0.408203125,2.158935546875,29.692138671875,0.1259765625,0.3271484375,6.029052734375,0.064697265625,0.55517578125,0.50390625,0.193115234375,0.019287109375,28.4970703125,0.545166015625,3.3862304687499996,0.24560546875,1.8876953124999998,2.151123046875,14.557861328125,103.0973892211914,48.321205139160156,0.0,208.0,208.0,7.539542198181152,0.99850341796875,0.12632369995117188,0.005650579929351807,-0.007347762584686279,0.1266633168596678,5,P000,0.7509765625,0.32763671875,0.083251953125,0.06787109375,1.218017578125,0.0,0.0,0.0,0.0,0.0,0.0,0.0,0.0,0.0,0.0,0.0,0.0,0.0,0.0,0.0,0.0,0.0,0.0,0.0,0.0,0.0
154.72147705078126,63.62236177353479,1235.0174560523033,4901,0.0728564453125,0.519287109375,0.609130859375,3.8623046874999996,0.00634765625,0.161865234375,1.68798828125,0.378173828125,3.3574218750000004,25.988037109375,0.111083984375,0.29296875,8.75,0.001220703125,0.47216796875,0.48974609374999994,0.176025390625,0.01708984375,29.08935546875,0.497314453125,2.5625,0.22265624999999997,1.70751953125,2.26123046875,14.296875,102.16548919677734,48.57737350463867,0.0,208.0,208.0,7.545722007751465,0.99843994140625,0.13231325149536133,0.004329562187194824,-0.00791919231414795,0.13262071948574244,6,P000,0.68798828125,0.301025390625,0.078857421875,0.06298828125,1.350830078125,0.0,0.0,0.0,0.0,0.0,0.0,0.0,0.0,0.0,0.0,0.0,0.0,0.0,0.0,0.0,0.0,0.0,0.0,0.0,0.0,0.0
152.9480810546875,63.655219138447265,1336.760033046627,4879,0.07710205078125,0.456787109375,0.55859375,3.487548828125,0.005615234375,0.145751953125,2.693603515625,0.358642578125,3.403564453125,23.1943359375,0.1025390625,0.267578125,10.6103515625,0.0,0.39086914062500006,0.429931640625,0.1611328125,0.016845703125,30.935302734374996,0.42919921874999994,2.019287109375,0.207275390625,1.6054687500000002,2.367431640625,13.92724609375,101.01011657714844,48.64218521118164,0.0,208.0,208.0,7.541385650634766,0.9983935546875,0.18029117584228516,0.004619896411895752,-0.015213310718536377,0.18099087367176603,7,P000,0.63134765625,0.280517578125,0.072509765625,0.05712890625,1.18359375,0.0,0.0,0.0,0.0,0.0,0.0,0.0,0.0,0.0,0.0,0.0,0.0,0.0,0.0,0.0,0.0,0.0,0.0,0.0,0.0,0.0
150.7084716796875,63.3131048797933,1385.7694345329705,4871,0.08313720703125,0.384033203125,0.50244140625,3.2207031249999996,0.006591796875,0.1298828125,3.6442871093750004,0.32470703125,3.3427734374999996,20.398193359375,0.09228515625,0.24902343749999997,12.274658203125,0.0,1.372314453125,0.46191406250000006,0.146728515625,0.043701171875,32.30224609375,0.384765625,1.542724609375,0.18505859375,1.47802734375,2.1103515625,13.178466796875,99.03019714355469,48.60183334350586,0.0,208.0,208.0,7.537458896636963,0.9975634765625,0.15188443660736084,0.002961456775665283,-0.019002318382263184,0.15309716004443205,8,P000,0.542724609375,0.24316406250000003,0.0634765625,0.04956054687499999,1.3251953125,0.0,0.0,0.0,0.0,0.0,0.0,0.0,0.0,0.0,0.0,0.0,0.0,0.0,0.0,0.0,0.0,0.0,0.0,0.0,0.0,0.0
150.88417236328124,62.62633754086847,1419.0309053174915,4875,0.0847802734375,0.329345703125,0.45556640625,3.501220703125,0.006591796875,0.115234375,4.22265625,0.29931640625,3.4365234375,22.3388671875,0.084716796875,0.23071289062499997,12.906494140625,0.0,1.369140625,0.45947265625,0.137939453125,0.05908203125,30.424560546875,0.34130859375,1.26513671875,0.164306640625,1.37353515625,1.740966796875,12.289794921875,98.15499877929688,48.46428298950195,0.0,208.0,208.0,7.536290645599365,0.998798828125,0.23226141929626465,0.002642333507537842,-0.04714202880859375,0.23701206657060858,9,P000,0.470458984375,0.21044921874999997,0.054931640625,0.04248046875,1.669189453125,0.0,0.0,0.0,0.0,0.0,0.0,0.0,0.0,0.0,0.0,0.0,0.0,0.0,0.0,0.0,0.0,0.0,0.0,0.0,0.0,0.0
157.7327587890625,63.73352175288764,1357.3334511755943,4868,0.08345703125,0.2548828125,1.097900390625,4.07861328125,0.006103515625,0.04833984375,4.984375,0.2626953125,3.756103515625,35.82275390625,0.072998046875,0.19677734375,12.6796875,0.0,0.721435546875,0.11474609375,0.121826171875,0.058349609375,24.901123046875,0.28125,0.9550781249999999,0.1328125,1.203857421875,1.043212890625,7.156494140625,97.63296508789062,49.24816131591797,0.0,208.0,208.0,7.550751686096191,0.99828369140625,0.13760614395141602,-8.600950241088867e-05,-0.04711043834686279,0.14544707508934612,10,P000,0.048583984375,0.0,0.0,0.0,0.0,0.0,0.0,0.0,0.0,0.0,0.0,0.0,0.0,0.0,0.0,0.0,0.0,0.0,0.0,0.0,0.0,0.0,0.0,0.0,0.0,0.0
160.3139404296875,62.90077962274232,1323.0979649047315,4798,0.0807568359375,0.219970703125,1.6801757812499998,3.9204101562500004,0.004638671875,0.046630859375,5.3212890625,0.24536132812500003,4.33251953125,40.376708984375,0.065185546875,0.183349609375,11.955078125,0.0,0.513671875,0.0,0.1142578125,0.05908203125,23.258544921875,0.254150390625,0.8244628906250001,0.113037109375,1.109375,0.510498046875,4.8916015625,97.24435424804688,49.160926818847656,0.0,208.0,208.0,7.558916091918945,0.99844970703125,0.10661745071411133,-0.0020757317543029785,-0.05367302894592285,0.11938334680901543,11,P000,0.0,0.0,0.0,0.0,0.0,0.0,0.0,0.0,0.0,0.0,0.0,0.0,0.0,0.0,0.0,0.0,0.0,0.0,0.0,0.0,0.0,0.0,0.0,0.0,0.0,0.0
160.505859375,61.35599235363222,1242.653515723175,4740,0.0778125,0.20434570312499997,1.654052734375,3.822998046875,0.005126953125,0.045166015625,5.5283203125,0.233642578125,4.43115234375,42.20849609375,0.06201171875,0.18115234375,11.103515625,0.0,0.361083984375,0.0,0.113037109375,0.0576171875,23.755615234375,0.245849609375,0.748291015625,0.103759765625,1.05859375,0.223388671875,3.852783203125,96.62674713134766,48.87901306152344,0.0,208.0,208.0,7.54493522644043,0.998603515625,0.14154362678527832,-0.009995043277740479,-0.10742878913879395,0.17797596441509037,12,P000,0.0,0.0,0.0,0.0,0.0,0.0,0.0,0.0,0.0,0.0,0.0,0.0,0.0,0.0,0.0,0.0,0.0,0.0,0.0,0.0,0.0,0.0,0.0,0.0,0.0,0.0
159.9417236328125,57.483687371514065,1084.3537562316656,4563,0.07191162109375,0.190673828125,1.185302734375,3.31103515625,0.0048828125,0.042724609375,6.2392578125,0.20166015625,3.444580078125,41.306640625,0.05859375,0.170166015625,9.593505859375,0.0,1.4423828125,0.0,0.115966796875,0.05981445312500001,27.438232421874996,0.23486328124999997,0.68310546875,0.093505859375,1.05224609375,0.05078125,3.080078125,100.89199829101562,49.964073181152344,0.0,208.0,208.0,7.575277328491211,0.99794921875,0.06133103370666504,-0.010425746440887451,-0.06800580024719238,0.09216821985716547,13,P000,0.0,0.0,0.0,0.0,0.0,0.0,0.0,0.0,0.0,0.0,0.0,0.0,0.0,0.0,0.0,0.0,0.0,0.0,0.0,0.0,0.0,0.0,0.0,0.0,0.0,0.0
157.2666064453125,55.78257474011155,1019.7993026399552,4618,0.07162109375,0.180908203125,0.70361328125,2.830322265625,0.005859375,0.043212890625,6.050048828125,0.179443359375,2.466796875,39.8671875,0.06127929687499999,0.176513671875,8.966796875,0.0,4.364013671875,0.0,0.12158203125000001,0.06298828125,28.793945312500004,0.247802734375,0.682373046875,0.090576171875,1.111572265625,0.021240234375,2.971923828125,103.82693481445312,49.50392532348633,0.0,208.0,208.0,7.572952747344971,0.99828125,0.06468725204467773,-0.021522819995880127,-0.09945487976074219,0.12057754959315771,14,P000,0.0,0.0,0.0,0.0,0.0,0.0,0.0,0.0,0.0,0.0,0.0,0.0,0.0,0.0,0.0,0.0,0.0,0.0,0.0,0.0,0.0,0.0,0.0,0.0,0.0,0.0
147.87072998046875,52.539738454799796,900.3610961900652,4522,0.0641162109375,0.160888671875,0.35693359375,2.4189453125,0.004638671875,0.04638671875,5.694091796875,0.132568359375,1.7324218749999998,57.793212890625,0.063232421875,0.176513671875,7.619873046875,0.0,2.216552734375,0.0,0.129150390625,0.064453125,16.286376953125,0.252197265625,0.70458984375,0.08349609375,1.169189453125,0.006103515625,2.737060546875,105.63687133789062,48.40217590332031,0.0,208.0,208.0,7.549769401550293,0.99859375,0.046257734298706055,-0.03424018621444702,-0.11103880405426025,0.12506711934097667,15,P000,0.0,0.0,0.0,0.0,0.0,0.151123046875,0.0,0.0,0.0,0.0,0.0,0.0,0.0,0.0,0.0,0.0,0.0,0.0,0.0,0.0,0.0,0.0,0.0,0.0,0.0,0.0
140.8907861328125,55.53409338762902,824.0184150700032,4464,0.0608544921875,0.134033203125,0.339111328125,2.3291015625,0.00537109375,0.04541015625,5.150390625,0.05859375,1.546142578125,55.081787109375,0.064208984375,0.1806640625,6.043212890625,0.0,0.86328125,0.0,0.136474609375,0.06225585937499999,19.94970703125,0.257568359375,0.730224609375,0.06982421875,1.201171875,0.040283203125,2.328125,107.93634796142578,47.918006896972656,0.0,208.0,208.0,7.537875652313232,0.9989208984375,0.03565382957458496,-0.08032792806625366,-0.19027388095855713,0.20958988851035237,16,P000,0.0,0.0,0.0,0.0,0.0,3.383056640625,0.0,0.0,0.0,0.0,0.0,0.0,0.0,0.0,0.0,0.0,0.0,0.0,0.0,0.0,0.0,0.0,0.0,0.0,0.0,0.0
137.40468017578124,51.389482933021405,618.138541135639,3837,0.04688232421875,0.08251953125,0.361083984375,2.429443359375,0.005126953125,0.03369140625,2.871826171875,0.0,1.434814453125,44.625,0.06225585937499999,0.154052734375,3.343017578125,0.0,0.019287109375,0.0,0.151123046875,0.0,34.485595703125,0.263671875,0.61865234375,0.05126953125,1.273681640625,1.42822265625,1.67529296875,107.55187225341797,47.23878860473633,0.0,208.0,208.0,7.522634506225586,0.9992333984375,-0.0067064762115478516,-0.13885465264320374,-0.2376483678817749,0.2753222441807277,17,P000,0.0,0.0,0.0,0.0,0.0,2.83251953125,1.47119140625,0.32666015625,0.0,0.0,0.0,0.0,0.0,0.0,0.0,0.0,0.0,0.0,0.0,0.0,0.0,0.0,0.0,0.0,0.0,0.0
128.5760107421875,50.285205462269886,301.7981225134791,1539,0.02753173828125,0.0,0.0,25.65380859375,0.0,0.576416015625,0.0,0.0,0.03076171875,19.607421875,0.0,0.0,0.44677734375,0.0,0.0,0.0,0.150390625,0.0,44.4521484375,0.0,0.0,0.0,0.0,0.7890625,0.11132812499999999,105.52228546142578,47.06904983520508,0.0,208.0,208.0,7.515632629394531,0.9991748046875,-0.0796656608581543,-0.15922928601503372,-0.1489633321762085,0.23214361369174752,18,P000,0.0,0.0,0.0,0.0,0.0,2.544921875,4.889892578125,0.7470703125,0.0,0.0,0.0,0.0,0.0,0.0,0.0,0.0,0.0,0.0,0.0,0.0,0.0,0.0,0.0,0.0,0.0,0.0
129.208359375,58.46119785575922,363.1785740545035,1704,0.027734375,0.0,0.0,32.64599609375,0.0,1.229248046875,0.0,0.0,0.0,4.892578125,0.0,0.0,0.313720703125,0.0,0.0,0.0,0.377685546875,0.0,46.723388671875,0.0,0.0,0.0,0.0,0.708984375,0.0,101.5732421875,47.604949951171875,0.0,208.0,208.0,7.5396833419799805,0.9989794921875,-0.10319995880126953,-0.10353465378284454,-0.06949877738952637,0.16186332533701436,19,P000,0.0,0.0,0.0,0.0,0.0,2.575927734375,9.38232421875,1.150146484375,0.0,0.0,0.0,0.0,0.0,0.0,0.0,0.0,0.0,0.0,0.0,0.0,0.0,0.0,0.0,0.0,0.0,0.0
139.36794677734375,56.580930599047235,357.96793885037897,1746,0.02780029296875,0.0,0.0,30.013671874999996,0.0,1.47607421875,0.0,0.0,0.0,5.97607421875,0.0,0.0,0.268310546875,0.0,0.0,0.0,0.481689453125,0.0,47.364013671875,0.0,0.0,0.0,0.0,0.796142578125,0.0,96.9446029663086,47.831825256347656,0.0,208.0,208.0,7.536718368530273,0.99880615234375,-0.12343287467956543,-0.08688385039567947,-0.04612565040588379,0.15783552716865087,20,P000,0.0,0.0,0.0,0.0,0.0,0.0,12.026123046875,1.597900390625,0.0,0.0,0.0,0.0,0.0,0.0,0.0,0.0,0.0,0.0,0.0,0.0,0.0,0.0,0.0,0.0,0.0,0.0
147.96371337890625,58.0709888017247,332.40126219496136,1658,0.02943115234375,0.0,0.0,24.077880859375,0.0,1.320556640625,0.0,0.0,0.0,6.871826171875001,0.0,0.0,0.278564453125,0.0,0.0,0.0,0.596923828125,0.0,48.096435546875,0.0,0.0,0.0,0.0,0.993408203125,0.0,92.39767456054688,47.43507385253906,0.0,208.0,208.0,7.509224891662598,0.9984619140625,-0.11171340942382812,-0.05769900977611542,-0.026599884033203125,0.1285169848884573,21,P000,0.0,0.0,0.0,0.0,0.0,0.0,15.61572265625,2.148681640625,0.0,0.0,0.0,0.0,0.0,0.0,0.0,0.0,0.0,0.0,0.0,0.0,0.0,0.0,0.0,0.0,0.0,0.0
154.989970703125,60.749728587349594,305.5555235002935,1555,0.02602783203125,0.0,0.0,17.1357421875,0.0,0.166015625,0.0,0.0,0.0,7.511962890625,0.0,0.0,0.341064453125,0.0,0.0,0.0,0.6787109375,0.0,49.47216796875,0.0,0.0,0.0,0.0,1.247802734375,0.0,89.3887710571289,46.965492248535156,0.0,208.0,208.0,7.484833240509033,0.9990283203125,-0.1716289520263672,-0.06511262059211731,-0.03020310401916504,0.18603327128885996,22,P000,0.0,0.0,0.0,0.0,0.0,0.0,20.955322265625,2.4912109375,0.0,0.0,0.0,0.0,0.0,0.0,0.0,0.0,0.0,0.0,0.0,0.0,0.0,0.0,0.0,0.0,0.0,0.0
170.88074462890626,54.10718546440132,287.63332737135283,1670,0.028369140625,0.0,0.0,3.824462890625,0.0,0.0,0.0,0.0,0.0,8.9375,0.0,0.0,0.698486328125,0.0,0.0,0.0,0.82373046875,0.0,49.726806640625,0.0,0.0,0.0,0.0,1.8571777343749998,0.0,93.28295135498047,49.01644515991211,0.0,208.0,208.0,7.542160987854004,0.997900390625,-0.22983741760253906,-0.06230916082859039,-0.0329127311706543,0.2403974166385297,23,P000,0.0,0.0,0.0,0.0,0.0,0.0,31.220947265625,2.910888671875,0.0,0.0,0.0,0.0,0.0,0.0,0.0,0.0,0.0,0.0,0.0,0.0,0.0,0.0,0.0,0.0,0.0,0.0
191.34150146484376,51.9670889156088,306.3580180525243,1790,0.0313525390625,0.0,0.0,0.44921874999999994,0.0,0.0,0.0,0.0,0.0,12.19677734375,0.0,0.0,1.22265625,0.0,0.0,0.0,1.125,0.0,46.224609375,0.0,0.0,0.0,0.0,3.79736328125,0.0,97.8794174194336,49.82320022583008,0.0,208.0,208.0,7.56587553024292,0.9980615234375,-0.14365744590759277,-0.03072834014892578,-0.01852703094482422,0.1480707382592236,24,P000,0.0,0.0,0.0,0.0,0.0,0.0,31.794189453125,3.1901855468749996,0.0,0.0,0.0,0.0,0.0,0.0,0.0,0.0,0.0,0.0,0.0,0.0,0.0,0.0,0.0,0.0,0.0,0.0
188.967314453125,54.32804016579825,313.91402824285024,2088,0.02964111328125,0.0,0.0,0.9553222656250001,0.0,0.0,0.0,0.0,0.0,15.88037109375,0.0,0.0,1.7087402343749998,0.0,0.0,0.0,1.4140625,0.0,41.077392578125,0.0,0.0,0.0,0.0,6.1533203125,0.0,99.89773559570312,50.06428527832031,0.0,208.0,208.0,7.571713447570801,0.9976416015625,-0.22185277938842773,-0.038270652294158936,-0.02625107765197754,0.22665484249687,25,P000,0.0,0.0,0.0,0.0,0.0,0.0,30.28662109375,2.524169921875,0.0,0.0,0.0,0.0,0.0,0.0,0.0,0.0,0.0,0.0,0.0,0.0,0.0,0.0,0.0,0.0,0.0,0.0
180.03734619140624,55.46895140181989,362.9440990717352,2556,0.029345703125,0.0,0.0,1.8293457031250002,0.0,0.0,0.0,0.0,0.0,20.63623046875,0.0,0.0,2.9248046875,0.0,0.0,0.0,2.120849609375,0.0,34.101806640625,0.0,0.0,0.0,0.0,9.202392578125,0.0,103.48950958251953,49.72858428955078,0.0,208.0,208.0,7.577598571777344,0.9976806640625,-0.23315691947937012,-0.027544379234313965,-0.024236202239990234,0.23602592109243192,26,P000,0.0,0.0,0.0,0.0,0.0,0.0,27.731445312500004,1.453125,0.0,0.0,0.0,0.0,0.0,0.0,0.0,0.0,0.0,0.0,0.0,0.0,0.0,0.0,0.0,0.0,0.0,0.0
163.07614013671875,60.90295824740413,554.6767597491681,3567,0.03580810546875,0.0,0.0,1.9853515624999998,0.0,0.0,0.0,0.0,0.0,23.689453125,0.0,0.0,8.0419921875,0.0,0.0,0.0,2.545166015625,0.0,21.777587890625,0.0,0.0,0.0,0.0,15.445068359375,0.0,103.337646484375,48.285709381103516,0.0,208.0,208.0,7.554847717285156,0.9986279296875,-0.32552629709243774,-0.003236144781112671,-0.02469611167907715,0.32647777973979153,27,P000,0.0,0.0,0.0,0.0,0.0,0.0,25.588623046874996,0.9267578125,0.0,0.0,0.0,0.0,0.0,0.0,0.0,0.0,0.0,0.0,0.0,0.0,0.0,0.0,0.0,0.0,0.0,0.0
154.35940673828125,61.72991219584419,596.7556930812834,3241,0.03421630859375,0.0,0.0,1.5932617187500002,0.0,0.0,0.001953125,0.0,0.0,19.055419921875,0.0,0.0,9.35498046875,0.0,0.0,0.0,3.5039062500000004,0.0,25.826171874999996,0.0,0.0,0.0,0.0,17.151611328125,0.0,100.64393615722656,47.82045364379883,0.0,208.0,208.0,7.542104721069336,0.99888916015625,-0.2604525685310364,0.038414984941482544,-0.011669397354125977,0.26352879606805213,28,P000,0.0,0.0,0.0,0.0,0.0,0.0,23.296630859375,0.216064453125,0.0,0.0,0.0,0.0,0.0,0.0,0.0,0.0,0.0,0.0,0.0,0.0,0.0,0.0,0.0,0.0,0.0,0.0
148.658642578125,53.63122963808813,397.65432859253303,1515,0.0280615234375,0.0,0.0,1.61669921875,0.0,0.0,0.00732421875,0.0,0.0,25.839111328124996,0.0,0.0,4.8330078125,0.0,0.0,0.0,5.4130859375,0.0,33.821533203125,0.0,0.0,0.0,0.0,7.807128906249999,0.0,98.6546859741211,48.13295364379883,0.0,208.0,208.0,7.54405403137207,0.9987451171875,-0.2511289119720459,0.05856722593307495,-0.009570121765136719,0.2580454177317609,29,P000,0.0,0.0,0.0,0.0,0.0,0.0,20.662109375,0.0,0.0,0.0,0.0,0.0,0.0,0.0,0.0,0.0,0.0,0.0,0.0,0.0,0.0,0.0,0.0,0.0,0.0,0.0
144.167421875,41.109058308284034,131.3215698087156,426,0.02072998046875,0.0,0.0,1.18408203125,0.0,0.0,0.0,0.0,0.0,24.355224609375,0.0,0.0,0.0,0.0,0.0,0.0,10.3076171875,0.0,49.619140625,0.0,0.0,0.0,0.0,0.0,0.0,98.29869079589844,48.47842788696289,0.0,208.0,208.0,7.547746658325195,0.99828369140625,-0.16356992721557617,0.04210461676120758,-0.006618499755859375,0.16903172595975988,30,P000,0.0,0.0,0.0,0.0,0.0,0.0,14.533935546874998,0.0,0.0,0.0,0.0,0.0,0.0,0.0,0.0,0.0,0.0,0.0,0.0,0.0,0.0,0.0,0.0,0.0,0.0,0.0
135.4434326171875,38.744085717189,115.90947992667556,315,0.02091552734375,0.0,0.0,1.351806640625,0.0,0.0,0.0,0.0,0.0,31.729492187500004,0.0,0.0,0.0,0.0,0.0,0.0,13.920898437500002,0.0,45.134765625,0.0,0.0,0.0,0.0,0.0,0.0,95.18771362304688,48.43714904785156,0.0,208.0,208.0,7.531883239746094,0.998134765625,-0.1064453274011612,0.028281226754188538,-0.00435185432434082,0.11022419946782336,31,P000,0.0,0.0,0.0,0.0,0.0,0.0,7.863037109375,0.0,0.0,0.0,0.0,0.0,0.0,0.0,0.0,0.0,0.0,0.0,0.0,0.0,0.0,0.0,0.0,0.0,0.0,0.0
131.2628515625,36.95516618138242,96.311967208004,236,0.0214306640625,0.0,0.0,0.758544921875,0.0,0.0,0.0,0.0,0.0,39.055419921875,0.0,0.0,0.0,0.0,0.0,0.0,15.116455078124998,0.0,41.46875,0.0,0.0,0.0,0.0,0.0,0.0,93.44886779785156,48.855796813964844,0.0,208.0,208.0,7.54229211807251,0.99820068359375,-0.07709662616252899,0.020801037549972534,-0.003135204315185547,0.07991497003001424,32,P000,0.0,0.0,0.0,0.0,0.0,0.0,3.600830078125,0.0,0.0,0.0,0.0,0.0,0.0,0.0,0.0,0.0,0.0,0.0,0.0,0.0,0.0,0.0,0.0,0.0,0.0,0.0
129.1150341796875,36.399900593700174,84.81482665285468,161,0.0221142578125,0.0,0.0,0.289794921875,0.0,0.0,0.0,0.0,0.0,46.281005859375,0.0,0.0,0.0,0.0,0.0,0.0,14.074951171875,0.0,38.40283203125,0.0,0.0,0.0,0.0,0.0,0.0,92.1061782836914,49.27217483520508,0.0,208.0,208.0,7.536501884460449,0.9982666015625,-0.012437436729669571,0.003377065062522888,-0.0005025863647460938,0.012897557671709598,33,P000,0.0,0.0,0.0,0.0,0.0,0.0,0.951416015625,0.0,0.0,0.0,0.0,0.0,0.0,0.0,0.0,0.0,0.0,0.0,0.0,0.0,0.0,0.0,0.0,0.0,0.0,0.0
129.0339990234375,35.91361748995557,82.79848775286077,156,0.02076416015625,0.0,0.0,0.20703125,0.0,0.0,0.0,0.0,0.0,47.478515625,0.0,0.0,0.0,0.0,0.0,0.0,13.244384765625,0.0,38.40576171875,0.0,0.0,0.0,0.0,0.0,0.0,91.65442657470703,49.301055908203125,0.0,208.0,208.0,7.531528472900391,0.9983251953125,-0.07423232961446047,0.020258411765098572,-0.002969503402709961,0.0770042853203177,34,P000,0.0,0.0,0.0,0.0,0.0,0.0,0.664306640625,0.0,0.0,0.0,0.0,0.0,0.0,0.0,0.0,0.0,0.0,0.0,0.0,0.0,0.0,0.0,0.0,0.0,0.0,0.0
128.2617626953125,33.64796941162598,73.99938474950794,149,0.02007568359375,0.0,0.0,0.00390625,0.0,0.0,0.0,0.0,0.0,54.16992187500001,0.0,0.0,0.0,0.0,0.0,0.0,10.825927734375,0.0,34.97705078125,0.0,0.0,0.0,0.0,0.0,0.0,91.83444213867188,50.400089263916016,0.0,208.0,208.0,7.515519618988037,0.9965478515625,-0.026285707019269466,0.007211610674858093,-0.0010342597961425781,0.027276645969666363,35,P000,0.0,0.0,0.0,0.0,0.0,0.0,0.023193359375,0.0,0.0,0.0,0.0,0.0,0.0,0.0,0.0,0.0,0.0,0.0,0.0,0.0,0.0,0.0,0.0,0.0,0.0,0.0
128.4052490234375,32.18548054627471,65.57902824554444,110,0.01956298828125,0.0,0.0,0.0,0.0,0.0,0.0,0.0,0.0,56.21142578125,0.0,0.0,0.0,0.0,0.0,0.0,9.576904296875,0.0,34.211669921875,0.0,0.0,0.0,0.0,0.0,0.0,94.33236694335938,51.2287483215332,0.0,208.0,208.0,7.535393238067627,0.99638671875,-0.10595313459634781,0.029210753738880157,-0.004008769989013672,0.10997911211502898,36,P000,0.0,0.0,0.0,0.0,0.0,0.0,0.0,0.0,0.0,0.0,0.0,0.0,0.0,0.0,0.0,0.0,0.0,0.0,0.0,0.0,0.0,0.0,0.0,0.0,0.0,0.0
127.488955078125,32.199436880659505,41.40639861320853,62,0.014248046875,0.0,0.0,0.0,0.0,0.0,0.0,0.0,0.0,67.482666015625,0.0,0.0,0.0,0.0,0.0,0.0,5.0966796875,0.0,27.420654296875004,0.0,0.0,0.0,0.0,0.0,0.0,102.98485565185547,52.285606384277344,0.0,208.0,208.0,7.571906089782715,0.9968115234375,-0.12248548865318298,0.033707521855831146,-0.0037720203399658203,0.12709492553880924,37,P000,0.0,0.0,0.0,0.0,0.0,0.0,0.0,0.0,0.0,0.0,0.0,0.0,0.0,0.0,0.0,0.0,0.0,0.0,0.0,0.0,0.0,0.0,0.0,0.0,0.0,0.0
130.2751318359375,34.96668106776406,34.3791698444128,20,0.00993896484375,0.0,0.0,0.0,0.0,0.0,0.0,0.0,0.0,83.878173828125,0.0,0.0,0.0,0.0,0.0,0.0,0.234619140625,0.0,15.88720703125,0.0,0.0,0.0,0.0,0.0,0.0,113.73480224609375,49.49774932861328,0.0,208.0,208.0,7.466001987457275,0.99693359375,-0.04290497303009033,0.011402856558561325,-0.0005123615264892578,0.044397346347971406,38,P000,0.0,0.0,0.0,0.0,0.0,0.0,0.0,0.0,0.0,0.0,0.0,0.0,0.0,0.0,0.0,0.0,0.0,0.0,0.0,0.0,0.0,0.0,0.0,0.0,0.0,0.0
134.014140625,33.261541116213145,25.266207185024026,14,0.007431640625,0.0,0.0,0.0,0.0,0.0,0.0,0.0,0.0,89.63623046875,0.0,0.0,0.0,0.0,0.0,0.0,0.0,0.0,10.36376953125,0.0,0.0,0.0,0.0,0.0,0.0,117.33688354492188,46.89084243774414,0.0,208.0,208.0,7.42330265045166,0.99791748046875,-0.015682995319366455,-0.0005560293793678284,0.003953218460083008,0.016183122289939338,39,P000,0.0,0.0,0.0,0.0,0.0,0.0,0.0,0.0,0.0,0.0,0.0,0.0,0.0,0.0,0.0,0.0,0.0,0.0,0.0,0.0,0.0,0.0,0.0,0.0,0.0,0.0
136.60193603515626,31.454160046646443,22.936923768520355,12,0.00649658203125,0.0,0.0,0.0,0.0,0.0,0.0,0.0,0.0,92.899658203125,0.0,0.0,0.0,0.0,0.0,0.0,0.111572265625,0.0,6.98876953125,0.0,0.0,0.0,0.0,0.0,0.0,115.40648651123047,46.965110778808594,0.0,208.0,208.0,7.418529510498047,0.9981103515625,0.02093583345413208,-0.00970744714140892,0.0020608901977539062,0.023168748797239836,40,P000,0.0,0.0,0.0,0.0,0.0,0.0,0.0,0.0,0.0,0.0,0.0,0.0,0.0,0.0,0.0,0.0,0.0,0.0,0.0,0.0,0.0,0.0,0.0,0.0,0.0,0.0
135.38204345703124,31.141733584194867,29.705366087341304,21,0.0085205078125,0.0,0.0,0.0,0.0,0.0,0.0,0.0,0.0,89.12353515625,0.0,0.0,0.0,0.0,0.0,0.0,1.8330078125,0.0,9.04345703125,0.0,0.0,0.0,0.0,0.0,0.0,112.58334350585938,48.28635025024414,0.0,208.0,208.0,7.485825061798096,0.9980859375,0.007890760898590088,-0.0039364248514175415,0.0005667209625244141,0.008836329601081008,41,P000,0.0,0.0,0.0,0.0,0.0,0.0,0.0,0.0,0.0,0.0,0.0,0.0,0.0,0.0,0.0,0.0,0.0,0.0,0.0,0.0,0.0,0.0,0.0,0.0,0.0,0.0
135.104306640625,30.733610406219512,32.354350134634984,23,0.0110888671875,0.0,0.0,0.0,0.0,0.0,0.0,0.0,0.0,86.87451171875,0.0,0.0,0.0,0.0,0.0,0.0,2.976318359375,0.0,10.149169921875,0.0,0.0,0.0,0.0,0.0,0.0,111.89779663085938,48.52671432495117,0.0,208.0,208.0,7.502897262573242,0.998193359375,0.0321907103061676,-0.01386278122663498,0.0012674331665039062,0.03507171111002003,42,P000,0.0,0.0,0.0,0.0,0.0,0.0,0.0,0.0,0.0,0.0,0.0,0.0,0.0,0.0,0.0,0.0,0.0,0.0,0.0,0.0,0.0,0.0,0.0,0.0,0.0,0.0
132.422724609375,32.29688203311395,33.097502047723516,29,0.0091650390625,0.0,0.0,0.0,0.0,0.0,0.0,0.0,0.0,84.5869140625,0.0,0.0,0.0,0.0,0.0,0.0,3.292724609375,0.0,12.120361328125,0.0,0.0,0.0,0.0,0.0,0.0,111.78216552734375,49.52967071533203,0.0,208.0,208.0,7.519940376281738,0.99758544921875,0.10353881120681763,-0.02468027174472809,0.0007457733154296875,0.10644227269911449,43,P000,0.0,0.0,0.0,0.0,0.0,0.0,0.0,0.0,0.0,0.0,0.0,0.0,0.0,0.0,0.0,0.0,0.0,0.0,0.0,0.0,0.0,0.0,0.0,0.0,0.0,0.0
127.94654052734376,32.782017328883065,45.810749364799264,75,0.0167041015625,0.0,0.0,0.0,0.0,0.0,0.0,0.0,0.0,69.76806640625,0.0,0.0,0.0,0.0,0.0,0.0,5.14208984375,0.0,25.08984375,0.0,0.0,0.0,0.0,0.0,0.0,104.43805694580078,52.19807052612305,0.0,208.0,208.0,7.565861701965332,0.9968701171875,0.08595016598701477,-0.011914461851119995,4.410743713378906e-05,0.08677204261663543,44,P000,0.0,0.0,0.0,0.0,0.0,0.0,0.0,0.0,0.0,0.0,0.0,0.0,0.0,0.0,0.0,0.0,0.0,0.0,0.0,0.0,0.0,0.0,0.0,0.0,0.0,0.0
128.159892578125,29.944980077208236,48.98269454002383,136,0.02117919921875,0.0,0.0,0.0,0.0,0.0,0.0,0.0,0.0,59.19360351562501,0.0,0.0,0.0,0.0,0.0,0.0,5.25927734375,0.0,35.547119140625,0.0,0.0,0.0,0.0,0.0,0.0,96.95043182373047,51.90407943725586,0.0,208.0,208.0,7.562078475952148,0.99658935546875,0.1276940144598484,-0.012359946966171265,-1.6689300537109375e-06,0.12829080099782628,45,P000,0.0,0.0,0.0,0.0,0.0,0.0,0.0,0.0,0.0,0.0,0.0,0.0,0.0,0.0,0.0,0.0,0.0,0.0,0.0,0.0,0.0,0.0,0.0,0.0,0.0,0.0
130.7504443359375,27.56205901181068,68.50238961095214,248,0.020859375,0.0,0.0,0.0,0.0,0.0,0.0,0.0,0.0,48.28662109375,0.0,0.0,0.0,0.0,0.0,0.0,6.783447265625001,0.0,44.929931640625,0.0,0.0,0.0,0.0,0.0,0.0,92.1831283569336,49.40747833251953,0.0,208.0,208.0,7.522110939025879,0.9980908203125,0.04059761390089989,-0.003175586462020874,4.76837158203125e-07,0.040721623298337256,46,P000,0.0,0.0,0.0,0.0,0.0,0.0,0.0,0.0,0.0,0.0,0.0,0.0,0.0,0.0,0.0,0.0,0.0,0.0,0.0,0.0,0.0,0.0,0.0,0.0,0.0,0.0
131.67145751953126,27.151227901105067,74.37201972045898,230,0.01983642578125,0.0,0.0,0.0,0.0,0.0,0.0,0.0,0.0,45.609375,0.0,0.0,0.0,0.0,0.0,0.0,6.607177734375,0.0,47.783447265625,0.0,0.0,0.0,0.0,0.0,0.0,93.09520721435547,49.073158264160156,0.0,208.0,208.0,7.530904769897461,0.998369140625,0.050545647740364075,-0.0035961419343948364,-4.76837158203125e-07,0.050673412580293606,47,P000,0.0,0.0,0.0,0.0,0.0,0.0,0.0,0.0,0.0,0.0,0.0,0.0,0.0,0.0,0.0,0.0,0.0,0.0,0.0,0.0,0.0,0.0,0.0,0.0,0.0,0.0
132.80506103515626,27.5762555009256,86.18503547238709,180,0.02413330078125,0.0,0.0,0.0,0.0,0.0,0.0,0.0,0.0,42.732666015625,0.0,0.0,0.0,0.0,0.0,0.0,6.931884765625,0.0,50.33544921874999,0.0,0.0,0.0,0.0,0.0,0.0,93.7909927368164,48.85922622680664,0.0,208.0,208.0,7.53292179107666,0.99876708984375,0.05473107099533081,-0.0034949779510498047,0.0,0.05484254738042595,48,P000,0.0,0.0,0.0,0.0,0.0,0.0,0.0,0.0,0.0,0.0,0.0,0.0,0.0,0.0,0.0,0.0,0.0,0.0,0.0,0.0,0.0,0.0,0.0,0.0,0.0,0.0
133.8143115234375,29.059593390683553,99.11474645327924,166,0.02178466796875,0.0,0.0,0.000244140625,0.0,0.0,0.0,0.0,0.0,39.96533203125,0.0,0.0,0.0,0.0,0.0,0.0,7.364990234375,0.0,52.66943359375,0.0,0.0,0.0,0.0,0.0,0.0,94.51315307617188,48.32373809814453,0.0,208.0,208.0,7.533916473388672,0.998271484375,0.12554769217967987,-0.0066118985414505005,0.0,0.1257216775817364,49,P000,0.0,0.0,0.0,0.0,0.0,0.0,0.0,0.0,0.0,0.0,0.0,0.0,0.0,0.0,0.0,0.0,0.0,0.0,0.0,0.0,0.0,0.0,0.0,0.0,0.0,0.0
137.18896484375,33.573151392686746,116.60860741593838,203,0.0221044921875,0.0,0.0,0.35595703125,0.0,0.0,0.0,0.0,0.0,33.430419921875,0.0,0.0,0.0,0.0,0.0,0.0,8.91015625,0.0,56.802001953125,0.0,0.0,0.0,0.0,0.0,0.0,97.08439636230469,47.951263427734375,0.0,208.0,208.0,7.513646125793457,0.99869140625,0.04604661464691162,-0.0019531846046447754,0.0,0.046088020683698244,50,P000,0.0,0.0,0.0,0.0,0.0,0.0,0.50146484375,0.0,0.0,0.0,0.0,0.0,0.0,0.0,0.0,0.0,0.0,0.0,0.0,0.0,0.0,0.0,0.0,0.0,0.0,0.0
139.38475830078124,33.987093650096774,121.0084716710806,277,0.0237451171875,0.0,0.0,0.335205078125,0.0,0.0,0.0,0.0,0.0,31.660400390625,0.0,0.0,0.0,0.0,0.0,0.0,8.9921875,0.0,58.06494140625,0.0,0.0,0.0,0.0,0.0,0.0,97.89125061035156,47.906131744384766,0.0,208.0,208.0,7.515580654144287,0.99869384765625,0.06539294123649597,-0.0023302286863327026,0.0,0.06543444604556856,51,P000,0.0,0.0,0.0,0.0,0.0,0.0,0.9472656249999999,0.0,0.0,0.0,0.0,0.0,0.0,0.0,0.0,0.0,0.0,0.0,0.0,0.0,0.0,0.0,0.0,0.0,0.0,0.0
142.143212890625,33.425525788649104,130.04083468660713,258,0.02579345703125,0.0,0.0,0.15576171875,0.0,0.0,0.0,0.0,0.0,30.797607421875,0.0,0.0,0.0,0.0,0.0,0.0,8.324951171875,0.0,59.02539062499999,0.0,0.0,0.0,0.0,0.0,0.0,99.28724670410156,47.84996795654297,0.0,208.0,208.0,7.516609191894531,0.99876220703125,0.11715137958526611,-0.0027822256088256836,4.76837158203125e-07,0.11718441243739239,52,P000,0.0,0.0,0.0,0.0,0.0,0.0,1.6962890625,0.0,0.0,0.0,0.0,0.0,0.0,0.0,0.0,0.0,0.0,0.0,0.0,0.0,0.0,0.0,0.0,0.0,0.0,0.0
145.28399169921875,34.1578567151824,137.27986380643245,358,0.02844970703125,0.0,0.0,0.07470703125,0.0,0.0,0.0,0.0,0.0,35.8740234375,0.0,0.0,0.0,0.0,0.0,0.0,7.423583984375,0.0,52.091064453125,0.0,0.0,0.0,0.0,1.29638671875,0.0,100.42520141601562,47.87451934814453,0.0,208.0,208.0,7.530557632446289,0.99874755859375,0.09299874305725098,-0.0007269233465194702,-1.430511474609375e-06,0.0930015840178363,53,P000,0.0,0.0,0.0,0.0,0.0,0.0,3.240234375,0.0,0.0,0.0,0.0,0.0,0.0,0.0,0.0,0.0,0.0,0.0,0.0,0.0,0.0,0.0,0.0,0.0,0.0,0.0
149.21701171875,38.833991893980425,209.62504150390032,534,0.029892578125,0.0,0.0,0.066650390625,0.0,0.0,0.0,0.0,0.0,35.919677734375,0.0,0.0,0.517578125,0.0,0.0,0.0,7.314208984374999,0.0,45.1650390625,0.0,0.0,0.0,0.0,6.489501953125,0.0,99.76709747314453,47.97954559326172,0.0,208.0,208.0,7.530976295471191,0.9988720703125,0.06827491521835327,0.000498354434967041,9.5367431640625e-07,0.06827673400306779,54,P000,0.0,0.0,0.0,0.0,0.0,0.0,4.52734375,0.0,0.0,0.0,0.0,0.0,0.0,0.0,0.0,0.0,0.0,0.0,0.0,0.0,0.0,0.0,0.0,0.0,0.0,0.0
153.14021484375,41.77406746828069,219.15825188615324,455,0.02763427734375,0.0,0.0,0.225830078125,0.0,0.0,0.0,0.0,0.0,33.489501953125,0.0,0.0,0.4921875,0.0,0.0,0.0,8.710693359375,0.0,40.348388671875,0.0,0.0,0.0,0.0,10.59326171875,0.0,98.0291976928711,47.860023498535156,0.0,208.0,208.0,7.529111385345459,0.99881103515625,0.02586209774017334,0.000456005334854126,1.6689300537109375e-06,0.025866117667191997,55,P000,0.0,0.0,0.0,0.0,0.0,0.0,6.14013671875,0.0,0.0,0.0,0.0,0.0,0.0,0.0,0.0,0.0,0.0,0.0,0.0,0.0,0.0,0.0,0.0,0.0,0.0,0.0
154.338603515625,42.23296648366971,195.9705924849451,461,0.02572265625,0.0,0.0,0.45751953124999994,0.0,0.0,0.0,0.0,0.0,31.426025390625,0.0,0.0,0.205322265625,0.0,0.0,0.0,9.9775390625,0.0,38.760498046875,0.0,0.0,0.0,0.0,11.009765625,0.0,97.46321105957031,47.930885314941406,0.0,208.0,208.0,7.5269904136657715,0.99890869140625,0.08679759502410889,0.002992480993270874,-4.76837158203125e-06,0.08684916503456822,56,P000,0.0,0.0,0.0,0.0,0.0,0.0,8.163330078125,0.0,0.0,0.0,0.0,0.0,0.0,0.0,0.0,0.0,0.0,0.0,0.0,0.0,0.0,0.0,0.0,0.0,0.0,0.0
158.7798193359375,44.065141731165156,256.0292824390173,626,0.0255322265625,0.0,0.0,0.305908203125,0.0,0.0,0.0,0.0,0.0,29.117431640625004,0.0,0.0,0.58154296875,0.0,0.0,0.0,7.73486328125,0.0,34.64794921875,0.0,0.0,0.0,0.0,15.342285156249998,0.0,96.80950927734375,47.73773956298828,0.0,208.0,208.0,7.517819404602051,0.99925537109375,0.026736557483673096,0.0015034228563308716,-6.9141387939453125e-06,0.026778794486832472,57,P000,0.0,0.0,0.0,0.0,0.0,0.0,12.27001953125,0.0,0.0,0.0,0.0,0.0,0.0,0.0,0.0,0.0,0.0,0.0,0.0,0.0,0.0,0.0,0.0,0.0,0.0,0.0
159.55710693359376,44.94592112430446,274.1917128356933,637,0.02673828125,0.0,0.0,0.27978515625,0.0,0.0,0.0,0.0,0.0,29.44189453125,0.0,0.0,0.9013671875,0.0,0.0,0.0,7.739990234374999,0.0,34.04296875,0.0,0.0,0.0,0.0,17.421875,0.0,97.56724548339844,47.55601119995117,0.0,208.0,208.0,7.51215124130249,0.9991357421875,0.048185646533966064,0.003486350178718567,8.58306884765625e-06,0.048311605677456404,58,P000,0.0,0.0,0.0,0.0,0.0,0.0,10.149169921875,0.02294921875,0.0,0.0,0.0,0.0,0.0,0.0,0.0,0.0,0.0,0.0,0.0,0.0,0.0,0.0,0.0,0.0,0.0,0.0
160.80065185546874,46.83967240701176,330.35173290405277,877,0.0275634765625,0.0,0.0,0.23876953124999997,0.0,0.0,0.0,0.0,0.0,30.2568359375,0.0,0.0,1.454345703125,0.0,0.0,0.0,8.021728515625,0.0,32.9677734375,0.0,0.0,0.0,0.0,21.288818359375,0.0,98.97900390625,47.2493896484375,0.0,208.0,208.0,7.508631706237793,0.9992578125,0.01363527774810791,0.0011680573225021362,1.4543533325195312e-05,0.013685224466228501,59,P000,0.0,0.0,0.0,0.0,0.0,0.0,5.513427734375,0.25830078125,0.0,0.0,0.0,0.0,0.0,0.0,0.0,0.0,0.0,0.0,0.0,0.0,0.0,0.0,0.0,0.0,0.0,0.0
161.7876513671875,47.715697664038764,345.08906470059753,849,0.0273486328125,0.0,0.0,0.238037109375,0.0,0.0,0.0,0.0,0.0,32.44775390625,0.0,0.0,1.6550292968750002,0.0,0.0,0.0,6.40869140625,0.0,33.632568359375,0.0,0.0,0.0,0.0,23.79833984375,0.0,99.7696304321289,47.15900802612305,0.0,208.0,208.0,7.51713752746582,0.99926513671875,0.06294173002243042,0.0064598917961120605,0.00019884109497070312,0.06327267275858547,60,P000,0.0,0.0,0.0,0.0,0.0,0.0,1.47265625,0.346923828125,0.0,0.0,0.0,0.0,0.0,0.0,0.0,0.0,0.0,0.0,0.0,0.0,0.0,0.0,0.0,0.0,0.0,0.0
164.339267578125,48.606417461163204,392.0013617674768,1120,0.03005615234375,0.0,0.0,0.00439453125,0.0,0.0,0.0,0.0,0.0,32.653076171875,0.0,0.0,2.368896484375,0.0,0.0,0.0,4.13720703125,0.0,32.9033203125,0.0,0.0,0.0,0.0,26.8115234375,0.0,100.66213989257812,47.22041320800781,0.0,208.0,208.0,7.520506858825684,0.9993310546875,0.03302520513534546,0.004117101430892944,0.0002334117889404297,0.033281664313659635,61,P000,0.0,0.0,0.0,0.0,0.0,0.0,0.186279296875,0.935302734375,0.0,0.0,0.0,0.0,0.0,0.0,0.0,0.0,0.0,0.0,0.0,0.0,0.0,0.0,0.0,0.0,0.0,0.0
165.97155029296874,48.546706314971956,394.9839049431742,1189,0.03037841796875,0.0,0.0,0.0,0.0,0.0,0.0,0.0,0.0,32.397216796875,0.0,0.0,2.801513671875,0.0,0.0,0.0,2.6328125,0.0,32.73974609375,0.0,0.0,0.0,0.0,28.132080078125,0.0,101.12032318115234,47.229820251464844,0.0,208.0,208.0,7.522314548492432,0.9993505859375,0.07466506958007812,0.011063486337661743,0.0010845661163330078,0.07548807607166998,62,P000,0.0,0.0,0.0,0.0,0.0,0.0,0.0400390625,1.256591796875,0.0,0.0,0.0,0.0,0.0,0.0,0.0,0.0,0.0,0.0,0.0,0.0,0.0,0.0,0.0,0.0,0.0,0.0
165.491318359375,51.066580197871865,443.41793610977516,1689,0.031298828125,0.0,0.0,0.0,0.0,0.0,0.0,0.0,0.0,31.033447265625004,0.0,0.0,3.919189453125,0.0,0.0,0.0,3.15625,0.0,30.928955078124996,0.0,0.0,0.0,0.0,28.926025390625,0.0,102.63179779052734,47.310813903808594,0.0,208.0,208.0,7.524003028869629,0.999326171875,0.14123499393463135,0.025021694600582123,0.005811452865600586,0.14355201739024517,63,P000,0.0,0.0,0.0,0.0,0.0,0.0,0.07861328125,1.9575195312500002,0.0,0.0,0.0,0.0,0.0,0.0,0.0,0.0,0.0,0.0,0.0,0.0,0.0,0.0,0.0,0.0,0.0,0.0
162.01489501953125,54.09817117361547,570.5334815001488,2633,0.03725341796875,0.0,0.0,0.01611328125,0.0,0.0,0.0,0.0,0.0,33.11181640625,0.0,0.0,6.043212890625,0.0,0.0,0.0,4.71533203125,0.0,27.548583984375004,0.0,0.0,0.0,0.0,23.052001953125,0.0,106.30535888671875,47.206756591796875,0.0,208.0,208.0,7.520975112915039,0.99923583984375,0.06387865543365479,0.010834813117980957,0.004923582077026367,0.06497782279964744,64,P000,0.0,0.0,0.0,0.0,0.0,0.0,2.383056640625,3.1298828124999996,0.0,0.0,0.0,0.0,0.0,0.0,0.0,0.0,0.0,0.0,0.0,0.0,0.0,0.0,0.0,0.0,0.0,0.0
160.93233154296874,54.88506913584358,598.0506346350671,2946,0.03959228515625,0.0,0.0,0.141845703125,0.0,0.0,0.0,0.0,0.0,32.38134765625,0.0,0.0,6.964111328125,0.0,0.0,0.0,4.10595703125,0.0,27.437499999999996,0.0,0.0,0.0,0.0,18.343017578125,0.0,108.2301254272461,47.337013244628906,0.0,208.0,208.0,7.519304275512695,0.99940185546875,0.0975799560546875,0.012886561453342438,0.010399818420410156,0.09897508531394665,65,P000,0.0,0.0,0.0,0.0,0.0,0.0,7.300537109374999,3.32568359375,0.0,0.0,0.0,0.0,0.0,0.0,0.0,0.0,0.0,0.0,0.0,0.0,0.0,0.0,0.0,0.0,0.0,0.0
162.81010498046874,54.856419850080236,548.5028382379472,3071,0.03796630859375,0.0,0.0,0.143310546875,0.0,0.0,0.0,0.0,0.0,27.449951171874996,0.0,0.0,6.876708984375,0.0,0.0,0.0,3.124755859375,0.0,34.33056640625,0.0,0.0,0.0,0.0,12.501464843749998,0.0,108.39905548095703,48.19962692260742,0.0,208.0,208.0,7.542524814605713,0.99805908203125,0.0046530961990356445,0.000471554696559906,0.0005733966827392578,0.004711947774021275,66,P000,0.0,0.0,0.0,0.0,0.0,0.0,11.775146484375,3.798095703125,0.0,0.0,0.0,0.0,0.0,0.0,0.0,0.0,0.0,0.0,0.0,0.0,0.0,0.0,0.0,0.0,0.0,0.0
162.87767578125,54.861884400990945,551.067279600525,3118,0.0387255859375,0.0,0.0,0.1416015625,0.0,0.0,0.0,0.0,0.0,27.140380859375,0.0,0.0,6.866943359375,0.0,0.0,0.0,3.043701171875,0.0,34.48486328125,0.0,0.0,0.0,0.0,12.34423828125,0.0,108.31410217285156,48.195472717285156,0.0,208.0,208.0,7.5422515869140625,0.998056640625,0.049065470695495605,0.004312396049499512,0.006351947784423828,0.04966250512121115,67,P000,0.0,0.0,0.0,0.0,0.0,0.0,12.072509765625,3.9057617187499996,0.0,0.0,0.0,0.0,0.0,0.0,0.0,0.0,0.0,0.0,0.0,0.0,0.0,0.0,0.0,0.0,0.0,0.0
163.72576904296875,55.44486884702891,561.1702593411862,3050,0.0391552734375,0.0,0.0,0.10791015625,0.0,0.0,0.0,0.0,0.0,24.423828125,0.0,0.0,6.931152343749999,0.0,0.0,0.0,2.87353515625,0.0,40.64794921875,0.0,0.0,0.0,0.0,9.871337890625,0.0,108.3086166381836,48.57926940917969,0.0,208.0,208.0,7.543718338012695,0.99770751953125,0.06532871723175049,0.004160195589065552,0.009091377258300781,0.06608934606226667,68,P000,0.0,0.0,0.0,0.0,0.0,0.0,11.163818359375,3.98046875,0.0,0.0,0.0,0.0,0.0,0.0,0.0,0.0,0.0,0.0,0.0,0.0,0.0,0.0,0.0,0.0,0.0,0.0
164.88625732421875,56.0824277797432,533.7398010051488,2963,0.03796875,0.0,0.0,0.1630859375,0.0,0.0,0.0185546875,0.0,0.0,21.917724609375,0.0,0.0,6.771728515625,0.0,0.0,0.0,2.71337890625,0.0,47.49658203125,0.0,0.0,0.0,0.0,7.437988281250001,0.0,107.6117172241211,49.122169494628906,0.0,208.0,208.0,7.543621063232422,0.99736083984375,0.03763866424560547,0.00167866051197052,0.0054569244384765625,0.03806921291063307,69,P000,0.0,0.0,0.0,0.0,0.0,0.0,9.58154296875,3.8994140625,0.0,0.0,0.0,0.0,0.0,0.0,0.0,0.0,0.0,0.0,0.0,0.0,0.0,0.0,0.0,0.0,0.0,0.0
165.371484375,56.25465625123905,515.2841983873785,2913,0.03717041015625,0.0,0.0,0.148193359375,0.0,0.0,0.0224609375,0.0,0.0,20.9501953125,0.0,0.0,6.527099609375001,0.0,0.0,0.0,2.705810546875,0.0,51.49072265625,0.0,0.0,0.0,0.0,6.386718750000001,0.0,107.25128173828125,49.35564422607422,0.0,208.0,208.0,7.547503471374512,0.99725830078125,0.02996695041656494,0.0010002851486206055,0.0044171810150146484,0.030307262756092284,70,P000,0.0,0.0,0.0,0.0,0.0,0.0,7.844482421875,3.92431640625,0.0,0.0,0.0,0.0,0.0,0.0,0.0,0.0,0.0,0.0,0.0,0.0,0.0,0.0,0.0,0.0,0.0,0.0
166.15591064453125,55.5744759658842,503.73508007047184,2880,0.0371826171875,0.0,0.0,0.031494140625,0.0,0.0,0.01708984375,0.0,0.0,20.236083984375,0.0,0.0,6.2861328125,0.0,0.0,0.0,2.705078125,0.0,54.3349609375,0.0,0.0,0.0,0.0,5.662353515625,0.0,106.84445190429688,49.59579849243164,0.0,208.0,208.0,7.552524566650391,0.9971875,0.10969126224517822,0.0013863816857337952,0.01635432243347168,0.11091239303782492,71,P000,0.0,0.0,0.0,0.0,0.0,0.0,6.725097656249999,4.001708984375,0.0,0.0,0.0,0.0,0.0,0.0,0.0,0.0,0.0,0.0,0.0,0.0,0.0,0.0,0.0,0.0,0.0,0.0
169.5132080078125,53.49489467428264,412.53826883897193,2584,0.0359033203125,0.0,0.0,0.003173828125,0.0,0.0,0.0,0.0,0.0,17.740966796875,0.0,0.0,5.15234375,0.0,0.0,0.0,2.342529296875,0.0,60.08422851562501,0.0,0.0,0.0,0.0,3.7653808593749996,0.0,102.9134750366211,50.016197204589844,0.0,208.0,208.0,7.5519866943359375,0.9971484375,0.13544678688049316,-0.0027096569538116455,0.019504070281982422,0.13687068011309647,72,P000,0.0,0.0,0.0,0.0,0.0,0.0,7.04150390625,3.869873046875,0.0,0.0,0.0,0.0,0.0,0.0,0.0,0.0,0.0,0.0,0.0,0.0,0.0,0.0,0.0,0.0,0.0,0.0
172.16866943359375,49.850335089468835,388.0260893652379,2118,0.03283203125,0.0,0.0,0.027099609375000003,0.0,0.0,0.0,0.0,0.0,15.494384765625,0.0,0.0,3.5412597656250004,0.0,0.0,0.0,1.9541015625000002,0.0,65.503662109375,0.0,0.0,0.0,0.0,2.35498046875,0.0,100.0750503540039,49.86836242675781,0.0,208.0,208.0,7.554862022399902,0.9976318359375,0.09379231929779053,-0.004582367837429047,0.012148141860961914,0.09468671820762534,73,P000,0.0,0.0,0.0,0.0,0.0,0.0,7.5869140625,3.53759765625,0.0,0.0,0.0,0.0,0.0,0.0,0.0,0.0,0.0,0.0,0.0,0.0,0.0,0.0,0.0,0.0,0.0,0.0
172.8235400390625,47.620159741807996,347.6927141384125,1832,0.03011962890625,0.0,0.0,0.04345703125,0.0,0.0,0.0,0.0,0.0,14.164550781249998,0.0,0.0,2.53271484375,0.0,0.0,0.0,1.7353515625,0.0,68.802490234375,0.0,0.0,0.0,0.0,1.718505859375,0.0,99.30049896240234,49.637020111083984,0.0,208.0,208.0,7.560232639312744,0.998173828125,0.041124939918518066,-0.0027703866362571716,0.004701852798461914,0.041485457032006734,74,P000,0.0,0.0,0.0,0.0,0.0,0.0,7.715576171874999,3.287353515625,0.0,0.0,0.0,0.0,0.0,0.0,0.0,0.0,0.0,0.0,0.0,0.0,0.0,0.0,0.0,0.0,0.0,0.0
172.35640869140624,47.369738346631,338.43788047122354,1624,0.030244140625,0.0,0.0,0.05029296875,0.0,0.0,0.0,0.0,0.0,13.508300781249998,0.0,0.0,2.152099609375,0.0,0.0,0.0,1.634521484375,0.0,70.051025390625,0.0,0.0,0.0,0.0,1.53173828125,0.0,99.23755645751953,49.570526123046875,0.0,208.0,208.0,7.5622453689575195,0.9981103515625,0.07704246044158936,-0.0063932836055755615,0.007502555847167969,0.07767047785610087,75,P000,0.0,0.0,0.0,0.0,0.0,0.0,7.90966796875,3.162353515625,0.0,0.0,0.0,0.0,0.0,0.0,0.0,0.0,0.0,0.0,0.0,0.0,0.0,0.0,0.0,0.0,0.0,0.0
171.90989990234374,46.793735283235925,313.5373075095176,1363,0.02634033203125,0.0,0.0,0.210205078125,0.0,0.0,0.0,0.0,0.0,12.036865234375,0.0,0.0,1.5478515625,0.0,0.0,0.0,1.44482421875,0.0,71.762939453125,0.0,0.0,0.0,0.0,1.24658203125,0.0,99.02452850341797,49.209564208984375,0.0,208.0,208.0,7.555055618286133,0.998212890625,0.13653898239135742,-0.009724348783493042,0.012728214263916016,0.13747532182205863,76,P000,0.0,0.0,0.0,0.0,0.0,0.0,8.826904296875,2.923828125,0.0,0.0,0.0,0.0,0.0,0.0,0.0,0.0,0.0,0.0,0.0,0.0,0.0,0.0,0.0,0.0,0.0,0.0
171.36468505859375,45.27967227262839,290.8425194949866,1241,0.026328125,0.0,0.0,0.339599609375,0.0,0.0,0.0,0.0,0.0,9.86474609375,0.0,0.0,0.8322753906250001,0.0,0.0,0.0,1.18994140625,0.0,74.063232421875,0.0,0.0,0.0,0.0,0.89111328125,0.0,98.53581237792969,49.069793701171875,0.0,208.0,208.0,7.5600905418396,0.9981591796875,0.09560823440551758,0.0017503798007965088,0.013126134872436523,0.0965209497066664,77,P000,0.0,0.0,0.0,0.0,0.0,0.0,10.26123046875,2.557861328125,0.0,0.0,0.0,0.0,0.0,0.0,0.0,0.0,0.0,0.0,0.0,0.0,0.0,0.0,0.0,0.0,0.0,0.0
170.17051513671876,44.320344358994646,282.6515110437334,1202,0.0259765625,0.0,0.0,0.359619140625,0.0,0.0,0.0,0.0,0.0,8.55126953125,0.0,0.0,0.570068359375,0.0,0.0,0.0,1.0361328125,0.0,75.173828125,0.0,0.0,0.0,0.0,0.70166015625,0.0,98.08085632324219,48.81039810180664,0.0,208.0,208.0,7.5633158683776855,0.99837890625,0.022541046142578125,0.0026255398988723755,0.00435185432434082,0.023106943913522852,78,P000,0.0,0.0,0.0,0.0,0.0,0.0,11.326416015625,2.281005859375,0.0,0.0,0.0,0.0,0.0,0.0,0.0,0.0,0.0,0.0,0.0,0.0,0.0,0.0,0.0,0.0,0.0,0.0
169.274638671875,44.300545189293786,272.49004791221626,1167,0.0252490234375,0.0,0.0,0.293701171875,0.0,0.0,0.0,0.0,0.0,8.322998046875,0.0,0.0,0.538330078125,0.0,0.0,0.0,1.01611328125,0.0,75.826171875,0.0,0.0,0.0,0.0,0.669189453125,0.0,98.17054748535156,48.90363311767578,0.0,208.0,208.0,7.565717697143555,0.99835693359375,0.030419111251831055,0.005572602152824402,0.0070722103118896484,0.03172368803907478,79,P000,0.0,0.0,0.0,0.0,0.0,0.0,11.1142578125,2.21923828125,0.0,0.0,0.0,0.0,0.0,0.0,0.0,0.0,0.0,0.0,0.0,0.0,0.0,0.0,0.0,0.0,0.0,0.0
168.24911376953125,43.624374328940796,265.47459711417554,1285,0.024736328125,0.0,0.0,0.182861328125,0.0,0.0,0.0,0.0,0.0,8.07958984375,0.0,0.0,0.49462890625000006,0.0,0.0,0.0,0.98974609375,0.0,76.650390625,0.0,0.0,0.0,0.0,0.63916015625,0.0,97.98987579345703,48.83430480957031,0.0,208.0,208.0,7.563910484313965,0.99835693359375,0.09314632415771484,0.04011758789420128,0.03565502166748047,0.10750320522036336,80,P000,0.0,0.0,0.0,0.0,0.0,0.0,10.81396484375,2.149658203125,0.0,0.0,0.0,0.0,0.0,0.0,0.0,0.0,0.0,0.0,0.0,0.0,0.0,0.0,0.0,0.0,0.0,0.0
164.419990234375,41.812965592044144,257.5725512389183,1334,0.0269140625,0.0,0.0,0.154296875,0.0,0.0,0.0,0.0,0.0,7.110107421875,0.0,0.0,0.408447265625,0.0,0.0,0.0,0.8461914062499999,0.0,77.1357421875,0.0,0.0,0.0,0.0,0.58154296875,0.0,97.16390991210938,48.52210998535156,0.0,208.0,208.0,7.556066513061523,0.99853271484375,0.032312870025634766,0.02749321050941944,0.020777463912963867,0.04724088483573665,81,P000,0.0,0.0,0.0,0.0,0.0,0.0,11.938720703125,1.824951171875,0.0,0.0,0.0,0.0,0.0,0.0,0.0,0.0,0.0,0.0,0.0,0.0,0.0,0.0,0.0,0.0,0.0,0.0
162.161435546875,40.9746728662218,260.34485768487457,1438,0.02718017578125,0.0,0.0,0.17529296875,0.0,0.008544921875,0.0,0.0,0.0,6.680419921875,0.0,0.0,0.39453125,0.0,0.0,0.0,0.7744140625,0.0,76.380126953125,0.0,0.0,0.0,0.0,0.5751953125,0.0,96.9824447631836,48.2332649230957,0.0,208.0,208.0,7.548041820526123,0.99860595703125,0.01150965690612793,0.012024649418890476,0.008841753005981445,0.018847837859096286,82,P000,0.0,0.0,0.0,0.0,0.0,0.0,13.341552734375,1.6699218750000002,0.0,0.0,0.0,0.0,0.0,0.0,0.0,0.0,0.0,0.0,0.0,0.0,0.0,0.0,0.0,0.0,0.0,0.0
161.47746337890624,40.53561368075867,261.6189381972313,1407,0.02757080078125,0.0,0.0,0.155029296875,0.0,0.120849609375,0.0,0.0,0.0,6.465820312499999,0.0,0.0,0.380859375,0.0,0.0,0.0,0.733642578125,0.0,75.146240234375,0.0,0.0,0.0,0.0,0.56982421875,0.0,96.81130981445312,48.02363586425781,0.0,208.0,208.0,7.542756080627441,0.99874267578125,0.01889348030090332,0.02255603764206171,0.016394376754760742,0.03368254772382526,83,P000,0.0,0.0,0.0,0.0,0.0,0.0,14.827392578125002,1.600341796875,0.0,0.0,0.0,0.0,0.0,0.0,0.0,0.0,0.0,0.0,0.0,0.0,0.0,0.0,0.0,0.0,0.0,0.0
159.9641259765625,39.44462262552485,260.50942188680176,1451,0.026611328125,0.0,0.0,0.11254882812500001,0.0,0.1640625,0.0,0.0,0.0,6.2294921875,0.0,0.0,0.373779296875,0.0,0.0,0.0,0.694091796875,0.0,74.244140625,0.0,0.0,0.0,0.0,0.580810546875,0.0,96.75452423095703,47.836666107177734,0.0,208.0,208.0,7.538691520690918,0.99884765625,0.009084463119506836,0.01222156547009945,0.008820295333862305,0.017598060759247316,84,P000,0.0,0.0,0.0,0.0,0.0,0.0,16.097412109375,1.503662109375,0.0,0.0,0.0,0.0,0.0,0.0,0.0,0.0,0.0,0.0,0.0,0.0,0.0,0.0,0.0,0.0,0.0,0.0
159.0722265625,39.291579701917136,260.3290581558645,1486,0.02489990234375,0.0,0.0,0.089111328125,0.0,0.18212890625,0.0,0.0,0.0,6.186279296875,0.0,0.0,0.386474609375,0.0,0.0,0.0,0.683349609375,0.0,74.5498046875,0.0,0.0,0.0,0.0,0.584716796875,0.0,96.88838195800781,47.804443359375,0.0,208.0,208.0,7.539112091064453,0.99891357421875,0.031036376953125,0.049644315615296364,0.03573298454284668,0.06859053106389355,85,P000,0.0,0.0,0.0,0.0,0.0,0.0,15.86962890625,1.468505859375,0.0,0.0,0.0,0.0,0.0,0.0,0.0,0.0,0.0,0.0,0.0,0.0,0.0,0.0,0.0,0.0,0.0,0.0
154.55086181640624,39.602918618147726,272.482509438461,1452,0.026318359375,0.0,0.0,0.09228515625,0.0,0.343017578125,0.0,0.0,0.0,5.87109375,0.0,0.0,0.44140624999999994,0.0,0.0,0.0,0.629150390625,0.0,74.53076171875,0.0,0.0,0.0,0.0,0.599853515625,0.0,97.85289001464844,47.70966720581055,0.0,208.0,208.0,7.536584854125977,0.99902099609375,0.010821819305419922,0.020658262073993683,0.0149383544921875,0.027695306460323265,86,P000,0.0,0.0,0.0,0.0,0.0,0.0,16.186279296875,1.30615234375,0.0,0.0,0.0,0.0,0.0,0.0,0.0,0.0,0.0,0.0,0.0,0.0,0.0,0.0,0.0,0.0,0.0,0.0
152.2500634765625,40.22390558563871,273.89773364961155,1444,0.0253564453125,0.0,0.0,0.205078125,0.0,0.40917968750000006,0.0,0.0,0.0,5.693359375,0.0,0.0,0.46582031249999994,0.0,0.0,0.0,0.600341796875,0.0,73.875732421875,0.0,0.0,0.0,0.0,0.609130859375,0.0,98.20421600341797,47.52225112915039,0.0,208.0,208.0,7.532013416290283,0.999140625,0.018474340438842773,0.040235668420791626,0.02940225601196289,0.053147934357895395,87,P000,0.0,0.0,0.0,0.0,0.0,0.0,16.908935546875,1.232421875,0.0,0.0,0.0,0.0,0.0,0.0,0.0,0.0,0.0,0.0,0.0,0.0,0.0,0.0,0.0,0.0,0.0,0.0
145.4210546875,45.6195006645165,283.35291209291813,1460,0.02690185546875,0.0,0.0,1.798583984375,0.0,0.38671875,0.0,0.0,0.0,5.274658203125,0.0,0.0,0.506591796875,0.0,0.0,0.0,0.523193359375,0.0,71.316650390625,0.0,0.0,0.0,0.0,0.604248046875,0.0,98.83760833740234,47.319915771484375,0.0,208.0,208.0,7.524979591369629,0.99914306640625,0.03135347366333008,0.0885087251663208,0.06725049018859863,0.11549659376765725,88,P000,0.0,0.0,0.0,0.0,0.0,0.0,18.502685546875,1.086669921875,0.0,0.0,0.0,0.0,0.0,0.0,0.0,0.0,0.0,0.0,0.0,0.0,0.0,0.0,0.0,0.0,0.0,0.0
134.557470703125,51.28002410220738,317.3180676140248,1710,0.02585693359375,0.0,0.0,9.89013671875,0.0,0.367919921875,0.0,0.0,0.0,4.65771484375,0.0,0.0,0.574462890625,0.0,0.0,0.0,0.420654296875,0.0,67.81982421875,0.0,0.0,0.0,0.0,0.63623046875,0.0,99.98277282714844,47.19197463989258,0.0,208.0,208.0,7.526341438293457,0.999169921875,0.026216745376586914,0.1201411634683609,0.1042165756225586,0.16119029602356552,89,P000,0.0,0.0,0.0,0.0,0.0,1.599609375,13.18310546875,0.850341796875,0.0,0.0,0.0,0.0,0.0,0.0,0.0,0.0,0.0,0.0,0.0,0.0,0.0,0.0,0.0,0.0,0.0,0.0
127.84857666015625,50.754702273836116,287.8859316919088,1401,0.02488037109375,0.0,0.0,18.070068359375,0.0,0.10498046875,0.0,0.0,0.0,4.06103515625,0.0,0.0,0.560791015625,0.0,0.0,0.0,0.166259765625,0.0,63.89941406250001,0.0,0.0,0.0,0.0,0.8156738281249999,0.0,103.57609558105469,47.87746810913086,0.0,208.0,208.0,7.538374900817871,0.998818359375,0.00465846061706543,0.05401262640953064,0.05713069438934326,0.07875900779202855,90,P000,0.0,0.0,0.0,0.0,0.0,4.533203125,7.175537109375001,0.613037109375,0.0,0.0,0.0,0.0,0.0,0.0,0.0,0.0,0.0,0.0,0.0,0.0,0.0,0.0,0.0,0.0,0.0,0.0
124.3025390625,52.249014722304565,285.58586178635966,1424,0.02574462890625,0.0,0.0,19.0791015625,0.0,0.3427734375,0.0,0.0,0.0,5.562255859375,0.0,0.0,0.443359375,0.0,0.0,0.0,0.0,0.0,61.802001953125,0.0,0.0,0.0,0.0,1.043701171875,0.0,104.80333709716797,47.6612434387207,0.0,208.0,208.0,7.535526275634766,0.998916015625,-0.005415916442871094,0.07747876644134521,0.09991824626922607,0.1265541280942917,91,P000,0.0,0.0,0.0,0.0,0.0,4.91162109375,6.292724609375,0.5224609375,0.0,0.0,0.0,0.0,0.0,0.0,0.0,0.0,0.0,0.0,0.0,0.0,0.0,0.0,0.0,0.0,0.0,0.0
126.90197265625,49.288422908705215,215.3695580093324,1221,0.022236328125,0.0,0.0,2.61474609375,0.0,0.382080078125,0.0,0.0,0.0,24.7451171875,0.0,0.0,0.23486328124999997,0.0,0.0,0.0,0.0,0.0,59.39599609375,0.0,0.0,0.0,0.0,1.395751953125,0.0,104.41315460205078,46.96837615966797,0.0,208.0,208.0,7.5077338218688965,0.99908935546875,-0.0049054622650146484,0.022214144468307495,0.03356277942657471,0.04054617043974962,92,P000,0.0,0.0,0.0,0.0,0.0,4.36181640625,6.64501953125,0.22460937499999997,0.0,0.0,0.0,0.0,0.0,0.0,0.0,0.0,0.0,0.0,0.0,0.0,0.0,0.0,0.0,0.0,0.0,0.0
129.16116943359376,46.4073812835552,172.25350533714288,972,0.0195361328125,0.0,0.0,0.0,0.0,0.157958984375,0.0,0.0,0.0,30.733642578124996,0.0,0.0,0.080322265625,0.0,0.0,0.0,0.0,0.0,58.49633789062501,0.0,0.0,0.0,0.0,1.26611328125,0.0,104.18585968017578,46.790313720703125,0.0,208.0,208.0,7.5024800300598145,0.99919921875,-0.012237071990966797,0.039488136768341064,0.06465363502502441,0.076740806604416,93,P000,0.0,0.0,0.0,0.0,0.0,4.219970703125,4.940673828125,0.10498046875,0.0,0.0,0.0,0.0,0.0,0.0,0.0,0.0,0.0,0.0,0.0,0.0,0.0,0.0,0.0,0.0,0.0,0.0
132.8507177734375,44.842960957479384,541.2655196617543,1791,0.03188232421875,0.0,0.0,0.0,0.00146484375,0.01611328125,0.0,0.29443359375,0.082763671875,39.0400390625,0.0,0.145751953125,1.8591308593750002,0.0,0.00537109375,0.0,0.251220703125,0.0,50.93554687500001,0.0,0.380615234375,0.0,0.953125,1.6015624999999998,0.0,104.40775299072266,47.03938674926758,0.0,208.0,208.0,7.509891986846924,0.99904296875,-0.010463953018188477,0.02678292989730835,0.04667925834655762,0.05482492869521727,94,P000,0.0,0.0,0.0,0.0,0.0,4.117919921875,0.0,0.309326171875,0.005615234375,0.0,0.0,0.0,0.0,0.0,0.0,0.0,0.0,0.0,0.0,0.0,0.0,0.0,0.0,0.0,0.0,0.0
134.80522216796874,49.051001673864214,654.6779212663115,3042,0.042958984375,0.0,0.046630859375,0.121826171875,0.0087890625,0.08154296875,2.2568359375,0.46044921875,0.08984375,42.5830078125,0.0,0.302734375,3.6381835937500004,0.0,0.081298828125,0.0,0.248046875,0.055908203125,42.101806640625,0.075927734375,0.781494140625,0.002197265625,1.408447265625,1.443603515625,0.0,105.12197875976562,47.21488952636719,0.0,208.0,208.0,7.499245643615723,0.99903564453125,-0.017845630645751953,0.029436826705932617,0.05946528911590576,0.06871036245936976,95,P000,0.0,0.0,0.0,0.0,0.0,4.20849609375,0.0,0.0,0.0029296875,0.0,0.0,0.0,0.0,0.0,0.0,0.0,0.0,0.0,0.0,0.0,0.0,0.0,0.0,0.0,0.0,0.0
135.7999169921875,50.17259284943621,748.887057935232,3692,0.05017333984375,0.0,0.06884765625,0.10205078125,0.008544921875,0.07177734375,3.134765625,0.503662109375,0.083984375,47.241943359375,0.10302734375,0.29443359375,5.358642578125,0.0,0.187744140625,0.0,0.21875000000000003,0.08203125,35.3095703125,0.146728515625,0.85693359375,0.09814453124999999,1.595703125,0.0263671875,0.7080078125,104.0141372680664,47.58354187011719,0.0,208.0,208.0,7.504824161529541,0.99895263671875,-0.052422523498535156,0.030511796474456787,0.10523545742034912,0.12146436593718858,96,P000,0.0,0.0,0.0,0.0,0.0,3.7968750000000004,0.0,0.0,0.00146484375,0.0,0.0,0.0,0.0,0.0,0.0,0.0,0.0,0.0,0.0,0.0,0.0,0.0,0.0,0.0,0.0,0.0
148.04230224609375,48.62004011569722,855.3235631273685,4062,0.05731689453125,0.356201171875,0.09375,0.0634765625,0.007568359375,0.0712890625,3.8044433593750004,0.495361328125,0.068359375,50.00927734375,0.10839843750000001,0.280029296875,6.663330078125,0.0,2.333984375,0.0,0.19628906249999997,0.07666015625,29.820068359375,0.32763671875,0.895751953125,0.1943359375,1.7255859375000002,0.255859375,1.19873046875,101.72482299804688,47.762351989746094,0.0,208.0,208.0,7.526171684265137,0.99869873046875,-0.012611865997314453,0.002072155475616455,0.018872618675231934,0.02279317283552373,97,P000,0.0,0.0,0.0,0.0,0.0,0.9492187500000001,0.0,0.0,0.00439453125,0.0,0.0,0.0,0.0,0.0,0.0,0.0,0.0,0.0,0.0,0.0,0.0,0.0,0.0,0.0,0.0,0.0
151.3001171875,47.235992291468854,827.2820042991398,4128,0.05481201171875,0.45800781250000006,0.16943359375,0.05615234374999999,0.006835937500000001,0.06787109375,4.108642578125,0.4609375,0.06689453125,51.63232421875,0.10595703125,0.271240234375,6.571044921874999,0.0,2.6953125,0.0,0.194580078125,0.080078125,28.268798828125004,0.36865234375,0.931396484375,0.186767578125,1.872314453125,0.005859375,1.41748046875,101.38105773925781,47.68584060668945,0.0,208.0,208.0,7.536211013793945,0.99865234375,-0.04614877700805664,0.001011967658996582,0.05830979347229004,0.07436911800380122,98,P000,0.0,0.0,0.0,0.0,0.0,0.0,0.0,0.0,0.0034179687500000004,0.0,0.0,0.0,0.0,0.0,0.0,0.0,0.0,0.0,0.0,0.0,0.0,0.0,0.0,0.0,0.0,0.0
159.3468994140625,49.83817109898632,821.9603181928396,4350,0.05604248046875,0.430419921875,0.347900390625,0.11376953125,0.007080078124999999,0.0654296875,3.82177734375,0.43994140625,0.067138671875,41.896728515625,0.106689453125,0.271240234375,6.890625,0.0,4.21435546875,0.0,0.1884765625,0.08349609375,35.619140625,0.42089843749999994,1.005615234375,0.1884765625,1.922607421875,0.006835937500000001,1.88916015625,101.86257934570312,48.339935302734375,0.0,208.0,208.0,7.551899433135986,0.99864990234375,-0.06949687004089355,-0.005285799503326416,0.06653153896331787,0.09635455515281931,99,P000,0.0,0.0,0.0,0.0,0.0,0.0,0.0,0.0,0.002197265625,0.0,0.0,0.0,0.0,0.0,0.0,0.0,0.0,0.0,0.0,0.0,0.0,0.0,0.0,0.0,0.0,0.0
162.2077294921875,52.8604299686059,869.0102818944691,4474,0.06091552734375,0.402099609375,0.6494140625,0.2900390625,0.006835937500000001,0.065185546875,3.408203125,0.408935546875,0.066162109375,32.109130859375,0.109619140625,0.27783203125,6.371093749999999,0.0,7.375244140624999,0.0,0.189208984375,0.08447265625,41.960693359375,0.48974609374999994,1.09619140625,0.194580078125,1.9306640625,0.0234375,2.489990234375,103.26185607910156,48.947940826416016,0.0,208.0,208.0,7.561697006225586,0.99841064453125,-0.01943516731262207,-0.001864016056060791,0.015759587287902832,0.025091131417532657,100,P000,0.0,0.0,0.0,0.0,0.0,0.0,0.0,0.0,0.001220703125,0.0,0.0,0.0,0.0,0.0,0.0,0.0,0.0,0.0,0.0,0.0,0.0,0.0,0.0,0.0,0.0,0.0
162.73233154296875,52.89921114376156,868.7706364639042,4420,0.059140625,0.39526367187500006,0.670654296875,0.8017578125000001,0.007080078124999999,0.0625,2.63330078125,0.39892578125,0.154052734375,34.240234375,0.11572265625,0.29150390625,4.8330078125,0.0,6.593017578125,0.0,0.1953125,0.0888671875,41.71044921875,0.52783203125,1.180419921875,0.19775390625,1.98046875,0.029296875,2.891845703125,103.36174011230469,49.14813232421875,0.0,208.0,208.0,7.568304061889648,0.99846435546875,-0.022287845611572266,-0.0021790266036987305,0.016983747482299805,0.028105940608480495,101,P000,0.0,0.0,0.0,0.0,0.0,0.0,0.0,0.0,0.000732421875,0.0,0.0,0.0,0.0,0.0,0.0,0.0,0.0,0.0,0.0,0.0,0.0,0.0,0.0,0.0,0.0,0.0
163.6442578125,52.549162112320786,847.8543655085028,4254,0.05461181640625,0.40258789062499994,0.713134765625,1.10888671875,0.007080078124999999,0.066162109375,1.803955078125,0.39916992187500006,0.26708984375,35.429931640625,0.125244140625,0.307861328125,3.9943847656250004,0.0,5.522216796875,0.0,0.205322265625,0.0517578125,42.123779296875,0.571044921875,1.283447265625,0.208984375,2.114013671875,0.035888671875,3.257568359375,103.0564956665039,49.31140899658203,0.0,208.0,208.0,7.569842338562012,0.99840087890625,-0.0704190731048584,-0.006742238998413086,0.047791481018066406,0.08537171253734643,102,P000,0.0,0.0,0.0,0.0,0.0,0.0,0.0,0.0,0.00048828125,0.0,0.0,0.0,0.0,0.0,0.0,0.0,0.0,0.0,0.0,0.0,0.0,0.0,0.0,0.0,0.0,0.0
166.77053955078125,51.69668006967626,818.9930192079482,4065,0.0499951171875,0.429443359375,0.8061523437500001,1.07080078125,0.00830078125,0.06982421875,1.279541015625,0.4111328125,0.135498046875,36.906494140625,0.143310546875,0.346435546875,3.687255859375,0.0,2.112060546875,0.0,0.2294921875,0.0322265625,44.165283203125,0.647216796875,1.251220703125,0.23583984375,2.350341796875,0.0703125,3.61181640625,102.62954711914062,49.66571044921875,0.0,208.0,208.0,7.576835632324219,0.9980859375,-0.12224555015563965,-0.010159075260162354,0.06899452209472656,0.14073885540985603,103,P000,0.0,0.0,0.0,0.0,0.0,0.0,0.0,0.0,0.0,0.0,0.0,0.0,0.0,0.0,0.0,0.0,0.0,0.0,0.0,0.0,0.0,0.0,0.0,0.0,0.0,0.0
169.2820703125,51.54776599914752,795.0000333007812,4088,0.04810546875,0.469970703125,0.927490234375,0.62255859375,0.00830078125,0.07568359375,0.9221191406250001,0.4267578125,0.1748046875,38.60498046875,0.16943359375,0.39306640625000006,3.6787109375,0.0,0.4912109375,0.1142578125,0.2578125,0.03271484375,43.709716796875,0.591796875,1.120361328125,0.272705078125,2.54150390625,0.170654296875,4.19921875,101.3461685180664,50.028995513916016,0.0,208.0,208.0,7.574192523956299,0.99786865234375,-0.13608384132385254,-0.008734703063964844,0.06432962417602539,0.150776017501789,104,P000,0.024169921875,0.0,0.0,0.0,0.0,0.0,0.0,0.0,0.0,0.0,0.0,0.0,0.0,0.0,0.0,0.0,0.0,0.0,0.0,0.0,0.0,0.0,0.0,0.0,0.0,0.0
169.85408935546874,51.81015347922494,834.3516037283838,4271,0.05293212890625,0.501708984375,1.01904296875,0.557861328125,0.008544921875,0.1298828125,0.8183593750000001,0.42822265625,0.278076171875,38.974609375,0.188720703125,0.4267578125,3.70947265625,0.0,0.65234375,0.189453125,0.2744140625,0.03271484375,41.396240234375,0.41455078125,0.999267578125,0.30322265625,2.615478515625,0.314208984375,5.27880859375,100.66810607910156,49.9917106628418,0.0,208.0,208.0,7.574552536010742,0.9977392578125,-0.1157914400100708,-0.0066193342208862305,0.04886007308959961,0.1258522145512531,105,P000,0.24951171875000003,0.19287109375,0.045654296875,0.0,0.0,0.0,0.0,0.0,0.0,0.0,0.0,0.0,0.0,0.0,0.0,0.0,0.0,0.0,0.0,0.0,0.0,0.0,0.0,0.0,0.0,0.0
169.1270263671875,53.78939128934814,901.1372802042902,4425,0.05543701171875,0.500244140625,1.00439453125,1.014404296875,0.008544921875,0.12939453125,0.7802734375,0.4140625,0.42480468749999994,38.38916015625,0.190185546875,0.43750000000000006,3.892578125,0.0,0.8466796875,0.3203125,0.272705078125,0.030517578125,38.907958984375,0.30908203125,1.0224609375,0.307373046875,2.514892578125,0.50390625,7.03564453125,100.62244415283203,49.65669250488281,0.0,208.0,208.0,7.575143814086914,0.99794677734375,-0.15778827667236328,-0.008985698223114014,0.06042981147766113,0.16920297025471154,106,P000,0.370849609375,0.19384765625,0.04443359375,0.03662109375,0.09716796875,0.0,0.0,0.0,0.0,0.0,0.0,0.0,0.0,0.0,0.0,0.0,0.0,0.0,0.0,0.0,0.0,0.0,0.0,0.0,0.0,0.0
162.99126220703124,58.925080704682266,1064.5290225215915,4621,0.0613623046875,0.50537109375,0.981201171875,1.47021484375,0.008544921875,0.132080078125,0.72412109375,0.3984375,0.48022460937500006,32.1884765625,0.191162109375,0.436767578125,5.74072265625,0.0,1.361083984375,0.41308593750000006,0.269287109375,0.027343750000000003,38.919189453125,0.3115234375,1.23828125,0.309326171875,2.47216796875,1.19970703125,9.0078125,99.93769836425781,48.97877502441406,0.0,208.0,208.0,7.564482688903809,0.99824951171875,-0.20122647285461426,-0.012841343879699707,0.06821370124816895,0.21286169812373468,107,P000,0.3857421875,0.20239257812499997,0.04736328125,0.03857421875,0.39208984374999994,0.0,0.0,0.0,0.0,0.147705078125,0.0,0.0,0.0,0.0,0.0,0.0,0.0,0.0,0.0,0.0,0.0,0.0,0.0,0.0,0.0,0.0
149.68599853515624,67.02566872345376,1312.7611325344092,4748,0.07363525390625,0.550048828125,1.016357421875,1.7995605468749998,0.00830078125,0.139892578125,0.722412109375,0.39990234375,0.554443359375,22.591064453125,0.201416015625,0.46020507812500006,10.501953125,0.0,2.9287109375,0.45581054687500006,0.27099609375,0.024169921875,38.190185546875,0.369140625,1.6469726562499998,0.330078125,2.558349609375,2.238037109375,10.729736328125,100.029296875,48.69015121459961,0.0,208.0,208.0,7.561305999755859,0.9985498046875,-0.25304198265075684,-0.02171015739440918,0.07023757696151733,0.26350501538934895,108,P000,0.43359375000000006,0.227294921875,0.05224609375,0.0439453125,0.40087890625000006,0.0,0.0,0.0,0.0,0.154296875,0.0,0.0,0.0,0.0,0.0,0.0,0.0,0.0,0.0,0.0,0.0,0.0,0.0,0.0,0.0,0.0
153.9365283203125,66.57768620527031,1285.0111791176264,4788,0.0696533203125,0.690185546875,1.1708984375,1.99169921875,0.008544921875,0.161376953125,0.699951171875,0.430419921875,0.710205078125,25.763916015625,0.2275390625,0.514892578125,8.9921875,0.2294921875,0.757080078125,0.5673828125,0.29150390625,0.022216796875,36.467041015625,0.417724609375,2.2333984375,0.376708984375,2.818359375,1.9140625000000002,11.556640625,102.83139038085938,48.49648666381836,0.0,208.0,208.0,7.5597028732299805,0.998427734375,-0.2645965814590454,-0.03687691688537598,0.04504203796386719,0.27092442323039584,109,P000,0.531005859375,0.28466796875,0.0634765625,0.054931640625,0.0,0.0,0.0,0.0,0.0,0.052490234375,0.0,0.0,0.0,0.0,0.0,0.0,0.0,0.0,0.0,0.0,0.0,0.0,0.0,0.0,0.0,0.0
161.40282470703124,62.45690158810213,1239.1329895739495,4811,0.0710107421875,1.012939453125,1.447265625,1.8068847656250002,0.009033203125,0.197509765625,0.716796875,0.50732421875,0.9755859375,29.874511718750004,0.27392578125,0.6201171875,6.02099609375,0.353271484375,0.7744140625,0.498291015625,0.339111328125,0.019287109375,34.02587890625,0.358154296875,2.67236328125,0.44384765625,3.217529296875,1.77880859375,10.81103515625,104.38273620605469,48.023677825927734,0.0,208.0,208.0,7.545599937438965,0.9989111328125,-0.2270933985710144,-0.04302731156349182,0.009601950645446777,0.23133300385183478,110,P000,0.69775390625,0.38720703125,0.083984375,0.076171875,0.0,0.0,0.0,0.0,0.0,0.0,0.0,0.0,0.0,0.0,0.0,0.0,0.0,0.0,0.0,0.0,0.0,0.0,0.0,0.0,0.0,0.0
166.621044921875,58.68070066345025,1256.7197356027364,4845,0.07343017578125,1.62353515625,1.6943359375000002,1.240966796875,0.01025390625,0.24853515625,0.7973632812499999,0.63134765625,1.333251953125,32.316162109375,0.143310546875,0.770263671875,4.893798828125,0.8173828124999999,1.1875,0.40649414062499994,0.4150390625,0.01953125,31.725830078125,0.29443359375,2.1103515625,0.503173828125,3.6921386718749996,2.27783203125,9.1611328125,104.2700424194336,47.63506317138672,0.0,208.0,208.0,7.5346784591674805,0.99892333984375,-0.1763884425163269,-0.029779374599456787,-0.006151258945465088,0.17899031200454538,111,P000,0.93115234375,0.5361328125,0.11083984375,0.10791015625,0.0,0.0,0.0,0.0,0.0,0.0,0.0,0.0,0.0,0.0,0.0,0.0,0.0,0.0,0.0,0.0,0.0,0.0,0.0,0.0,0.0,0.0
166.29466796875,60.30073806042462,1255.0496947726665,4798,0.07627197265625,2.028564453125,1.82080078125,0.715087890625,0.01123046875,0.308837890625,0.934814453125,0.7834472656250001,1.7114257812499998,33.179931640625,0.00830078125,0.655517578125,5.33447265625,1.02294921875,1.77880859375,0.499267578125,0.511962890625,0.0185546875,29.7353515625,0.24267578125,1.41064453125,0.56591796875,4.031494140625,2.79248046875,7.75146484375,103.44267272949219,47.459999084472656,0.0,208.0,208.0,7.52996826171875,0.99857421875,-0.1875857710838318,-0.007369309663772583,-0.008432388305664062,0.18791975258224936,112,P000,1.183837890625,0.681640625,0.1416015625,0.138916015625,0.0,0.0,0.0,0.0,0.0,0.0,0.0,0.0,0.0,0.0,0.0,0.0,0.0,0.0,0.0,0.0,0.0,0.0,0.0,0.0,0.0,0.0
169.15658203125,58.45094467362666,1227.822162781501,4754,0.0796044921875,0.59326171875,2.105712890625,0.273193359375,0.01171875,0.39648437499999994,1.0361328125,0.994140625,1.7907714843749998,35.19580078125,0.0,0.457275390625,5.736328125,1.11279296875,2.715576171875,0.634521484375,0.642578125,0.024169921875,27.358398437499996,0.36865234375,0.621337890625,0.7265625,4.075439453125,3.3503417968749996,7.537109375000001,103.6142349243164,47.272727966308594,0.0,208.0,208.0,7.530162334442139,0.9991796875,-0.1739179491996765,0.01636207103729248,-0.003261744976043701,0.17471636844537322,113,P000,1.57861328125,0.477783203125,0.185302734375,0.0,0.0,0.0,0.0,0.0,0.0,0.0,0.0,0.0,0.0,0.0,0.0,0.0,0.0,0.0,0.0,0.0,0.0,0.0,0.0,0.0,0.0,0.0
170.72621826171874,58.36383246953922,1207.263940122986,4712,0.0771142578125,0.0,1.985107421875,0.3046875,0.012939453125,0.528076171875,1.126708984375,1.274169921875,1.60107421875,37.998779296875,0.0,0.401123046875,6.021240234375,1.170166015625,1.994384765625,0.821533203125,0.77587890625,0.026123046875,26.809326171874996,0.5546875,0.341796875,1.004150390625,4.252197265625,3.84814453125,5.38134765625,101.0224380493164,47.15186309814453,0.0,208.0,208.0,7.523993968963623,0.9993798828125,-0.08696518838405609,0.01186111569404602,-0.00032263994216918945,0.08777091860470752,114,P000,1.44873046875,0.05810546875,0.259521484375,0.0,0.0,0.0,0.0,0.0,0.0,0.0,0.0,0.0,0.0,0.0,0.0,0.0,0.0,0.0,0.0,0.0,0.0,0.0,0.0,0.0,0.0,0.0
139.67657958984375,76.68027670316175,309.3054040807487,1502,0.0337841796875,0.0,0.0,0.39648437499999994,0.0,0.0,0.0,0.0,0.0,48.249755859375,0.0,0.0,0.0,0.0,0.4560546875,0.0,0.0,0.0,0.038818359375,0.0,0.0,0.0,0.0,0.0,0.0,97.97651672363281,45.15928268432617,9.0,188.0,179.0,7.347066879272461,1.0,-0.026177406311035156,0.10223071277141571,-0.10336323082447052,0.14771706983756988,0,P001,0.0,0.0,0.0,0.122802734375,0.757568359375,0.0,0.0,0.0,0.0,0.126220703125,15.64404296875,6.90283203125,0.148193359375,27.157226562499996,0.0,0.0,0.0,0.0,0.0,0.0,0.0,0.0,0.0,0.0,0.0,0.0
136.801416015625,74.73422337525633,351.9060706905782,1729,0.03480224609375,0.0,0.0,3.354736328125,0.0,0.0,0.0,0.0,0.0,48.568115234375,0.0,0.0,0.0,0.0,0.3525390625,0.0,0.0,0.0,0.0,0.0,0.0,0.0,0.0,0.0,0.0,101.81069946289062,45.07616424560547,0.0,208.0,208.0,7.420068740844727,0.99993408203125,-0.012801170349121094,0.05051030218601227,-0.051385700702667236,0.07318231224779378,1,P001,0.0,0.0,0.0,0.1044921875,0.6005859375,0.0,0.0,0.0,0.0,0.48974609374999994,16.98974609375,7.69775390625,0.11743164062499999,21.724853515625,0.0,0.0,0.0,0.0,0.0,0.0,0.0,0.0,0.0,0.0,0.0,0.0
132.363642578125,75.10648862909623,385.9794127520978,1868,0.0358154296875,0.0,0.39990234375,8.659912109375,0.0,0.0,0.0,0.0,0.0,48.125,0.0,0.0009765625,0.0,0.0,0.16943359375,0.0,0.0,0.0,0.0,0.0,0.0,0.0,0.0,0.0,0.0,105.29838562011719,44.9959602355957,2.0,198.0,196.0,7.399738788604736,1.0,-0.0005331039428710938,0.002117365598678589,-0.002162069082260132,0.0030727804361583362,2,P001,0.0,0.0,0.0,0.09423828125,0.504150390625,0.0,0.0,0.0,0.0,0.366943359375,13.838134765624998,7.638671875,0.10937500000000001,19.7216796875,0.37158203125,0.0,0.0,0.0,0.0,0.0,0.0,0.0,0.0,0.0,0.0,0.0
131.13128173828125,74.52308166695973,399.56382495973105,1961,0.0359765625,0.0,0.87109375,9.470947265625,0.0,0.0,0.0,0.0,0.0,45.635498046875,0.0,0.029541015625,0.0,0.0,0.075439453125,0.0,0.0,0.0,0.0,0.0,0.0,0.0,0.0,0.0,0.0,105.55416107177734,45.069332122802734,5.0,201.0,196.0,7.409067153930664,1.0,-0.005853176116943359,0.02331940084695816,-0.02385878562927246,0.03387175487365022,3,P001,0.0,0.0,0.0,0.09423828125,0.47631835937500006,0.0,0.0,0.0,0.0,0.334228515625,13.060302734375002,7.41552734375,0.11035156249999999,19.961181640625,2.46533203125,0.0,0.0,0.0,0.0,0.0,0.0,0.0,0.0,0.0,0.0,0.0
136.86623046875,74.93370084751386,410.48664955949187,1957,0.03588623046875,0.0,0.0009765625,5.746337890625,0.0,0.0,0.0,0.0,0.0,52.28173828125,0.0,0.00830078125,0.0,0.0,0.73828125,0.0,0.0,0.0,0.00439453125,0.0,0.0,0.0,0.0,0.0,0.0,106.19447326660156,45.06806564331055,8.0,200.0,192.0,7.4051713943481445,1.0,-0.01689004898071289,0.0684222374111414,-0.07068058848381042,0.09981293460937431,4,P001,0.0,0.0,0.0,0.086181640625,0.48046875,0.0,0.0,0.0,0.0,0.334228515625,13.097900390625,6.33984375,0.097412109375,19.947021484375,0.8369140625,0.0,0.0,0.0,0.0,0.0,0.0,0.0,0.0,0.0,0.0,0.0
152.794306640625,77.25645591328257,423.7266088840902,2034,0.0311376953125,0.0,0.0,0.20214843749999997,0.0,0.0,0.0,0.0,0.0,61.10791015625,0.0,0.0,0.0,0.0,0.8950195312499999,0.0,0.0,0.0,4.82568359375,0.0,0.0,0.0,0.0,0.0,0.0,109.90789031982422,44.463104248046875,9.0,199.0,190.0,7.313543796539307,1.0,-0.004154682159423828,0.01718250196427107,-0.01795583963394165,0.02519745889088508,5,P001,0.0,0.0,0.0,0.080322265625,0.558837890625,0.0,0.0,0.0,0.0,0.374267578125,12.07763671875,5.60693359375,0.091552734375,14.179687499999998,0.0,0.0,0.0,0.0,0.0,0.0,0.0,0.0,0.0,0.0,0.0,0.0
143.85452880859376,81.41933263846263,369.689694454664,1525,0.026796875,0.0,0.0,0.0,0.0,0.0,0.0,0.0,0.0,61.289306640625,0.0,0.0,0.0,0.0,0.773681640625,0.0,0.0,0.0,10.022705078125,0.0,0.0,0.0,0.0,0.0,0.0,110.17736053466797,44.92827224731445,0.0,208.0,208.0,7.415009498596191,0.999892578125,-0.00023889541625976562,0.0009925849735736847,-0.0010395050048828125,0.0014570060414598887,6,P001,0.0,0.0,0.0,0.0888671875,0.71533203125,0.0,0.0,0.0,0.0,0.49560546875,8.9697265625,5.635986328125,0.1005859375,11.908203125,0.0,0.0,0.0,0.0,0.0,0.0,0.0,0.0,0.0,0.0,0.0,0.0
143.65963134765624,81.56813864166362,352.4475353734732,1609,0.0256396484375,0.0,0.0,0.0,0.0,0.0,0.0,0.0,0.0,61.8369140625,0.0,0.0,0.0,0.0,0.711669921875,0.0,0.0,0.0,10.648681640625,0.0,0.0,0.0,0.0,0.0,0.0,110.3266830444336,44.90460968017578,0.0,208.0,208.0,7.412755012512207,0.99988525390625,-0.009964942932128906,0.04204776789993048,-0.044421374797821045,0.06197236006426978,7,P001,0.0,0.0,0.0,0.0908203125,0.761962890625,0.0,0.0,0.0,0.0,0.53515625,8.083984375,5.53466796875,0.10205078125,11.694091796875,0.0,0.0,0.0,0.0,0.0,0.0,0.0,0.0,0.0,0.0,0.0,0.0
147.3976220703125,79.98557293136027,355.0523352979123,1658,0.02797607421875,0.0,0.0,0.0,0.0,0.0,0.0,0.0,0.0,63.78369140625,0.0,0.0,0.0,0.00244140625,0.73779296875,0.0,0.0,0.0,9.822021484375,0.0,0.0,0.0,0.0,0.0,0.0,112.2386245727539,44.95890426635742,0.0,208.0,208.0,7.40452766418457,0.99983642578125,-0.022288799285888672,0.1015041247010231,-0.11143505573272705,0.15237338859224553,8,P001,0.0,0.0,0.0,0.08251953125,0.680908203125,0.0,0.0,0.0,0.0,0.452392578125,9.146484375,5.451904296875,0.09375,9.74609375,0.0,0.0,0.0,0.0,0.0,0.0,0.0,0.0,0.0,0.0,0.0,0.0
155.51129638671875,71.7425798123669,516.042786824703,2275,0.03622802734375,0.0,0.0,0.008544921875,0.0,0.0,0.0,0.0,0.0,58.36059570312499,0.0,0.0,0.0,0.710693359375,0.8544921875,0.0,0.0,0.0,11.939453125,0.0,0.162109375,0.0,0.0,0.0,0.0,114.90660858154297,46.23250961303711,0.0,208.0,208.0,7.448703289031982,0.99958740234375,-0.017755985260009766,0.12286476790904999,-0.1575043797492981,0.20054589461295264,9,P001,0.0,0.0,0.0,0.0693359375,0.578125,1.845947265625,1.50927734375,0.0,0.0,0.34814453125,9.07763671875,5.0673828125,0.077880859375,6.041748046875,0.0,0.1259765625,3.22265625,0.0,0.0,0.0,0.0,0.0,0.0,0.0,0.0,0.0
163.9207958984375,66.27504719732134,567.1026966051995,2842,0.0445751953125,0.0,0.0,0.20434570312499997,0.0,0.0,0.0,0.0,0.015625,56.25927734375,0.0,0.00048828125,0.0,0.837646484375,0.7868652343749999,0.0,0.0,0.0,13.921875,0.0,1.197265625,0.0,0.0,0.0,0.0,109.71187591552734,48.47948455810547,0.0,208.0,208.0,7.524222373962402,0.99952392578125,0.017434358596801758,0.07289916276931763,-0.24974805116653442,0.2607533966291355,10,P001,0.0,0.0,0.0,0.109130859375,0.52685546875,2.2490234375,1.9189453124999998,0.0,0.0,0.280029296875,7.890869140624999,4.427490234375,0.0966796875,3.1298828124999996,0.0,0.197265625,5.950439453125,0.0,0.0,0.0,0.0,0.0,0.0,0.0,0.0,0.0
159.31612060546874,63.73667421147844,578.3877053661109,3030,0.05277099609375,0.0,0.0,0.588134765625,0.0,0.0,0.0,0.0,0.00244140625,58.517333984375,0.0,0.0,0.0,1.212646484375,0.754638671875,0.0,0.0,0.0,13.0625,0.0,2.172119140625,0.0,0.0,0.0,0.0,106.69821166992188,49.336387634277344,0.0,208.0,208.0,7.538805961608887,0.997529296875,0.014919757843017578,0.006715923547744751,-0.21544158458709717,0.21606197993305712,11,P001,0.0,0.0,0.0,0.123779296875,0.568603515625,1.6965332031249998,2.161865234375,0.0,0.0,0.2587890625,5.956787109375,4.16064453125,0.123046875,1.513916015625,0.00390625,0.338134765625,6.7841796875,0.0,0.0,0.0,0.0,0.0,0.0,0.0,0.0,0.0
151.67515380859376,58.68786969774044,521.2530848836661,2948,0.0483056640625,0.0,0.0,0.76220703125,0.0,0.0,0.0,0.0,0.0,69.902587890625,0.0,0.0034179687500000004,0.0,1.498779296875,0.718505859375,0.0,0.133056640625,0.0,4.203125,0.0,2.5654296875,0.0,0.0,0.0,0.0,106.27203369140625,49.174068450927734,0.0,208.0,208.0,7.54012393951416,0.9976806640625,0.009519815444946289,-0.00844070315361023,-0.1982630491256714,0.1986708559513488,12,P001,0.0,0.0,0.0,0.10424804687499999,0.621337890625,1.418701171875,2.1708984375,0.0,0.0,0.24926757812500003,4.541259765625,3.990234375,0.11840820312499999,1.0107421875,0.01904296875,0.39648437499999994,5.572265625,0.0,0.0,0.0,0.0,0.0,0.0,0.0,0.0,0.0
142.2689013671875,48.548950376704596,395.66948857635856,2259,0.0384521484375,0.0,0.0,0.812744140625,0.0,0.0,0.0,0.0,0.0,78.39599609375,0.0,0.023681640625,0.0,1.15771484375,0.040283203125,0.0,0.250244140625,0.0,2.108642578125,0.0,2.62939453125,0.0,0.0,0.0,0.0,100.60714721679688,48.64686584472656,0.0,208.0,208.0,7.559040069580078,0.99839111328125,0.004979133605957031,-0.013403624296188354,-0.11354982852935791,0.11444654854903194,13,P001,0.0,0.0,0.0,0.1005859375,0.62939453125,1.240478515625,1.96337890625,0.0,0.0,0.223388671875,3.739990234375,1.123291015625,0.093994140625,0.7724609375,0.0107421875,0.41699218749999994,4.2666015625,0.0,0.0,0.0,0.0,0.0,0.0,0.0,0.0,0.0
140.20895751953125,45.20817852560184,299.8100053608359,1544,0.0293359375,0.0,0.0,0.759033203125,0.0,0.0,0.0,0.0,0.0,84.91162109375,0.0,0.0,0.0,0.7080078125,0.0,0.0,0.27587890625,0.0,1.6064453125,0.0,2.72216796875,0.0,0.0,0.0,0.0,95.61117553710938,48.02522277832031,0.0,208.0,208.0,7.540009498596191,0.99892822265625,0.004591941833496094,-0.019840627908706665,-0.10368025302886963,0.10566139935541452,14,P001,0.0,0.0,0.0,0.057861328125,0.0,1.171630859375,1.603271484375,0.0,0.0,0.0,1.34326171875,0.0,0.040283203125,0.745361328125,0.0,0.44702148437499994,3.608154296875,0.0,0.0,0.0,0.0,0.0,0.0,0.0,0.0,0.0
125.0167724609375,54.91227882855974,267.8316673812807,995,0.02462890625,0.0,0.0,0.694091796875,0.0,0.0,0.0,0.0,0.0,81.0419921875,0.0,0.0,0.0,0.291748046875,0.0,0.0,0.222412109375,0.0,8.8173828125,0.0,2.700439453125,0.0,0.0,0.0,0.0,97.94925689697266,48.16404724121094,0.0,208.0,208.0,7.537179946899414,0.9982861328125,0.009457588195800781,-0.06619161367416382,-0.18775296211242676,0.19930366398353408,15,P001,0.0,0.0,0.0,0.05859375,0.0,1.12353515625,1.2900390625,0.0,0.0,0.0,0.0,0.0,0.03955078125,0.21264648437500003,0.0,0.27001953125,3.2375488281250004,0.0,0.0,0.0,0.0,0.0,0.0,0.0,0.0,0.0
75.04115234375,60.94927875618107,290.2395414283514,613,0.01840576171875,0.0,0.0,26.368408203125,0.0,0.0,0.0,0.0,0.0,47.969482421875,0.0,0.0,0.0,0.000732421875,0.0,0.0,0.138427734375,0.0,18.859375,0.0,2.20166015625,0.0,0.0,0.0,0.0,104.56389617919922,47.37574768066406,0.0,208.0,208.0,7.5217695236206055,0.99909912109375,0.010442256927490234,-0.110017329454422,-0.1532130241394043,0.18891025455481297,16,P001,0.0,0.0,0.0,0.044677734375,0.0,1.00146484375,0.94580078125,0.0,0.0,0.0,0.0,0.0,0.029052734375,0.0,0.0,0.05664062499999999,2.38427734375,0.0,0.0,0.0,0.0,0.0,0.0,0.0,0.0,0.0
36.60532470703125,35.096281777372276,228.06635740575788,105,0.0057763671875,0.0,0.0,41.86865234375,0.0,0.0,0.0,0.0,0.0,33.8291015625,0.0,0.0,0.0,0.0,0.0,0.0,0.0,0.0,21.755126953125,0.0,0.71923828125,0.0,0.0,0.0,0.0,105.2455825805664,45.85869216918945,0.0,208.0,208.0,7.4587626457214355,0.99953369140625,0.012563467025756836,-0.1852363497018814,-0.13364648818969727,0.22876129427860795,17,P001,0.0,0.0,0.0,0.0,0.0,0.721923828125,0.1572265625,0.0,0.0,0.0,0.0,0.0,0.0,0.0,0.0,0.0,0.94873046875,0.0,0.0,0.0,0.0,0.0,0.0,0.0,0.0,0.0
20.16975830078125,15.44393457719841,221.01300474924446,9,3.662109375e-05,0.0,0.0,44.52099609375,0.0,0.0,0.0,0.0,0.0,29.302978515625,0.0,0.0,0.0,0.0,0.0,0.0,0.0,0.0,26.176025390625,0.0,0.0,0.0,0.0,0.0,0.0,97.84487915039062,47.70648956298828,0.0,208.0,208.0,7.536970138549805,0.99907470703125,0.0066602230072021484,-0.13571874797344208,-0.05182075500488281,0.14542808453411069,18,P001,0.0,0.0,0.0,0.0,0.0,0.0,0.0,0.0,0.0,0.0,0.0,0.0,0.0,0.0,0.0,0.0,0.0,0.0,0.0,0.0,0.0,0.0,0.0,0.0,0.0,0.0
21.0033349609375,16.162647838986594,221.9123436725378,1,0.0,0.0,0.0,43.297607421875,0.0,0.0,0.0,0.0,0.0,27.658447265625004,0.0,0.0,0.0,0.0,0.0,0.0,0.0,0.0,29.043945312500004,0.0,0.0,0.0,0.0,0.0,0.0,95.90487670898438,48.22938537597656,0.0,208.0,208.0,7.545184135437012,0.99856201171875,0.004255056381225586,-0.11988630890846252,-0.024642467498779297,0.12246666392504983,19,P001,0.0,0.0,0.0,0.0,0.0,0.0,0.0,0.0,0.0,0.0,0.0,0.0,0.0,0.0,0.0,0.0,0.0,0.0,0.0,0.0,0.0,0.0,0.0,0.0,0.0,0.0
21.07484619140625,16.46189169044982,224.8506860320032,4,0.0,0.0,0.0,42.693359375,0.0,0.0,0.0,0.0,0.0,25.320556640625004,0.0,0.0,0.0,0.0,0.0,0.0,0.0,0.0,31.986083984375004,0.0,0.0,0.0,0.0,0.0,0.0,95.8563003540039,48.7439079284668,0.0,208.0,208.0,7.555085182189941,0.9983544921875,0.0023419857025146484,-0.1301937997341156,-0.010476827621459961,0.1306356547931979,20,P001,0.0,0.0,0.0,0.0,0.0,0.0,0.0,0.0,0.0,0.0,0.0,0.0,0.0,0.0,0.0,0.0,0.0,0.0,0.0,0.0,0.0,0.0,0.0,0.0,0.0,0.0
20.54330322265625,16.43270559912366,229.8627895784318,4,1.953125e-05,0.0,0.0,41.413330078125,0.0,0.0,0.0,0.0,0.0,22.17138671875,0.0,0.0,0.00048828125,0.0,0.0,0.0,0.0,0.0,36.414794921875,0.0,0.0,0.0,0.0,0.0,0.0,97.041015625,49.191654205322266,0.0,208.0,208.0,7.566285133361816,0.99824462890625,-0.003804922103881836,-0.15888720750808716,0.007523775100708008,0.15911074550042367,21,P001,0.0,0.0,0.0,0.0,0.0,0.0,0.0,0.0,0.0,0.0,0.0,0.0,0.0,0.0,0.0,0.0,0.0,0.0,0.0,0.0,0.0,0.0,0.0,0.0,0.0,0.0
20.05892333984375,15.380655470687536,231.4750974799157,1,0.0,0.0,0.0,39.159423828125,0.0,0.0,0.0,0.0,0.0,17.549560546875,0.0,0.0,0.0,0.0,0.0,0.0,0.0,0.0,43.291015625,0.0,0.0,0.0,0.0,0.0,0.0,99.4169921875,49.28858947753906,0.0,208.0,208.0,7.571951866149902,0.998232421875,-0.03899431228637695,-0.06358999013900757,0.035890817642211914,0.08277918837239877,22,P001,0.0,0.0,0.0,0.0,0.0,0.0,0.0,0.0,0.0,0.0,0.0,0.0,0.0,0.0,0.0,0.0,0.0,0.0,0.0,0.0,0.0,0.0,0.0,0.0,0.0,0.0
19.763017578125,14.364390326390804,230.79107899770727,2,0.0,0.0,0.0,39.145263671875,0.0,0.0,0.0,0.0,0.0,14.53173828125,0.0,0.0,0.0,0.0,0.0,0.0,0.0,0.0,46.322998046875,0.0,0.0,0.0,0.0,0.0,0.0,101.15930938720703,49.192291259765625,0.0,208.0,208.0,7.570572853088379,0.9982861328125,-0.014630317687988281,0.030166983604431152,0.007122516632080078,0.03427569603400838,23,P001,0.0,0.0,0.0,0.0,0.0,0.0,0.0,0.0,0.0,0.0,0.0,0.0,0.0,0.0,0.0,0.0,0.0,0.0,0.0,0.0,0.0,0.0,0.0,0.0,0.0,0.0
19.97892822265625,14.303152748215807,231.07546375694272,3,3.90625e-05,0.0,0.0,39.735107421875,0.0,0.0,0.0,0.0,0.0,13.950927734374998,0.0,0.0,0.00048828125,0.0,0.0,0.0,0.0,0.0,46.3134765625,0.0,0.0,0.0,0.0,0.0,0.0,101.19161987304688,49.2608757019043,0.0,208.0,208.0,7.567368507385254,0.9982568359375,-0.036695003509521484,0.12047314643859863,0.009165048599243164,0.1262707424988319,24,P001,0.0,0.0,0.0,0.0,0.0,0.0,0.0,0.0,0.0,0.0,0.0,0.0,0.0,0.0,0.0,0.0,0.0,0.0,0.0,0.0,0.0,0.0,0.0,0.0,0.0,0.0
20.59100341796875,14.585177976977365,241.40463832280642,1,0.0,0.0,0.0,43.8310546875,0.0,0.0,0.0,0.0,0.0,14.06298828125,0.0,0.0,0.0,0.0,0.0,0.0,0.0,0.0,42.10595703125,0.0,0.0,0.0,0.0,0.0,0.0,100.3886947631836,49.30291748046875,0.0,208.0,208.0,7.564469337463379,0.99826904296875,-0.010370492935180664,0.04926660656929016,-0.0015816688537597656,0.05037109610614812,25,P001,0.0,0.0,0.0,0.0,0.0,0.0,0.0,0.0,0.0,0.0,0.0,0.0,0.0,0.0,0.0,0.0,0.0,0.0,0.0,0.0,0.0,0.0,0.0,0.0,0.0,0.0
20.253291015625,14.090959878660808,244.25222411379215,4,0.0,0.0,0.0,47.760009765625,0.0,0.0,0.0,0.0,0.0,12.5146484375,0.0,0.0,0.0,0.0,0.0,0.0,0.0,0.0,39.725341796875,0.0,0.0,0.0,0.0,0.0,0.0,100.3343276977539,49.27000427246094,0.0,208.0,208.0,7.561022758483887,0.9982666015625,-0.011941909790039062,0.12303665280342102,-0.015358686447143555,0.12456530974506776,26,P001,0.0,0.0,0.0,0.0,0.0,0.0,0.0,0.0,0.0,0.0,0.0,0.0,0.0,0.0,0.0,0.0,0.0,0.0,0.0,0.0,0.0,0.0,0.0,0.0,0.0,0.0
20.188037109375,14.500572572699427,250.69732665109044,3,0.0,0.0,0.0,51.422119140625,0.0,0.0,0.0,0.0,0.0,12.274169921875,0.0,0.0,0.0,0.0,0.0,0.0,0.0,0.0,36.150146484375,0.0,0.0,0.0,0.0,0.0,0.0,99.26256561279297,48.95456314086914,0.0,208.0,208.0,7.553524971008301,0.99833251953125,0.0011262893676757812,0.03658503293991089,-0.003990888595581055,0.03681929324058846,27,P001,0.0,0.0,0.0,0.0,0.0,0.0,0.0,0.0,0.0,0.0,0.0,0.0,0.0,0.0,0.0,0.0,0.0,0.153564453125,0.0,0.0,0.0,0.0,0.0,0.0,0.0,0.0
19.4231005859375,14.434929578936883,249.15301757774353,2,0.0,0.0,0.0,52.4150390625,0.0,0.0,0.0,0.0,0.0,11.1494140625,0.0,0.0,0.0,0.0,0.0,0.0,0.0,0.0,35.1689453125,0.0,0.0,0.0,0.0,0.0,0.0,99.23246002197266,48.89226150512695,0.0,208.0,208.0,7.550824165344238,0.99829833984375,0.0006318092346191406,0.009298980236053467,-0.0006997585296630859,0.009346650648189396,28,P001,0.0,0.0,0.0,0.0,0.0,0.0,0.0,0.0,0.0,0.0,0.0,0.0,0.0,0.0,0.0,0.0,0.0,1.2666015625,0.0,0.0,0.0,0.0,0.0,0.0,0.0,0.0
19.0548974609375,14.326033583023168,250.63435545501707,0,0.0,0.0,0.0,52.450927734375,0.0,0.0,0.0,0.0,0.0,10.2958984375,0.0,0.0,0.0,0.0,0.0,0.0,0.0,0.0,35.247314453125,0.0,0.0,0.0,0.0,0.0,0.0,99.26482391357422,48.92465591430664,0.0,208.0,208.0,7.551076889038086,0.9982763671875,0.011756658554077148,0.08750689029693604,0.002857685089111328,0.08833935269100449,29,P001,0.0,0.0,0.0,0.0,0.0,0.0,0.0,0.0,0.0,0.0,0.0,0.0,0.0,0.0,0.0,0.0,0.0,2.005859375,0.0,0.0,0.0,0.0,0.0,0.0,0.0,0.0
19.84056396484375,14.918177472987022,243.39855216450096,1,0.0,0.0,0.0,52.8837890625,0.0,0.0,0.0,0.0,0.0,11.84619140625,0.0,0.0,0.0,0.0,0.0,0.0,0.0,0.0,33.101318359375,0.0,0.0,0.0,0.0,0.0,0.0,98.80734252929688,48.5279426574707,0.0,208.0,208.0,7.543156623840332,0.99856689453125,0.03623604774475098,0.1507367342710495,0.04828691482543945,0.1623768467430628,30,P001,0.0,0.0,0.0,0.0,0.0,0.0,0.0,0.0,0.0,0.0,0.0,0.0,0.0,0.0,0.0,0.0,0.0,2.168701171875,0.0,0.0,0.0,0.0,0.0,0.0,0.0,0.0
21.32765869140625,15.304148093375769,241.04917379293443,3,0.0,0.0,0.0,56.18701171875,0.0,0.0,0.0,0.0,0.0,15.08447265625,0.0,0.0,0.000244140625,0.0,0.0,0.0,0.0,0.0,27.76611328125,0.0,0.0,0.0,0.0,0.0,0.0,101.73213195800781,47.60403823852539,0.0,208.0,208.0,7.538114547729492,0.99909423828125,0.03657126426696777,0.10923221707344055,0.05719947814941406,0.12861148827934824,31,P001,0.0,0.0,0.0,0.0,0.0,0.0,0.0,0.0,0.0,0.0,0.0,0.0,0.0,0.0,0.0,0.0,0.0,0.9621582031249999,0.0,0.0,0.0,0.0,0.0,0.0,0.0,0.0
22.58941650390625,15.028538697822693,229.03649550542235,0,0.00091552734375,0.0,0.0,59.19775390624999,0.0,0.0,0.0,0.0,0.0,17.15771484375,0.0,0.0,0.0,0.0,0.0,0.0,0.0,0.0,23.557861328125,0.0,0.0,0.0,0.0,0.0,0.0,103.57244110107422,46.966102600097656,0.0,208.0,208.0,7.514069557189941,0.9992041015625,0.02445054054260254,0.05719401687383652,0.03653979301452637,0.07213973227379332,32,P001,0.0,0.0,0.0,0.0,0.0,0.0,0.0,0.0,0.0,0.0,0.0,0.0,0.0,0.0,0.0,0.0,0.0,0.086669921875,0.0,0.0,0.0,0.0,0.0,0.0,0.0,0.0
25.00157958984375,16.284046663147098,216.7760261003911,7,0.00111572265625,0.0,0.0,59.927490234375,0.0,0.0,0.0,0.0,0.0,19.093505859375,0.0,0.0,0.0,0.0,0.0,0.0,0.0,0.0,20.97900390625,0.0,0.0,0.0,0.0,0.0,0.0,103.7454605102539,46.58481979370117,0.0,208.0,208.0,7.494974136352539,0.9993212890625,0.0033953189849853516,0.006978653371334076,0.00484466552734375,0.00914880199582805,33,P001,0.0,0.0,0.0,0.0,0.0,0.0,0.0,0.0,0.0,0.0,0.0,0.0,0.0,0.0,0.0,0.0,0.0,0.0,0.0,0.0,0.0,0.0,0.0,0.0,0.0,0.0
25.7553857421875,17.120551651885368,210.32939660901422,8,0.00113037109375,0.0,0.0,60.561767578125,0.0,0.0,0.0,0.0,0.0,19.359130859375,0.0,0.0,0.0,0.0,0.0,0.0,0.0,0.0,20.0791015625,0.0,0.0,0.0,0.0,0.0,0.0,103.8211441040039,46.54058837890625,0.0,208.0,208.0,7.496531963348389,0.999306640625,0.01298069953918457,0.02440054714679718,0.017852067947387695,0.03290260767154794,34,P001,0.0,0.0,0.0,0.0,0.0,0.0,0.0,0.0,0.0,0.0,0.0,0.0,0.0,0.0,0.0,0.0,0.0,0.0,0.0,0.0,0.0,0.0,0.0,0.0,0.0,0.0
29.16466552734375,23.98936912602926,208.13825059125426,7,0.00203857421875,0.0,0.0,59.954833984375,0.0,0.0,0.0,0.0,0.0,20.547119140625,0.0,0.0,0.000244140625,0.0,0.0,0.0,0.0,0.0,18.927734375,0.0,0.019287109375,0.0,0.0,0.0,0.0,104.00072479248047,46.343894958496094,0.0,208.0,208.0,7.493457794189453,0.9993701171875,0.01969742774963379,0.03025612235069275,0.024541139602661133,0.04365419948469374,35,P001,0.0,0.0,0.0,0.0,0.0,0.06176757812499999,0.0,0.0,0.0,0.0,0.0,0.0,0.0,0.0,0.0,0.0,0.489013671875,0.0,0.0,0.0,0.0,0.0,0.0,0.0,0.0,0.0
34.8347607421875,33.03210087437942,209.63822611961368,29,0.00348876953125,0.0,0.0,57.17846679687501,0.0,0.0,0.0,0.0,0.0,23.923828125,0.0,0.0,0.0,0.0,0.0,0.0,0.0,0.0,18.109375,0.0,0.092529296875,0.0,0.0,0.0,0.0,103.947998046875,46.1551399230957,0.0,208.0,208.0,7.48283052444458,0.99942626953125,0.06143832206726074,0.055780261754989624,0.054916977882385254,0.0995086904728929,36,P001,0.0,0.0,0.0,0.0,0.0,0.101806640625,0.0,0.0,0.0,0.0,0.0,0.0,0.0,0.0,0.0,0.0,0.56201171875,0.031982421875,0.0,0.0,0.0,0.0,0.0,0.0,0.0,0.0
55.61654541015625,52.43134556012745,191.43415997991565,68,0.00768798828125,0.0,0.0,43.17431640625,0.0,0.0,0.0,0.0,0.0,39.10498046875,0.0,0.0,0.0,0.0,0.0,0.0,0.0,0.0,16.832275390625,0.0,0.267333984375,0.0,0.0,0.0,0.0,103.57132720947266,46.00199890136719,0.0,208.0,208.0,7.475062370300293,0.99950927734375,0.06818175315856934,0.03033958375453949,0.033882856369018555,0.08195907370083155,37,P001,0.0,0.0,0.0,0.0,0.0,0.174560546875,0.0,0.0,0.0,0.0,0.0,0.0,0.0,0.0,0.0,0.0,0.44531249999999994,0.001220703125,0.0,0.0,0.0,0.0,0.0,0.0,0.0,0.0
76.481943359375,62.10658740704045,153.1135122543335,101,0.0073583984375,0.0,0.0,31.1162109375,0.0,0.0,0.0,0.0,0.0,51.41748046875,0.0,0.0,0.0,0.0,0.0,0.0,0.0,0.0,16.6279296875,0.0,0.5537109375,0.0,0.0,0.0,0.0,102.66541290283203,46.08754348754883,0.0,208.0,208.0,7.482110023498535,0.9995361328125,0.08639717102050781,0.02574959397315979,0.022927522659301758,0.09302249214798676,38,P001,0.0,0.0,0.0,0.0,0.0,0.064697265625,0.0,0.0,0.0,0.0,0.0,0.0,0.0,0.0,0.0,0.0,0.219970703125,0.0,0.0,0.0,0.0,0.0,0.0,0.0,0.0,0.0
98.744345703125,67.58835769537987,136.57087333602306,103,0.00630615234375,0.0,0.0,21.081787109375,0.0,0.0,0.0,0.0,0.0,60.933837890625,0.0,0.0,0.0,0.0,0.0,0.0,0.0,0.0,16.386962890625,0.0,1.470458984375,0.0,0.0,0.0,0.0,101.9273452758789,46.10157775878906,0.0,208.0,208.0,7.484341144561768,0.99933837890625,0.10319375991821289,0.024130165576934814,0.014029264450073242,0.1069019982873947,39,P001,0.0,0.0,0.0,0.0,0.0,0.0205078125,0.0,0.0,0.0,0.0,0.0,0.0,0.0,0.0,0.0,0.0,0.10644531250000001,0.0,0.0,0.0,0.0,0.0,0.0,0.0,0.0,0.0
123.114775390625,63.28592205321284,117.89280847260949,188,0.01114501953125,0.0,0.0,11.912841796875,0.0,0.0,0.0,0.0,0.0,72.80322265625,0.0,0.0,0.0,0.0,0.0,0.0,0.0,0.0,10.238525390625,0.0,4.906005859375,0.0,0.0,0.0,0.0,100.6913070678711,46.24308395385742,0.0,208.0,208.0,7.491543769836426,0.99960205078125,0.12840843200683594,0.025191813707351685,0.007637619972229004,0.13107893090485714,40,P001,0.0,0.0,0.0,0.0,0.0,0.072021484375,0.0,0.0,0.0,0.0,0.0,0.0,0.0,0.0,0.0,0.0,0.0673828125,0.0,0.0,0.0,0.0,0.0,0.0,0.0,0.0,0.0
151.538203125,42.08165942607884,83.62068342552183,463,0.01491943359375,0.0,0.0,0.00048828125,0.0,0.0,0.0,0.0,0.0,86.266357421875,0.0,0.0,0.0,0.0,0.0,0.0,0.0,0.0,0.0,0.0,13.343994140625002,0.0,0.0,0.0,0.0,99.11520385742188,46.39017868041992,0.0,208.0,208.0,7.493943691253662,0.99949951171875,0.16982412338256836,0.029189974069595337,0.0015978813171386719,0.17232191007978384,41,P001,0.0,0.0,0.0,0.0,0.0,0.34375,0.0,0.0,0.0,0.0,0.0,0.0,0.0,0.0,0.0,0.0,0.04541015625,0.0,0.0,0.0,0.0,0.0,0.0,0.0,0.0,0.0
150.12812744140626,48.69591242169527,123.26959902915955,1585,0.0219677734375,0.0,0.0,0.0034179687500000004,0.0,0.0,0.0,0.0,0.0,76.462158203125,0.0,0.0,0.0,0.0,0.0,0.0,0.0,0.0,0.0,0.0,22.119384765625,0.0,0.0,0.0,0.0,103.24043273925781,46.209503173828125,0.0,208.0,208.0,7.48420524597168,0.99946044921875,0.10104799270629883,0.015573203563690186,-0.001853346824645996,0.10225779380399706,42,P001,0.0,0.0,0.0,0.113037109375,0.0,0.77734375,0.0,0.0,0.0,0.0,0.0,0.0,0.0,0.0,0.0,0.0,0.524658203125,0.0,0.0,0.0,0.0,0.0,0.0,0.0,0.0,0.0
146.873466796875,52.6077612435603,152.99891337182524,1808,0.024091796875,0.0,0.0,0.15478515625,0.0,0.0,0.0,0.0,0.0,69.74658203125,0.0,0.0,0.0,0.0,0.0,0.0,0.0,0.0,0.0,0.0,27.5087890625,0.0,0.0,0.0,0.0,104.4937515258789,46.28189468383789,0.0,208.0,208.0,7.486828804016113,0.999375,0.17389726638793945,0.022845745086669922,-0.006840348243713379,0.17552486345204305,43,P001,0.0,0.0,0.0,0.528564453125,0.0,1.133056640625,0.0,0.0,0.0,0.0,0.0,0.0,0.230224609375,0.0,0.0,0.0,0.697998046875,0.0,0.0,0.0,0.0,0.0,0.0,0.0,0.0,0.0
143.11069091796875,59.43356195847141,179.98425780639653,2436,0.0283349609375,0.0,0.0,0.8544921875,0.0,0.0,0.0,0.0,0.0,55.63281249999999,0.0,0.0,0.0,0.0,0.0,0.0,0.0,0.0,0.0,0.0,40.18212890625,0.0,0.0,0.0,0.0,105.95843505859375,46.687286376953125,0.0,208.0,208.0,7.48945951461792,0.99914306640625,0.1677260398864746,0.01692742109298706,-0.010148763656616211,0.16888327165417075,44,P001,0.0,0.0,0.0,0.7236328125,0.0,1.53759765625,0.0,0.0,0.0,0.0,0.0,0.0,0.591552734375,0.0,0.0,0.0,0.477783203125,0.0,0.0,0.0,0.0,0.0,0.0,0.0,0.0,0.0
157.25580810546876,50.56582222365797,149.452805930233,1654,0.02359619140625,0.0,0.0,1.6828613281250002,0.0,0.0,0.0,0.0,0.012451171875,69.06689453125,0.0,0.0,0.0,0.0,0.0,0.0,0.0,0.0,0.0,0.0,25.6474609375,0.0,0.0,0.0,0.0,107.59416961669922,46.958946228027344,0.0,208.0,208.0,7.503683090209961,0.9990576171875,0.17914485931396484,0.012427985668182373,-0.014016151428222656,0.18012159211834564,45,P001,0.0,0.0,0.0,0.9899902343749999,0.0,1.409912109375,0.239501953125,0.0,0.0,0.0,0.0,0.0,0.798583984375,0.0,0.0,0.0,0.15234375,0.0,0.0,0.0,0.0,0.0,0.0,0.0,0.0,0.0
169.08430908203124,39.38786215873766,195.79944804039002,905,0.02191162109375,0.0,0.0,2.427001953125,0.0,0.10498046875,0.0,0.0,0.1337890625,85.910888671875,0.0,0.0,0.9736328125000001,0.295654296875,0.005126953125,0.0,0.0,0.0,0.52490234375,0.0,4.150390625,0.0,0.0,0.000244140625,0.0,108.3091049194336,46.94933319091797,0.0,208.0,208.0,7.504196643829346,0.9989013671875,0.23171091079711914,0.0075924694538116455,-0.02229928970336914,0.23290523844712543,46,P001,0.0,0.0,0.0,1.409912109375,0.0,1.1318359375,1.7939453125,0.0,0.0,0.0,0.0,0.0,1.1376953125,0.0,0.0,0.0,0.0,0.0,0.0,0.0,0.0,0.0,0.0,0.0,0.0,0.0
163.996123046875,48.230633050597866,453.9955638064801,3281,0.03510986328125,0.0,0.0,3.14306640625,0.0,0.105712890625,0.267578125,0.0,0.169921875,74.468994140625,0.0,0.0,4.933349609375,1.30126953125,0.04443359375,0.0,0.001953125,0.0,3.6564941406250004,0.0,0.0,0.0,0.0,0.00146484375,0.0,105.95269775390625,47.38771438598633,0.0,208.0,208.0,7.519756317138672,0.99908203125,0.21137762069702148,0.00019744038581848145,-0.024751663208007812,0.21282194986843458,47,P001,0.0,0.0,0.0,2.69775390625,0.0,0.568115234375,6.73193359375,0.0,0.0,0.0,0.0,0.0,1.9079589843750002,0.0,0.0,0.0,0.0,0.0,0.0,0.0,0.0,0.0,0.0,0.0,0.0,0.0
151.63907470703126,57.13033134674052,787.2791215681494,4245,0.05289306640625,0.0,0.0,2.820556640625,0.0,0.10229492187500001,0.45190429687500006,0.0,0.18115234375,62.87890625,0.0,0.0,8.457763671875,2.6572265625,0.2802734375,0.0,0.12890625,0.0,8.876220703125,0.0,0.0,0.0,0.0,0.12939453125,0.0,104.44757843017578,48.648460388183594,0.0,208.0,208.0,7.540867805480957,0.99793212890625,0.21321535110473633,-0.005572974681854248,-0.0305328369140625,0.21546252138954772,48,P001,0.0,0.0,0.0,0.039306640625,0.0,0.0,12.309326171875,0.0,0.0,0.0,0.0,0.0,0.686767578125,0.0,0.0,0.0,0.0,0.0,0.0,0.0,0.0,0.0,0.0,0.0,0.0,0.0
142.58767578125,61.61882257378225,975.1961156908926,4477,0.0754248046875,0.0,0.0,3.645263671875,0.0,0.100830078125,0.551025390625,0.0,0.192626953125,40.1611328125,0.0,0.0,8.51904296875,3.625732421875,0.632568359375,0.0,0.53076171875,0.0,14.531494140625,0.0,0.0,0.0,0.0,0.010009765625,0.0,106.07652282714844,49.4211540222168,0.0,208.0,208.0,7.567049980163574,0.997958984375,0.15665817260742188,-0.008131414651870728,-0.027540922164916992,0.15926834381832272,49,P001,0.0,0.0,0.0,0.0341796875,0.0,0.0,17.6796875,0.0,0.0,0.0,0.0,0.0,0.031494140625,0.0,0.0,0.23925781250000003,0.0,0.0,0.088623046875,9.42626953125,0.0,0.0,0.0,0.0,0.0,0.0
139.05651611328125,64.80196719931887,1018.3490482436182,4365,0.0713916015625,0.0,0.0,6.2255859375,0.0,0.0986328125,0.59716796875,0.0,0.210205078125,32.607421875,0.0,0.0,8.783203125,4.546875,0.585205078125,0.0,0.9287109375,0.0,21.055419921875,0.0,0.0,0.0,0.0,0.0048828125,0.0,107.20459747314453,48.84007263183594,0.0,208.0,208.0,7.546974182128906,0.99851318359375,0.07648658752441406,-0.005491465330123901,-0.01571369171142578,0.07827690827954012,50,P001,0.0,0.0,0.0,0.031494140625,0.0,0.0,19.44482421875,0.0,0.0,0.0,0.0,0.0,0.028320312499999997,0.0,0.0,0.8000488281250001,0.0,0.0,0.10400390625,3.947998046875,0.0,0.0,0.0,0.0,0.0,0.0
141.64659423828124,67.73591534705014,991.0683397662879,4441,0.06311767578125,0.0,0.0,5.7890625,0.0,0.1005859375,0.634033203125,0.0,0.22290039062500003,30.152099609375,0.0,0.0,9.177490234375,5.290283203125,0.548583984375,0.0,1.22265625,0.0,26.251708984375,0.0,0.0,0.0,0.0,0.005859375,0.0,106.59964752197266,48.74767303466797,0.0,208.0,208.0,7.535149574279785,0.99864013671875,0.11640596389770508,-0.010969698429107666,-0.028273582458496094,0.1202916380286542,51,P001,0.0,0.0,0.0,0.0302734375,0.0,0.0,19.3671875,0.0,0.0,0.0,0.0,0.0,0.028076171874999997,0.0,0.0,1.17919921875,0.0,0.0,0.0,0.0,0.0,0.0,0.0,0.0,0.0,0.0
144.7894580078125,70.71615289640665,1031.465717613125,4424,0.06557861328125,0.0,0.0,2.617919921875,0.0,0.108642578125,0.714111328125,0.0,0.25830078125,28.190673828125,0.0,0.0,10.3095703125,5.954833984375,0.583251953125,0.0,1.53125,0.0,29.158691406249996,0.0,0.0,0.0,0.0,0.0034179687500000004,0.0,105.74181365966797,48.46429443359375,0.0,208.0,208.0,7.525811195373535,0.9986572265625,0.15457916259765625,-0.02165481448173523,-0.050093889236450195,0.1639300040824277,52,P001,0.0,0.0,0.0,0.028564453125,0.0,0.0,19.02294921875,0.0,0.0,0.0,0.0,0.0,0.027099609375000003,0.0,0.0,1.49072265625,0.0,0.0,0.0,0.0,0.0,0.0,0.0,0.0,0.0,0.0
144.576875,73.81199022368418,1111.0125774600742,4477,0.0720458984375,0.0,0.0,0.689208984375,0.0,0.12353515624999999,0.85107421875,0.0,0.319580078125,25.674804687500004,0.0,0.0,12.21826171875,6.516357421875001,0.695556640625,0.0,1.82958984375,0.0,30.717529296875,0.0,0.0,0.0,0.0,0.003173828125,0.0,104.45602416992188,48.33266067504883,0.0,208.0,208.0,7.516626358032227,0.99849609375,0.07702493667602539,-0.014545589685440063,-0.03154492378234863,0.0844955458333579,53,P001,0.0,0.0,0.0,0.029296875,0.0,0.0,18.558837890625,0.0,0.0,0.0,0.0,0.0,0.02880859375,0.0,0.0,1.744384765625,0.0,0.0,0.0,0.0,0.0,0.0,0.0,0.0,0.0,0.0
143.567939453125,75.24852903236976,1155.2817475032568,4472,0.07341552734375,0.0,0.0,0.213623046875,0.0,0.13427734375,0.944091796875,0.0,0.361572265625,24.435791015625,0.0,0.0,13.24755859375,6.788818359375,0.764892578125,0.0,1.923095703125,0.0,31.04736328125,0.0,0.0,0.0,0.0,0.0009765625,0.0,104.27987670898438,48.30569076538086,0.0,208.0,208.0,7.517998695373535,0.99830322265625,0.012694835662841797,-0.002673804759979248,-0.005678892135620117,0.014161846641206633,54,P001,0.0,0.0,0.0,0.032958984375,0.0,0.0,18.255615234375,0.0,0.0,0.0,0.0,0.0,0.029052734375,0.0,0.0,1.8203125,0.0,0.0,0.0,0.0,0.0,0.0,0.0,0.0,0.0,0.0
143.58165771484374,74.87541655890249,1136.6497939114513,4460,0.0725732421875,0.0,0.0,0.299560546875,0.0,0.135986328125,0.94091796875,0.0,0.370361328125,25.1943359375,0.0,0.0,13.062255859375,6.708496093749999,0.766845703125,0.0,1.8154296875,0.0,30.5986328125,0.0,0.0,0.0,0.0,0.00048828125,0.0,104.47551727294922,48.33513259887695,0.0,208.0,208.0,7.51678991317749,0.9982763671875,0.061530113220214844,-0.014113545417785645,-0.029500961303710938,0.06968108577652479,55,P001,0.0,0.0,0.0,0.034912109375,0.0,0.0,18.306640625,0.0,0.0,0.0,0.0,0.0,0.03125,0.0,0.0,1.73388671875,0.0,0.0,0.0,0.0,0.0,0.0,0.0,0.0,0.0,0.0
142.6613671875,75.34972517968619,1143.7335562269625,4486,0.0738623046875,0.0,0.0,0.079833984375,0.0,0.147705078125,1.00341796875,0.0,0.41479492187499994,24.829345703125,0.0,0.0,13.675537109375,6.814208984375,0.80810546875,0.0,1.814208984375,0.0,30.87744140625,0.0,0.0,0.0,0.0,0.0,0.0,104.79324340820312,48.349491119384766,0.0,208.0,208.0,7.52488899230957,0.99839111328125,0.05046558380126953,-0.012930840253829956,-0.026459455490112305,0.058430168260122796,56,P001,0.0,0.0,0.0,0.037353515625,0.0,0.0,17.75634765625,0.0,0.006835937500000001,0.0,0.0,0.0,0.033935546875,0.0,0.0,1.700927734375,0.0,0.0,0.0,0.0,0.0,0.0,0.0,0.0,0.0,0.0
140.39989501953124,76.78658697930508,1227.6501663041056,4543,0.07580810546875,0.0,0.0,0.0,0.0,0.162841796875,1.081787109375,0.0,0.47119140625,22.86767578125,0.0,0.0,14.823730468749998,7.149414062499999,0.823974609375,0.0,1.9912109375,0.0,32.97900390625,0.0,0.0,0.0,0.0,0.000732421875,0.0,104.15533447265625,48.33558654785156,0.0,208.0,208.0,7.539879322052002,0.9984521484375,0.024135589599609375,-0.006495028734207153,-0.01313161849975586,0.028233871289677567,57,P001,0.0,0.0,0.0,0.037353515625,0.0,0.0,15.712890625,0.0,0.058349609375,0.0,0.0,0.0,0.034423828125,0.0,0.0,1.805419921875,0.0,0.0,0.0,0.0,0.0,0.0,0.0,0.0,0.0,0.0
137.6256689453125,76.96632461852997,1297.552214750075,4616,0.08003173828125,0.0,0.0,0.0,0.0,0.18603515625,1.202880859375,0.0,0.546875,21.898193359375,0.0,0.0,14.85546875,7.8798828125,0.632568359375,0.0,2.46826171875,0.0,37.47412109375,0.0,0.0,0.0,0.0,0.000244140625,0.0,103.13003540039062,48.764739990234375,0.0,208.0,208.0,7.558363914489746,0.9984326171875,0.06630992889404297,-0.017406105995178223,-0.03486275672912598,0.07691157911915886,58,P001,0.0,0.0,0.0,0.0400390625,0.0,0.0,10.537353515625,0.0,0.123046875,0.0,0.0,0.0,0.036865234375,0.0,0.0,2.1181640625,0.0,0.0,0.0,0.0,0.0,0.0,0.0,0.0,0.0,0.0
132.48494384765624,76.19880718026423,1408.6568254844608,4556,0.08632568359375,0.0,0.0,0.0,0.0,0.24707031249999997,1.450439453125,0.0,0.73876953125,20.94873046875,0.0,0.0,14.651611328125,9.3017578125,0.1767578125,0.0,3.2871093749999996,0.0,42.69580078125,0.0,0.0,0.0,0.0,0.000244140625,0.0,100.83454132080078,49.32454299926758,0.0,208.0,208.0,7.577634811401367,0.9983447265625,0.037863731384277344,-0.008029550313949585,-0.01606130599975586,0.04190586334873379,59,P001,0.0,0.0,0.0,0.0458984375,0.0,0.0,3.566650390625,0.0,0.282958984375,0.0,0.0,0.0,0.04248046875,0.0,0.0,2.563720703125,0.0,0.0,0.0,0.0,0.0,0.0,0.0,0.0,0.0,0.0
130.19500244140625,76.18326789110178,1463.1604770793376,4486,0.09046630859375,0.0,0.0,0.0,0.0,0.304443359375,1.620849609375,0.0,0.9177246093750001,19.040771484375,0.0,0.0,14.885986328125,10.280029296875,0.17236328125,0.0,3.131103515625,0.0,45.469482421875,0.0,0.0,0.0,0.0,0.000244140625,0.0,99.40921783447266,49.56195831298828,0.0,208.0,208.0,7.577052116394043,0.99825927734375,0.11458492279052734,-0.010456383228302002,-0.019306182861328125,0.1166694869184024,60,P001,0.0,0.0,0.0,0.052490234375,0.0,0.0,0.871826171875,0.0,0.391357421875,0.0,0.0,0.0,0.0478515625,0.0,0.0,2.8134765625,0.0,0.0,0.0,0.0,0.0,0.0,0.0,0.0,0.0,0.0
129.4747900390625,77.71440386800526,1472.2423029273746,4548,0.09103759765625,0.0,0.0,0.0,0.0,0.33447265625,1.6064453125,0.0,1.01513671875,19.182373046875,0.0,0.0,15.420654296875,11.113525390625,0.1787109375,0.0,3.07470703125,0.0,43.923828125,0.0,0.0,0.0,0.0,0.000244140625,0.0,99.85484313964844,49.59590530395508,0.0,208.0,208.0,7.568361282348633,0.99832275390625,0.1361255645751953,-0.03565865755081177,-0.024538755416870117,0.1428420796076937,61,P001,0.0,0.0,0.0,0.05615234374999999,0.0,0.0,0.770751953125,0.0,0.48681640625000006,0.0,0.0,0.0,0.051513671875,0.0,0.0,2.78466796875,0.0,0.0,0.0,0.0,0.0,0.0,0.0,0.0,0.0,0.0
131.8077978515625,77.0388325168593,1464.6641244394245,4592,0.08887451171875,0.0,0.0,0.0,0.0,0.341064453125,1.482666015625,0.0,1.07275390625,20.84033203125,0.0,0.0,16.3193359375,8.142822265625,0.20458984375000003,0.0,3.08203125,0.0,43.226318359375,0.0,0.0,0.0,0.0,0.000244140625,0.0,101.456298828125,49.339454650878906,0.0,208.0,208.0,7.572445869445801,0.99851806640625,0.1176605224609375,-0.03482413291931152,-0.021190881729125977,0.1245221757271389,62,P001,0.0,0.0,0.0,0.058837890625,0.0,0.0,2.114501953125,0.0,0.591064453125,0.0,0.0,0.0,0.052978515625,0.0,0.0,2.470458984375,0.0,0.0,0.0,0.0,0.0,0.0,0.0,0.0,0.0,0.0
131.18972412109375,77.15183831663884,1449.567588726515,4649,0.08523193359375,0.0,0.0,0.0,0.0,0.34033203125,1.435791015625,0.0,1.086181640625,22.8427734375,0.0,0.0,17.26806640625,8.495849609375,0.238037109375,0.0,2.265869140625,0.0,38.45166015625,0.0,0.0,0.0,0.0,0.00146484375,0.0,102.6938705444336,49.02998352050781,0.0,208.0,208.0,7.555305004119873,0.99867919921875,0.12415647506713867,-0.04322157800197601,-0.020612239837646484,0.13307065618385813,63,P001,0.0,0.0,0.0,0.06079101562500001,0.0,0.0,4.879150390625,0.0,0.47143554687499994,0.0,0.0,0.0,0.053955078125,0.0,0.0,2.078369140625,0.0,0.0,0.0,0.0,0.0302734375,0.0,0.0,0.0,0.0,0.0
132.7896923828125,76.44621260777633,1481.1961889016084,4701,0.086669921875,0.0,0.0,0.0,0.0,0.355224609375,1.613525390625,0.0,1.162109375,24.2470703125,0.0,0.0,17.437744140625,7.471435546874999,0.28564453125,0.0,1.724609375,0.0,35.650390625,0.0,0.0,0.0,0.0,0.0009765625,0.0,104.19352722167969,48.85072708129883,0.0,208.0,208.0,7.559019088745117,0.9986865234375,0.05262041091918945,-0.020928621292114258,-0.008030891418457031,0.057196241585161324,64,P001,0.0,0.0,0.0,0.0654296875,0.0,0.0,7.12158203125,0.0,0.422119140625,0.0,0.0,0.0,0.05712890625,0.0,0.0,1.840576171875,0.0,0.0,0.0,0.0,0.54443359375,0.0,0.0,0.0,0.0,0.0
133.91462890625,76.40271714646205,1527.7342800807953,4685,0.0862744140625,0.0,0.0,0.0,0.0,0.35107421875,1.7065429687500002,0.0,1.159912109375,25.24609375,0.0,0.0,18.01513671875,6.40283203125,0.324462890625,0.0,1.29638671875,0.0,33.2255859375,0.0,0.0,0.0,0.0,0.0,0.0,104.786376953125,48.649803161621094,0.0,208.0,208.0,7.553928375244141,0.99844970703125,0.04500150680541992,-0.019401967525482178,-0.00646209716796875,0.04943005824826014,65,P001,0.0,0.0,0.0,0.06787109375,0.0,0.0,9.707275390625,0.0,0.3759765625,0.0,0.0,0.0,0.058837890625,0.0,0.0,1.6298828125000002,0.0,0.0,0.0,0.0,0.43212890625,0.0,0.0,0.0,0.0,0.0
134.59846435546876,76.3110729870493,1561.2704389858243,4715,0.0871826171875,0.0,0.0,0.0,0.0,0.347900390625,1.7866210937500002,0.0,1.157958984375,26.28955078125,0.0,0.0,18.36767578125,5.789306640625,0.374267578125,0.0,1.037353515625,0.0,30.18701171875,0.0,0.0,0.0,0.0,0.000244140625,0.0,105.54886627197266,48.42829513549805,0.0,208.0,208.0,7.548059463500977,0.9985546875,0.1008291244506836,-0.049959294497966766,-0.012726068496704102,0.11324485093640602,66,P001,0.0,0.0,0.0,0.0703125,0.0,0.0,12.4072265625,0.0,0.33154296875,0.0,0.0,0.0,0.06103515625,0.0,0.0,1.432373046875,0.0,0.0,0.0,0.0,0.359619140625,0.0,0.0,0.0,0.0,0.0
133.297685546875,76.189681486116,1608.0111995516718,4755,0.0877880859375,0.0,0.0,0.0,0.0,0.37109375,1.8903808593750002,0.0,1.2490234375,27.939453125000004,0.0,0.0,18.765380859375,5.251220703125,0.472900390625,0.0,0.9462890625,0.0,26.55615234375,0.0,0.0,0.0,0.0,0.000244140625,0.0,106.57019805908203,48.310787200927734,0.0,208.0,208.0,7.543983459472656,0.99850341796875,0.09600210189819336,-0.05653144791722298,-0.009701013565063477,0.11183164953034691,67,P001,0.0,0.0,0.0,0.075927734375,0.0,0.0,14.596923828125,0.0,0.3232421875,0.0,0.0,0.0,0.0654296875,0.0,0.0,1.20166015625,0.0,0.0,0.0,0.0,0.294677734375,0.0,0.0,0.0,0.0,0.0
131.22543212890625,75.92879559284131,1660.6370349471804,4740,0.0905908203125,0.0,0.0,0.0,0.0,0.397705078125,1.96337890625,0.0,1.35986328125,29.6572265625,0.0,0.0,19.166015625,4.823486328125,0.596435546875,0.0,1.008056640625,0.0,23.280029296875,0.0,0.0,0.0,0.0,0.0,0.0,107.31137084960938,48.046180725097656,0.0,208.0,208.0,7.536521911621094,0.99853271484375,0.037912845611572266,-0.024493064731359482,-0.003249645233154297,0.045253223934244094,68,P001,0.0,0.0,0.0,0.08203125,0.0,0.0,16.032470703125,0.0,0.327392578125,0.0,0.0,0.0,0.0703125,0.0,0.0,0.986083984375,0.0,0.0,0.0,0.0,0.24951171875000003,0.0,0.0,0.0,0.0,0.0
129.94318603515626,76.18307611365036,1652.3856778926618,4755,0.09047607421875,0.0,0.0,0.0,0.0,0.404052734375,1.9594726562500002,0.0,1.385498046875,30.11328125,0.0,0.0,19.02734375,4.8818359375,0.630615234375,0.0,1.31005859375,0.0,22.19189453125,0.0,0.0,0.0,0.0,0.000244140625,0.0,107.31144714355469,47.871612548828125,0.0,208.0,208.0,7.534749984741211,0.9984619140625,0.06689882278442383,-0.045987699180841446,-0.004994630813598633,0.0813342935228029,69,P001,0.0,0.0,0.0,0.08154296875,0.0,0.0,16.188232421875,0.0,0.333740234375,0.0,0.0,0.0,0.070068359375,0.0,0.0,1.164794921875,0.0,0.0,0.0,0.0,0.25732421875,0.0,0.0,0.0,0.0,0.0
125.9296044921875,75.70723889454018,1702.8064743364087,4805,0.09390625,0.0,0.0,0.0,0.0,0.448974609375,1.95849609375,0.0,1.536865234375,30.45751953125,0.0,0.0,18.732421875,5.62841796875,0.62158203125,0.0,1.9472656250000002,0.0,23.5244140625,0.0,0.0,0.0,0.0,0.001220703125,0.0,106.77355194091797,47.69015884399414,0.0,208.0,208.0,7.534004211425781,0.99900146484375,0.13898468017578125,-0.10591426864266396,-0.00765538215637207,0.17490905780329014,70,P001,0.0,0.0,0.0,0.079833984375,0.0,0.0,12.374755859375,0.0,0.364013671875,0.0,0.0,0.0,0.06884765625,0.0,0.0,1.95263671875,0.0,0.0,0.0,0.0,0.302734375,0.0,0.0,0.0,0.0,0.0
117.19283935546875,74.75664567287865,1823.214133287615,4887,0.10065673828125,0.0,0.0,0.0,0.0,0.626953125,2.291259765625,0.0,2.165771484375,30.038818359375004,0.0,0.0,19.01171875,6.970703125,0.723388671875,0.0,2.8125,0.0,25.131591796875004,0.0,0.0,0.0,0.0,0.00048828125,0.0,106.5035171508789,47.570274353027344,0.0,208.0,208.0,7.530272483825684,0.998671875,0.09917116165161133,-0.08353221416473389,-0.0035834312438964844,0.12971272522799268,71,P001,0.0,0.0,0.0,0.091796875,0.0,0.0,6.231689453125,0.0,0.45922851562499994,0.0,0.0,0.0,0.077880859375,0.0,0.0,2.970947265625,0.0,0.0,0.0,0.0,0.39526367187500006,0.0,0.0,0.0,0.0,0.0
109.73369873046875,73.99765178615004,1955.1840134406084,4815,0.110185546875,0.0,0.0,0.0,0.0,0.90869140625,2.647705078125,0.0,3.034423828125,27.626953124999996,0.0,0.0,20.045166015625,8.813720703125,0.8574218749999999,0.0,3.55078125,0.0,25.930664062499996,0.0,0.0,0.0,0.0,0.00048828125,0.0,104.60873413085938,47.406612396240234,0.0,208.0,208.0,7.525646209716797,0.99909423828125,0.0560765266418457,-0.0914556086063385,0.00411677360534668,0.10735759409882045,72,P001,0.0,0.0,0.0,0.10839843750000001,0.0,0.0,2.027099609375,0.0,0.55859375,0.0,0.0,0.0,0.091796875,0.0,0.0,3.798095703125,0.0,0.0,0.0,0.0,0.0,0.0,0.0,0.0,0.0,0.0
107.97633056640625,73.3828516336004,2001.2785908963142,4828,0.11576416015625,0.0,0.0,0.0,0.0,1.16357421875,3.12939453125,0.0,2.689453125,27.49072265625,0.0,0.0,20.6298828125,8.315185546875,1.082763671875,0.0,2.7734375,0.0,27.309570312499996,0.0,0.0,0.0,0.0,0.000732421875,0.0,102.75117492675781,47.548526763916016,0.0,208.0,208.0,7.531821250915527,0.99900146484375,-0.01607227325439453,-0.06380704045295715,0.015132427215576172,0.06751775123894417,73,P001,0.0,0.0,0.0,0.131591796875,0.0,0.0,0.605712890625,0.0,0.655517578125,0.0,0.0,0.0,0.111572265625,0.0,0.0,3.910888671875,0.0,0.0,0.0,0.0,0.0,0.0,0.0,0.0,0.0,0.0
106.170869140625,72.37068601555316,2059.717772753811,4861,0.12074462890625,0.0,0.0,0.0,0.0,1.167724609375,3.3747558593749996,0.0,2.6708984375,27.78271484375,0.0,0.0,21.727294921875,8.498291015625,1.226806640625,0.0,2.03564453125,0.0,26.638916015625004,0.0,0.0,0.0,0.0,0.00048828125,0.0,102.40808868408203,47.47478485107422,0.0,208.0,208.0,7.52871036529541,0.99904052734375,-0.024416446685791016,-0.0004367828369140625,0.008213996887207031,0.025764770382631873,74,P001,0.0,0.0,0.0,0.1474609375,0.0,0.0,0.56201171875,0.0,0.66748046875,0.0,0.0,0.0,0.122314453125,0.0,0.0,3.3771972656250004,0.0,0.0,0.0,0.0,0.0,0.0,0.0,0.0,0.0,0.0
104.8214453125,72.23906500471072,2080.6694903316256,4863,0.1217626953125,0.0,0.0,0.0,0.0,1.27392578125,3.247314453125,0.0,2.97314453125,27.8916015625,0.0,0.0,22.038330078125,8.693359375,1.210693359375,0.0,2.367919921875,0.0,25.327392578125004,0.0,0.0,0.0,0.0,0.0,0.0,102.90441131591797,47.4189567565918,0.0,208.0,208.0,7.525958061218262,0.99910400390625,-0.027396678924560547,0.007153034210205078,0.009192943572998047,0.029770020591933597,75,P001,0.0,0.0,0.0,0.1416015625,0.0,0.0,0.8332519531250001,0.0,0.651123046875,0.0,0.0,0.0,0.118896484375,0.0,0.0,3.2314453125000004,0.0,0.0,0.0,0.0,0.0,0.0,0.0,0.0,0.0,0.0
104.3273193359375,72.24275067533254,2084.134502326721,4843,0.12053466796875,0.0,0.0,0.0,0.0,1.1318359375,3.0966796875,0.0,3.37890625,28.552001953125,0.0,0.0,21.977294921875,8.58203125,1.189697265625,0.0,2.79541015625,0.0,23.34716796875,0.0,0.0,0.0,0.0,0.00048828125,0.0,103.67810821533203,47.19746780395508,0.0,208.0,208.0,7.522149085998535,0.99919189453125,-0.035910606384277344,0.016697406768798828,0.012093544006347656,0.04140807711452799,76,P001,0.0,0.0,0.0,0.12939453125,0.0,0.0,1.833984375,0.0,0.611083984375,0.0,0.0,0.0,0.10888671875,0.0,0.0,3.26513671875,0.0,0.0,0.0,0.0,0.0,0.0,0.0,0.0,0.0,0.0
105.39392333984375,72.47917610887875,2076.5732530383534,4891,0.1192333984375,0.0,0.0,0.0,0.0,0.97119140625,2.8857421875,0.0,3.272216796875,29.408447265625,0.0,0.0,21.695068359375,8.25,1.125,0.0,2.92529296875,0.0,21.80224609375,0.0,0.0,0.0,0.0,0.0,0.0,104.5605239868164,47.144676208496094,0.0,208.0,208.0,7.519998550415039,0.99928955078125,-0.031240463256835938,0.017805904150009155,0.010231256484985352,0.03738576435439811,77,P001,0.0,0.0,0.0,0.11669921875,0.0,0.0,3.4260253906250004,0.0,0.583984375,0.0,0.0,0.0,0.09912109374999999,0.0,0.0,3.4389648437500004,0.0,0.0,0.0,0.0,0.0,0.0,0.0,0.0,0.0,0.0
106.32779541015626,72.87194940195944,2050.247556089109,4908,0.1179345703125,0.0,0.0,0.0,0.0,0.9013671875,2.74951171875,0.0,3.042724609375,29.31982421875,0.0,0.0,21.550537109375,8.0908203125,1.034423828125,0.0,2.885498046875,0.0,21.785888671875,0.0,0.0,0.0,0.0,0.0,0.0,105.07171630859375,47.18340301513672,0.0,208.0,208.0,7.519969940185547,0.99924072265625,-0.026807785034179688,0.016557276248931885,0.008468151092529297,0.032626834326182144,78,P001,0.0,0.0,0.0,0.110595703125,0.0,0.0,4.203857421875,0.0,0.592041015625,0.0,0.0,0.0,0.093994140625,0.0,0.0,3.6389160156250004,0.0,0.0,0.0,0.0,0.0,0.0,0.0,0.0,0.0,0.0
107.43100341796875,73.02259098497647,2042.859304198736,4858,0.117412109375,0.0,0.0,0.0,0.0,0.9316406249999999,2.701171875,0.0,3.10595703125,27.656494140625,0.0,0.0,21.6474609375,8.497802734375,0.910400390625,0.0,2.631591796875,0.0,23.763427734375,0.0,0.0,0.0,0.0,0.00146484375,0.0,105.1201400756836,47.26017761230469,0.0,208.0,208.0,7.523218154907227,0.9991845703125,-0.02437114715576172,0.015602290630340576,0.007410764694213867,0.02987145326150726,79,P001,0.0,0.0,0.0,0.11230468749999999,0.0,0.0,3.5302734375,0.0,0.638916015625,0.0,0.0,0.0,0.095947265625,0.0,0.0,3.775146484375,0.0,0.0,0.0,0.0,0.0,0.0,0.0,0.0,0.0,0.0
108.92804931640624,73.0688172682838,1986.8804801168203,4839,0.11739990234375,0.0,0.0,0.0,0.0,1.027099609375,2.646484375,0.0,2.906494140625,25.87841796875,0.0,0.0,21.43017578125,9.053955078125,0.799560546875,0.0,2.383544921875,0.0,26.674072265625,0.0,0.0,0.0,0.0,0.001220703125,0.0,104.8255386352539,47.43769836425781,0.0,208.0,208.0,7.530117034912109,0.99916748046875,-0.08764982223510742,0.057015031576156616,0.024133920669555664,0.1073110026528523,80,P001,0.0,0.0,0.0,0.117919921875,0.0,0.0,2.34716796875,0.0,0.721435546875,0.0,0.0,0.0,0.10034179687500001,0.0,0.0,3.912109375,0.0,0.0,0.0,0.0,0.0,0.0,0.0,0.0,0.0,0.0
112.774404296875,74.38929008685058,1915.5910221658646,4820,0.11274658203125,0.0,0.0,0.0,0.0,0.920654296875,2.29150390625,0.0,2.526611328125,24.462158203125,0.0,0.0,20.6357421875,8.96484375,0.626708984375,0.0,2.595947265625,0.0,29.543945312499996,0.0,0.0,0.0,0.0,0.002197265625,0.0,104.75359344482422,47.64754104614258,0.0,208.0,208.0,7.534746170043945,0.998642578125,-0.11951971054077148,0.072553351521492,0.02601790428161621,0.14221772522424317,81,P001,0.0,0.0,0.0,0.107666015625,0.0,0.0,2.44677734375,0.0,0.729736328125,0.0,0.0,0.0,0.09375,0.0,0.0,4.0517578125,0.0,0.0,0.0,0.0,0.0,0.0,0.0,0.0,0.0,0.0
118.03711181640625,75.55197398871844,1864.1651805505514,4796,0.10862548828125,0.0,0.0,0.0,0.0,0.7099609375,2.046142578125,0.0,2.272705078125,23.5927734375,0.0,0.0,19.246337890625,8.496826171875,0.47705078125,0.0,3.2070312500000004,0.0,31.071044921875,0.0,0.0,0.0,0.0,0.002685546875,0.0,104.47314453125,47.82707977294922,0.0,208.0,208.0,7.53778076171875,0.99859619140625,-0.19495916366577148,0.10355834290385246,0.03138995170593262,0.22297698300575722,82,P001,0.0,0.0,0.0,0.087158203125,0.0,0.0,3.844482421875,0.0,0.699462890625,0.0,0.0,0.0,0.07861328125,0.0,0.0,4.167724609375,0.0,0.0,0.0,0.0,0.0,0.0,0.0,0.0,0.0,0.0
127.1273681640625,77.53676161893004,1771.668442219966,4744,0.1021875,0.0,0.0,0.0,0.0,0.4609375,1.7126464843750002,0.0,1.4697265625,23.4873046875,0.0,0.0,17.414306640625,7.6953125,0.33837890625,0.0,3.57568359375,0.0,31.966308593749996,0.0,0.0,0.0,0.0,0.005126953125,0.0,105.04606628417969,47.92092514038086,0.0,208.0,208.0,7.544976711273193,0.9987841796875,-0.1442704200744629,0.07210384123027325,0.021928071975708008,0.162769033815386,83,P001,0.0,0.0,0.0,0.064208984375,0.0,0.0,7.04638671875,0.0,0.721923828125,0.0,0.0,0.0,0.058349609375,0.0,0.0,3.9833984375,0.0,0.0,0.0,0.0,0.0,0.0,0.0,0.0,0.0,0.0
134.3449609375,78.05246014174159,1645.7324047533934,4763,0.097158203125,0.0,0.0,0.0,0.0,0.340576171875,1.5283203125,0.0,1.053955078125,24.1904296875,0.0,0.0,15.748291015624998,7.3271484375,0.27294921875,0.0,3.5068359374999996,0.0,31.503906250000004,0.0,0.0,0.0,0.0,0.0048828125,0.0,105.687744140625,47.92927169799805,0.0,208.0,208.0,7.545611381530762,0.99892822265625,-0.11601066589355469,0.058662375435233116,0.021083354949951172,0.131697595834988,84,P001,0.0,0.0,0.0,0.05322265625000001,0.0,0.0,10.06982421875,0.0,0.601806640625,0.0,0.0,0.0,0.048095703125,0.0,0.0,3.749755859375,0.0,0.0,0.0,0.0,0.0,0.0,0.0,0.0,0.0,0.0
139.169853515625,78.10685728325036,1528.2738265095652,4702,0.09098876953125,0.0,0.0,0.0,0.0,0.269287109375,1.405029296875,0.0,0.8190917968749999,24.52734375,0.0,0.0,15.062744140625,6.920166015625,0.23925781250000003,0.0,3.21875,0.0,30.770507812499996,0.0,0.0,0.0,0.0,0.004638671875,0.0,106.14143371582031,47.957157135009766,0.0,208.0,208.0,7.545312404632568,0.99868408203125,-0.09962177276611328,0.05271846055984497,0.022080421447753906,0.11485329209114326,85,P001,0.0,0.0,0.0,0.04833984375,0.0,0.0,12.832763671875,0.0,0.44921874999999994,0.0,0.0,0.0,0.04248046875,0.0,0.0,3.390380859375,0.0,0.0,0.0,0.0,0.0,0.0,0.0,0.0,0.0,0.0
141.98144775390625,77.92519935417799,1432.0410149031638,4698,0.0872705078125,0.0,0.0,0.0,0.0,0.22680664062499997,1.26123046875,0.0,0.677734375,24.3251953125,0.0,0.0,15.20166015625,6.49853515625,0.216064453125,0.0,2.822021484375,0.0,30.250244140625,0.0,0.0,0.0,0.0,0.004150390625,0.0,106.02055358886719,47.968841552734375,0.0,208.0,208.0,7.537812232971191,0.99859375,-0.030210018157958984,0.016639217734336853,0.007477760314941406,0.03529058887639301,86,P001,0.0,0.0,0.0,0.0439453125,0.0,0.0,15.191162109375,0.0,0.259521484375,0.0,0.0,0.0,0.038818359375,0.0,0.0,2.98291015625,0.0,0.0,0.0,0.0,0.0,0.0,0.0,0.0,0.0,0.0
141.807822265625,77.77141878874092,1387.1239200286632,4687,0.085087890625,0.0,0.0,0.0,0.0,0.21850585937499997,1.21142578125,0.0,0.6513671875,24.28515625,0.0,0.0,15.562500000000002,6.317138671875,0.214111328125,0.0,2.588134765625,0.0,30.266357421875,0.0,0.0,0.0,0.0,0.002197265625,0.0,106.15540313720703,47.938289642333984,0.0,208.0,208.0,7.533067226409912,0.99857666015625,-0.006143093109130859,0.003427848219871521,0.0015647411346435547,0.007206674072300828,87,P001,0.0,0.0,0.0,0.044189453125,0.0,0.0,15.677490234375,0.0,0.20678710937500003,0.0,0.0,0.0,0.0400390625,0.0,0.0,2.714599609375,0.0,0.0,0.0,0.0,0.0,0.0,0.0,0.0,0.0,0.0
140.8974365234375,77.5244574139983,1370.1346402580677,4690,0.0847509765625,0.0,0.0,0.0,0.0,0.223876953125,1.205078125,0.0,0.66357421875,24.216552734375,0.0,0.0,15.729248046875,6.507568359375,0.21630859375,0.0,2.547119140625,0.0,31.046875,0.0,0.0,0.0,0.0,0.002197265625,0.0,106.2274398803711,47.95916748046875,0.0,208.0,208.0,7.535061836242676,0.99864990234375,-0.009514331817626953,0.0053371042013168335,0.002450227737426758,0.011180823187801418,88,P001,0.0,0.0,0.0,0.04443359375,0.0,0.0,14.725830078124998,0.0,0.19628906249999997,0.0,0.0,0.0,0.0400390625,0.0,0.0,2.635009765625,0.0,0.0,0.0,0.0,0.0,0.0,0.0,0.0,0.0,0.0
140.4159619140625,77.25490615806052,1381.9667950719595,4707,0.0858251953125,0.0,0.0,0.0,0.0,0.225830078125,1.23828125,0.0,0.674072265625,23.998779296875,0.0,0.0,15.627197265625,6.79296875,0.2109375,0.0,2.617431640625,0.0,32.01904296875,0.0,0.0,0.0,0.0,0.0017089843750000002,0.0,105.91333770751953,48.096317291259766,0.0,208.0,208.0,7.540007591247559,0.99870849609375,-0.05779600143432617,0.033229678869247437,0.015598535537719727,0.06846826747093465,89,P001,0.0,0.0,0.0,0.044677734375,0.0,0.0,13.655517578125002,0.0,0.1904296875,0.0,0.0,0.0,0.040771484375,0.0,0.0,2.662353515625,0.0,0.0,0.0,0.0,0.0,0.0,0.0,0.0,0.0,0.0
141.2845458984375,77.47908081731316,1363.8837115030226,4667,0.08395751953125,0.0,0.0,0.0,0.0,0.20849609374999997,1.196044921875,0.0,0.615234375,23.3388671875,0.0,0.0,15.2900390625,7.08642578125,0.195556640625,0.0,2.615478515625,0.0,32.239990234375,0.0,0.0,0.0,0.0,0.001953125,0.0,105.72216033935547,48.10127258300781,0.0,208.0,208.0,7.538264751434326,0.99850341796875,-0.02289724349975586,0.013560488820075989,0.0064907073974609375,0.027391602717730338,90,P001,0.0,0.0,0.0,0.04248046875,0.0,0.0,14.381103515624998,0.0,0.0947265625,0.0,0.0,0.0,0.038330078125,0.0,0.0,2.6552734375,0.0,0.0,0.0,0.0,0.0,0.0,0.0,0.0,0.0,0.0
141.75649169921874,77.90011140261278,1337.0410131552155,4640,0.0834130859375,0.0,0.0,0.0,0.0,0.19604492187499997,1.16552734375,0.0,0.572021484375,23.13330078125,0.0,0.0,15.04736328125,7.378417968750001,0.190673828125,0.0,2.59912109375,0.0,30.898437499999996,0.0,0.0,0.0,0.0,0.0017089843750000002,0.0,105.61811828613281,48.03206253051758,0.0,208.0,208.0,7.534511089324951,0.99851318359375,-0.050884246826171875,0.030951455235481262,0.014956235885620117,0.06140755774436152,91,P001,0.0,0.0,0.0,0.041015625,0.0,0.0,16.06201171875,0.0,0.055908203125,0.0,0.0,0.0,0.037353515625,0.0,0.0,2.62109375,0.0,0.0,0.0,0.0,0.0,0.0,0.0,0.0,0.0,0.0
141.690146484375,79.14464051743992,1303.499792858213,4641,0.0812109375,0.0,0.0,0.0,0.0,0.175048828125,1.079345703125,0.0,0.500732421875,22.66455078125,0.0,0.0,14.808593749999998,8.37060546875,0.181396484375,0.0,2.502685546875,0.0,28.2939453125,0.0,0.0,0.0,0.0,0.003662109375,0.0,105.3197250366211,48.1530876159668,0.0,208.0,208.0,7.534775733947754,0.99838623046875,-0.11890125274658203,0.0710463672876358,0.03908491134643555,0.14391915961551108,92,P001,0.0,0.0,0.0,0.038818359375,0.0,0.0,18.808349609375,0.0,0.0078125,0.0,0.0,0.0,0.03515625,0.0,0.0,2.529296875,0.0,0.0,0.0,0.0,0.0,0.0,0.0,0.0,0.0,0.0
142.67154541015626,78.86273237419444,1270.2809837041796,4580,0.07873046875,0.0,0.0,0.0,0.0,0.14599609375,0.9387207031250001,0.0,0.392822265625,22.091796875,0.0,0.0,14.362792968749998,8.1484375,0.166015625,0.0,2.30322265625,0.0,27.477294921875,0.0,0.0,0.0,0.0,0.008544921875,0.0,104.5644302368164,48.18313980102539,0.0,208.0,208.0,7.534580230712891,0.9982177734375,-0.15757322311401367,0.07958266139030457,0.06210494041442871,0.18713563065429936,93,P001,0.0,0.0,0.0,0.0341796875,0.0,0.0,21.5009765625,0.0,0.0,0.0,0.0,0.0,0.031494140625,0.0,0.0,2.397705078125,0.0,0.0,0.0,0.0,0.0,0.0,0.0,0.0,0.0,0.0
144.05760498046874,77.51723944805242,1247.6195904445653,4490,0.07760009765625,0.0,0.0,0.20556640625,0.0,0.121826171875,0.778564453125,0.0,0.29296875,22.2548828125,0.0,0.0,13.918701171875,7.302978515625,0.67138671875,0.0,2.095947265625,0.0,28.292480468749996,0.0,0.0,0.0,0.0,0.021728515625,0.0,104.17566680908203,48.42435836791992,0.0,208.0,208.0,7.541036128997803,0.99839599609375,-0.20894384384155273,0.07319977879524231,0.09779393672943115,0.24203179864636706,94,P001,0.0,0.0,0.0,0.031005859375,0.0,0.0,21.712890625,0.0,0.0,0.0,0.0,0.0,0.028320312499999997,0.0,0.0,2.270751953125,0.0,0.0,0.0,0.0,0.0,0.0,0.0,0.0,0.0,0.0
146.22818603515626,73.56230909451492,1153.2964860544143,4448,0.0723681640625,0.0,0.0,0.8046875,0.0,0.1025390625,0.58984375,0.0,0.18994140625,24.1689453125,0.0,0.0,11.779052734375,6.670166015624999,0.67626953125,0.0,1.84716796875,0.0,29.851318359375,0.0,0.0,0.0,0.0,0.01806640625,0.0,104.13653564453125,48.58955383300781,0.0,208.0,208.0,7.540914058685303,0.99864990234375,-0.18131589889526367,0.04366546869277954,0.09262669086456299,0.208235040780549,95,P001,0.0,0.0,0.0,0.028320312499999997,0.0,0.0,21.12939453125,0.0,0.0,0.0,0.0,0.0,0.0263671875,0.0,0.0,2.117919921875,0.0,0.0,0.0,0.0,0.0,0.0,0.0,0.0,0.0,0.0
146.49624267578125,69.27981364478366,1088.6543211688759,4428,0.06942138671875,0.0,0.0,1.38134765625,0.0,0.088623046875,0.489013671875,0.0,0.119873046875,26.113037109374996,0.0,0.0,9.740478515625,6.39599609375,0.609619140625,0.0,1.675537109375,0.0,30.929931640625004,0.0,0.0,0.0,0.0,0.042724609375,0.0,104.66020202636719,48.66050338745117,0.0,208.0,208.0,7.537374496459961,0.9987158203125,-0.23047351837158203,0.040357232093811035,0.12103891372680664,0.26343342135920234,96,P001,0.0,0.0,0.0,0.026611328125000003,0.0,0.0,20.56591796875,0.0,0.0,0.0,0.0,0.0,0.0234375,0.0,0.0,1.7978515625,0.0,0.0,0.0,0.0,0.0,0.0,0.0,0.0,0.0,0.0
149.362587890625,64.61563308372546,1014.006240515894,4417,0.06729248046875,0.0,0.0,0.651611328125,0.0,0.06640625,0.3544921875,0.0,0.052734375,30.5966796875,0.0,0.0,7.74365234375,6.02001953125,0.522705078125,0.0,1.486328125,0.0,30.698974609375,0.0,0.0,0.0,0.0,0.09228515625,0.0,105.93390655517578,47.977394104003906,0.0,208.0,208.0,7.534646987915039,0.9990966796875,-0.1489701271057129,0.017881572246551514,0.07744753360748291,0.16884895574975609,97,P001,0.0,0.0,0.0,0.021728515625,0.0,0.0,20.181640625,0.0,0.0,0.0,0.0,0.0,0.020751953125,0.0,0.0,1.489990234375,0.0,0.0,0.0,0.0,0.0,0.0,0.0,0.0,0.0,0.0
149.93882568359376,62.4743566564443,994.1117039041279,4326,0.06883056640625,0.0,0.0,0.267578125,0.0,0.04638671875,0.22705078125000003,0.0,0.023193359375,36.122802734375,0.0,0.0,6.793945312499999,5.872314453125,0.447265625,0.0,1.372314453125,0.0,28.811279296874996,0.0,0.0,0.0,0.0,0.16845703125,0.0,107.72969055175781,48.05913543701172,0.0,208.0,208.0,7.539213180541992,0.99870361328125,-0.19650650024414062,0.014529228210449219,0.12195944786071777,0.23173262617310256,98,P001,0.0,0.0,0.0,0.020751953125,0.0,0.0,17.991455078125,0.0,0.0,0.0,0.0,0.0,0.02001953125,0.0,0.0,1.310791015625,0.0,0.0,0.07080078125,0.43359375000000006,0.0,0.0,0.0,0.0,0.0,0.0
155.14982666015624,60.43768332055341,716.3741200469437,3769,0.0537744140625,0.0,0.0,0.662841796875,0.0,0.01171875,0.0,0.0,0.0,49.37158203125,0.0,0.0,2.619384765625,5.658203125,0.3701171875,0.0,1.0859375,0.0,22.157958984375,0.0,0.0,0.0,0.0,0.177734375,0.0,108.50175476074219,48.31104278564453,0.0,208.0,208.0,7.546204566955566,0.99861572265625,-0.1114511489868164,0.008816540241241455,0.08850836753845215,0.14259320150914878,99,P001,0.0,0.0,0.0,0.018798828125,0.0,1.8518066406249998,14.877197265625,0.0,0.0,0.0,0.0,0.0,0.017333984375,0.0,0.0,1.119384765625,0.0,0.0,0.0,0.0,0.0,0.0,0.0,0.0,0.0,0.0
156.79651611328126,57.99389715729956,611.6124487636328,3091,0.047587890625,0.0,0.0,0.9052734375,0.0,0.001220703125,0.0,0.0,0.0,52.6005859375,0.0,0.0,0.393310546875,5.626220703125,0.3408203125,0.0,0.82666015625,0.0,20.4453125,0.0,0.0,0.0,0.0,0.02294921875,0.0,106.1640853881836,49.0286750793457,0.0,208.0,208.0,7.557677268981934,0.9982421875,-0.05225801467895508,0.004896581172943115,0.044980764389038086,0.06912413305345147,100,P001,0.0,0.0,0.0,0.01953125,0.0,2.2646484375,13.33984375,0.0,0.0,0.0,0.0,0.0,2.226806640625,0.0,0.0,0.98681640625,0.0,0.0,0.0,0.0,0.0,0.0,0.0,0.0,0.0,0.0
157.1367041015625,56.82432137288237,580.3787658320366,2880,0.04660888671875,0.0,0.0,0.586181640625,0.0,0.0,0.0,0.0,0.0,52.962158203125,0.0,0.0,0.0,5.693603515625,0.73876953125,0.0,0.677978515625,0.0,20.571044921875,0.0,0.0,0.0,0.0,0.0,0.0,104.9411849975586,49.12492752075195,0.0,208.0,208.0,7.5662031173706055,0.9982861328125,-0.10979175567626953,0.011276543140411377,0.0986250638961792,0.14801450357380744,101,P001,0.0,0.0,0.0,1.240234375,0.0,2.24169921875,12.79248046875,0.0,0.0,0.0,0.0,0.0,1.583740234375,0.0,0.0,0.912109375,0.0,0.0,0.0,0.0,0.0,0.0,0.0,0.0,0.0,0.0
157.5410888671875,54.476127774024725,561.4127465788783,2695,0.0449951171875,0.0,0.0,1.821533203125,0.0,0.0,0.0,0.0,0.00537109375,57.64306640625,0.0,0.001953125,0.0,5.074951171875,0.68212890625,0.0,0.30419921875,0.0,18.1533203125,0.0,0.0,0.0,0.0,0.029296875,0.0,104.22055053710938,49.198577880859375,0.0,208.0,208.0,7.569910049438477,0.998359375,-0.038576602935791016,0.004209935665130615,0.035660505294799805,0.05270246189933316,102,P001,0.0,0.0,0.0,1.196044921875,0.0,2.373046875,11.044921875,0.0,0.0,0.0,0.0,0.0,0.8269042968749999,0.0,0.0,0.84326171875,0.0,0.0,0.0,0.0,0.0,0.0,0.0,0.0,0.0,0.0
158.191435546875,53.60139183755941,546.2813725547253,2677,0.0441552734375,0.0,0.0,2.757568359375,0.0,0.0,0.0,0.0,0.0,59.4384765625,0.0,0.0,0.0,4.813720703125,0.679931640625,0.0,0.176513671875,0.0,17.080810546875,0.0,0.0,0.0,0.0,0.0,0.0,103.97543334960938,49.29790115356445,0.0,208.0,208.0,7.568970203399658,0.99823486328125,-0.09837484359741211,0.011226952075958252,0.09288692474365234,0.13576315808813558,103,P001,0.0,0.0,0.0,0.9296875,0.0,2.461181640625,10.137939453125,0.0,0.0,0.0,0.0,0.0,0.68017578125,0.0,0.0,0.843994140625,0.0,0.0,0.0,0.0,0.0,0.0,0.0,0.0,0.0,0.0
159.43179931640626,51.93817230343637,490.8872768566549,2348,0.04069091796875,0.0,0.0,4.44091796875,0.0,0.0,0.0,0.0,0.0,62.35302734375,0.0,0.0,0.0,4.2333984375,0.587890625,0.0,0.0,0.0,14.946533203125,0.0,0.374755859375,0.0,0.0,0.0,0.0,103.30513763427734,49.4282112121582,0.0,208.0,208.0,7.569531440734863,0.99817626953125,-0.15478849411010742,0.01915055513381958,0.15177059173583984,0.21762475545455576,104,P001,0.0,0.0,0.0,0.5625,0.0,2.64892578125,8.572998046875,0.0,0.0,0.0,0.0,0.0,0.443359375,0.0,0.0,0.8349609375000001,0.000732421875,0.0,0.0,0.0,0.0,0.0,0.0,0.0,0.0,0.0
152.5622509765625,58.383399019463724,500.1369042221071,2290,0.04497802734375,0.0,0.0,2.853515625,0.0,0.0,0.0,0.0,0.000244140625,54.153564453125,0.0,0.0,0.0,3.663818359375,0.4794921875,0.0,0.0,0.0,12.68359375,0.0,10.756591796875,0.0,0.0,0.0,0.0,102.11656188964844,49.62743377685547,0.0,208.0,208.0,7.575525283813477,0.998251953125,-0.18500804901123047,0.028865933418273926,0.19980359077453613,0.2738296828275715,105,P001,0.0,0.0,0.0,0.30029296875,0.0,2.7578125,7.031005859375,0.0,0.0,0.0,0.0,0.0,0.272705078125,0.0,0.0,0.789306640625,4.258056640625,0.0,0.0,0.0,0.0,0.0,0.0,0.0,0.0,0.0
160.16711669921875,65.00337862490973,541.4335399532318,2609,0.0506787109375,0.0,0.0,1.091796875,0.0,0.0,0.0,0.0,0.09033203125,53.9150390625,0.0,0.03271484375,0.0,3.1284179687499996,0.37890625,0.0,0.0,0.0,11.1962890625,0.0,11.8056640625,0.0,0.0,1.026611328125,0.0,99.87921142578125,49.50398254394531,0.0,208.0,208.0,7.57034969329834,0.99776123046875,-0.18648624420166016,0.015524625778198242,0.10739678144454956,0.21575959294233632,106,P001,0.0,0.0,0.0,0.187744140625,0.0,2.748046875,5.517822265625,0.0,0.0,0.0,0.0,0.0,0.161376953125,0.0,0.0,0.685302734375,8.033935546875,0.0,0.0,0.0,0.0,0.0,0.0,0.0,0.0,0.0
173.21661376953125,60.62374849592778,570.116477627182,2902,0.04667236328125,0.0,0.0,0.40576171875,0.0,0.0,0.0,0.0,0.19873046875,60.637451171875,0.0,0.121337890625,0.05566406249999999,2.2998046875,0.27099609375,0.0,0.0,0.0,11.17822265625,0.0,6.235595703125,0.0,0.0,2.14990234375,0.0,98.43941497802734,49.26679992675781,0.0,208.0,208.0,7.561784744262695,0.99795654296875,-0.12874507904052734,-0.022132456302642822,0.04332327842712402,0.13763011099615569,107,P001,0.0,0.0,0.0,0.12158203125000001,0.0,2.234375,4.34814453125,0.02978515625,0.0,0.0,0.0,0.0,0.10839843750000001,0.0,0.0,0.592529296875,9.01171875,0.0,0.0,0.0,0.0,0.0,0.0,0.0,0.0,0.0
177.12379150390626,57.0326253719387,548.7092866080998,2941,0.04224853515625,0.0,0.0,0.158203125,0.0,0.0,0.0,0.0,0.273193359375,64.823974609375,0.0,0.11181640625,0.0810546875,1.8955078125,0.22485351562500003,0.0,0.0,0.0,11.02392578125,0.0,4.247314453125,0.0,0.0,2.14794921875,0.0,99.4744644165039,49.08380126953125,0.0,208.0,208.0,7.5573320388793945,0.997998046875,-0.11532831192016602,-0.04704493284225464,0.03794515132904053,0.13020629687488675,108,P001,0.0,0.0,0.0,0.09521484375,0.0,1.89404296875,3.653076171875,0.0146484375,0.0,0.0,0.0,0.0,0.084716796875,0.0,0.0,0.510498046875,8.760009765625,0.0,0.0,0.0,0.0,0.0,0.0,0.0,0.0,0.0
180.46333984375,55.264783741986804,509.9205100272598,2803,0.03736083984375,0.0,0.0,0.0,0.0,0.0,0.0,0.0,0.257080078125,67.908447265625,0.0,0.096923828125,0.060546875,1.711669921875,0.208984375,0.0,0.0,0.0,9.933349609375,0.0,3.2641601562499996,0.0,0.0,2.05615234375,0.0,101.05549621582031,48.89455795288086,0.0,208.0,208.0,7.556078910827637,0.9983203125,-0.1390361785888672,-0.09326350688934326,0.0441855788230896,0.17315168509092083,109,P001,0.0,0.0,0.0,0.079345703125,0.0,1.8017578125,2.9931640625,0.0,0.0,0.0,0.0,0.0,0.072021484375,0.0,0.0,0.425537109375,9.130859375,0.0,0.0,0.0,0.0,0.0,0.0,0.0,0.0,0.0
180.23300537109375,54.9371889478624,516.5541107223927,2416,0.04057861328125,0.0,0.0,0.0,0.0,0.0,0.0,0.0,0.239990234375,66.001220703125,0.0,0.09033203125,0.01806640625,1.620361328125,0.39257812499999994,0.0,0.0,0.0,11.9326171875,0.0,2.43994140625,0.0,0.0,2.303955078125,0.0,102.13955688476562,48.4718132019043,0.0,208.0,208.0,7.55472469329834,0.9985791015625,-0.09547615051269531,-0.09788671135902405,0.026761233806610107,0.13933293656655554,110,P001,0.0,0.0,0.0,0.066650390625,0.004638671875,1.9731445312499998,2.322265625,0.0,0.0,0.0,0.006103515625,0.9133300781249999,0.0595703125,0.0,0.0,0.333251953125,9.281982421875,0.0,0.0,0.0,0.0,0.0,0.0,0.0,0.0,0.0
177.2011572265625,58.663689339343584,551.6474223319948,2647,0.0448779296875,0.0,0.0,0.0,0.0,0.0,0.0,0.0,0.237548828125,59.6181640625,0.0,0.089599609375,0.00048828125,1.61962890625,0.6748046875,0.0,0.0,0.0,14.9345703125,0.0,1.950439453125,0.0,0.0,2.71875,0.0,105.2913589477539,48.384246826171875,0.0,208.0,208.0,7.548433780670166,0.99888916015625,-0.035628557205200195,-0.050757914781570435,0.008167147636413574,0.06254967867233505,111,P001,0.0,0.0,0.0,0.06884765625,0.49853515625000006,2.537109375,2.012939453125,0.0,0.0,0.0,1.36376953125,2.963134765625,0.046875,0.0,0.0,0.2626953125,8.402099609375,0.0,0.0,0.0,0.0,0.0,0.0,0.0,0.0,0.0
174.9264501953125,61.584991652768316,532.8834643537461,2620,0.0453857421875,0.0,0.0,0.0,0.0,0.0,0.0,0.0,0.23583984375,57.91064453125,0.0,0.0859375,0.003662109375,1.65869140625,0.757568359375,0.0,0.0,0.0,15.427001953125,0.0,1.677001953125,0.0,0.0,2.798583984375,0.0,107.07498931884766,48.057308197021484,0.0,208.0,208.0,7.536124229431152,0.99915283203125,-0.004940986633300781,-0.0079897940158844,0.0011032819747924805,0.009458720232812743,112,P001,0.0,0.0,0.0,0.138916015625,0.72216796875,3.1328125,1.9399414062499998,0.0,0.0,0.0,2.044677734375,3.403564453125,0.13232421875,0.0,0.0,0.21264648437500003,7.718017578125,0.0,0.0,0.0,0.0,0.0,0.0,0.0,0.0,0.0
175.6467529296875,61.81784320864205,527.10616564939,2468,0.042685546875,0.0,0.0,0.0,0.0,0.0,0.0,0.0,0.23901367187499997,57.91015625,0.0,0.088623046875,0.006591796875,1.709716796875,0.7890625,0.0,0.0,0.0,14.71484375,0.0,1.6076660156249998,0.0,0.0,2.620849609375,0.0,107.67166137695312,47.95066452026367,0.0,208.0,208.0,7.532319068908691,0.9992041015625,-0.012701988220214844,-0.021842122077941895,0.0028910040855407715,0.025431805013345136,113,P001,0.0,0.0,0.0,0.136962890625,0.76220703125,3.062255859375,1.955078125,0.0,0.0,0.0,2.701904296875,3.5136718749999996,0.128173828125,0.0,0.0,0.20629882812499997,7.846923828125001,0.0,0.0,0.0,0.0,0.0,0.0,0.0,0.0,0.0
176.9184619140625,61.737669900504564,546.3666209712983,2507,0.045419921875,0.0,0.0,0.0,0.0,0.0,0.0,0.0,0.23901367187499997,58.67041015625,0.0,0.091796875,0.013671875000000002,1.515380859375,0.65869140625,0.0,0.0,0.0,13.839599609375,0.0,1.363525390625,0.0,0.0,1.84130859375,0.0,109.14436340332031,47.63677215576172,0.0,208.0,208.0,7.527144432067871,0.99914306640625,-0.02429485321044922,-0.04827919602394104,0.006262719631195068,0.05440902791278627,114,P001,0.0,0.0,0.0,0.133544921875,0.7922363281250001,2.931396484375,1.990234375,0.0,0.0,0.0,4.042236328125,3.7822265624999996,0.119140625,0.0,0.0,0.182861328125,7.792724609375,0.0,0.0,0.0,0.0,0.0,0.0,0.0,0.0,0.0
178.0410986328125,61.880900644813806,536.3625873941183,2469,0.0424462890625,0.0,0.0,0.0,0.0,0.0,0.0,0.0,0.17919921875,61.07373046875,0.0,0.099365234375,0.004638671875,1.09033203125,0.66748046875,0.0,0.0,0.0,11.64599609375,0.0,0.8549804687500001,0.0,0.0,0.627685546875,0.0,112.16483306884766,46.73073196411133,0.0,208.0,208.0,7.490133285522461,0.999453125,-0.04147481918334961,-0.11640274524688721,0.020960211753845215,0.12533590947557408,115,P001,0.0,0.0,0.0,0.13623046875,0.685791015625,2.9072265625,1.8659667968750002,0.0,0.0,0.24707031249999997,6.538818359375,4.19775390625,0.112060546875,0.61865234375,0.0,0.13427734375,6.312744140625,0.0,0.0,0.0,0.0,0.0,0.0,0.0,0.0,0.0
164.06524658203125,69.16366546334093,561.3377161983908,2344,0.03919189453125,0.0,0.0,0.0,0.0,0.0,0.0,0.0,0.033935546875,63.390625,0.0,0.008056640625,0.0,0.5224609375,0.761474609375,0.0,0.0,0.0,7.728759765625,0.0,0.15087890625,0.0,0.0,0.0,0.0,113.9327621459961,44.91937255859375,0.0,208.0,208.0,7.333040714263916,0.9994482421875,-0.026693344116210938,-0.15220919623970985,0.06405177712440491,0.16728061511376444,116,P001,0.0,0.0,0.0,0.07373046875,0.6064453125,2.06982421875,1.6481933593750002,0.0,0.0,0.408935546875,9.7177734375,4.838134765625,0.0810546875,4.7880859375,0.0,0.1513671875,3.020263671875,0.0,0.0,0.0,0.0,0.0,0.0,0.0,0.0,0.0
148.84135009765626,82.48109163427182,423.3150805553855,1849,0.030263671875,0.0,0.0,0.3916015625,0.0,0.0,0.0,0.0,0.0,62.521484375,0.0,0.0,0.0,0.0,0.73681640625,0.0,0.0,0.0,4.03125,0.0,0.0,0.0,0.0,0.0,0.0,108.35400390625,44.77582550048828,0.0,208.0,208.0,7.349427700042725,0.99990478515625,-0.0026578903198242188,-0.16938475891947746,0.13825538754463196,0.21866141205132214,117,P001,0.0,0.0,0.0,0.082763671875,0.60693359375,0.0,0.0,0.0,0.0,0.43017578125,12.2939453125,5.45703125,0.094482421875,13.353515625,0.0,0.0,0.0,0.0,0.0,0.0,0.0,0.0,0.0,0.0,0.0,0.0
139.48242919921876,74.0974394369381,398.55229793548574,1808,0.0373583984375,0.0,0.0,0.493408203125,0.0,0.0,0.0,0.0,0.0,50.433349609375,0.0,0.0,0.0,0.0,0.74267578125,0.0,0.0,0.0,2.063232421875,0.0,0.0,0.0,0.0,0.0,0.0,101.41783142089844,45.23709487915039,0.0,208.0,208.0,7.433279037475586,0.9999365234375,0.005429267883300781,-0.09644924104213715,0.09656889736652374,0.13659240456899172,118,P001,0.0,0.0,0.0,0.10522460937499999,0.65869140625,0.0,0.0,0.0,0.0,0.549560546875,15.802001953125,5.83056640625,0.121337890625,23.199951171875,0.0,0.0,0.0,0.0,0.0,0.0,0.0,0.0,0.0,0.0,0.0,0.0
186.15089111328126,52.02762152266358,591.0397569217621,3338,0.0428515625,0.0,0.0,0.0,0.0,0.0,0.0,0.0,0.098876953125,52.14013671875,0.0,0.03369140625,2.783447265625,1.280029296875,0.04931640625,0.0,0.0,0.0,3.5251464843749996,0.0,0.2783203125,0.0,0.0,9.134765625,0.0,97.04969787597656,47.445438385009766,0.0,208.0,208.0,7.447498798370361,0.9998486328125,-0.1776440143585205,-0.03540050983428955,-0.026285871863365173,0.18303425633895729,0,P002,0.0,0.0,0.0,0.005859375,0.0,1.13916015625,0.98193359375,0.03515625,0.0,0.0,0.0,0.0,0.04248046875,0.0,0.0,0.34033203125,28.13134765625,0.0,0.0,0.0,0.0,0.0,0.0,0.0,0.0,0.0
179.31588134765624,53.86928670882112,658.448126827234,3736,0.04721923828125,0.0,0.0,0.0,0.0,0.0,0.0,0.0,0.11035156249999999,53.568115234375,0.0,0.0302734375,4.029052734375,1.3125,0.0634765625,0.0,0.0,0.0,3.47216796875,0.0,0.725830078125,0.0,0.0,10.521484375,0.0,96.47638702392578,47.25619888305664,0.0,208.0,208.0,7.505010604858398,0.99891357421875,-0.18458008766174316,-0.030176281929016113,-0.027771443128585815,0.1890811196437141,1,P002,0.0,0.0,0.0,0.05371093750000001,0.0,0.89306640625,0.884765625,0.01953125,0.0,0.0,0.0,0.0,0.05078125,0.0,0.0,0.274658203125,23.990234375,0.0,0.0,0.0,0.0,0.0,0.0,0.0,0.0,0.0
173.31843017578126,57.62275243190506,734.9683081017434,3907,0.052548828125,0.0,0.0,0.0,0.0,0.0,0.0,0.0,0.096923828125,54.794189453125,0.0,0.029296875,5.1435546875,1.104248046875,0.151123046875,0.0,0.0,0.0,3.5800781249999996,0.0,0.85107421875,0.0,0.0,11.6484375,0.0,96.14399719238281,47.15119552612305,0.0,208.0,208.0,7.470677375793457,0.9988427734375,-0.2268216609954834,-0.025861382484436035,-0.03490668535232544,0.2309444818198576,2,P002,0.0,0.0,0.0,0.0419921875,0.0,0.5966796875,0.7973632812499999,0.008544921875,0.0,0.0,0.0,0.0,0.03369140625,0.0,0.0,0.223876953125,20.89892578125,0.0,0.0,0.0,0.0,0.0,0.0,0.0,0.0,0.0
164.236025390625,60.987897509267505,756.156736028194,4163,0.05527099609375,0.0,0.0,0.28125,0.0,0.0,0.00048828125,0.0,0.083740234375,57.458984375,0.0,0.029052734375,4.62939453125,0.9208984375,0.123291015625,0.0,0.0,0.0,3.93701171875,0.0,0.812744140625,0.0,0.0,8.30810546875,0.0,99.66194152832031,47.351322174072266,0.0,208.0,208.0,7.443320274353027,0.99970947265625,-0.3076465129852295,-0.021767139434814453,-0.04827025532722473,0.31217015049568897,3,P002,0.0,0.0,0.0,0.03076171875,0.0,0.414306640625,0.70849609375,0.001220703125,0.0,0.0,0.86767578125,0.0,0.026611328125000003,2.927490234375,0.0,0.182861328125,18.255615234375,0.0,0.0,0.0,0.0,0.0,0.0,0.0,0.0,0.0
159.15530517578125,63.426199069839484,972.8693135699991,4094,0.065078125,0.0,0.730224609375,3.471923828125,0.0,0.0,1.2880859375,0.0,0.06982421875,55.53564453124999,0.0,0.026611328125000003,4.708984375,0.76708984375,0.096435546875,0.0,0.0,0.0,5.940673828125,0.0,0.57666015625,0.0,0.0,5.165771484375,0.0,105.4471206665039,48.0511360168457,0.0,208.0,208.0,7.435921669006348,0.99927001953125,-0.28922390937805176,-0.014174401760101318,-0.0458168089389801,0.2931732651565133,4,P002,0.0,0.0,0.0,0.02197265625,0.0,0.28857421875,0.61767578125,0.0,0.0,0.0,1.5302734375,0.0,0.45410156250000006,4.695068359375,0.0,0.126953125,13.450683593750002,0.0,0.0,0.0,0.0,0.436767578125,0.0,0.0,0.0,0.0
156.71112548828125,67.97992660444247,1333.9404940246045,4647,0.08470947265625,0.0,0.25830078125,5.654052734375,0.0,0.0,7.28271484375,0.0,0.06005859375,46.560302734375,0.0,0.026611328125000003,9.245361328125,0.662109375,0.079345703125,0.0,0.0,0.01708984375,5.08544921875,0.0,0.38330078125,0.0,0.0,9.05224609375,0.0,103.05333709716797,49.31999969482422,0.0,208.0,208.0,7.541306495666504,0.99828857421875,-0.2660329341888428,-0.010658979415893555,-0.04230839014053345,0.2695869725925145,5,P002,0.0,0.0,0.0,0.01904296875,0.0,3.057373046875,0.551025390625,0.0,0.0,0.0,0.450927734375,0.0,0.1826171875,1.458740234375,0.0,0.11132812499999999,9.630859375,0.0,0.0,0.0,0.0,0.171142578125,0.0,0.0,0.0,0.0
159.10295654296874,67.55811002771367,1536.635184525275,4859,0.09768310546875,0.0,0.009765625,6.11376953125,0.0,0.0,10.562255859375,0.0,0.05224609375,41.9609375,0.0,0.025146484375,11.909912109375,0.572265625,0.06591796875,0.0,0.0,0.116943359375,5.2490234375,0.0,0.277587890625,0.0,0.0,10.922119140625,0.0,98.83807373046875,49.31781768798828,0.0,208.0,208.0,7.559939384460449,0.99805908203125,-0.36253929138183594,-0.012728959321975708,-0.057781070470809937,0.3673355636278864,6,P002,0.0,0.0,0.0,0.013916015624999998,0.0,3.3369140625,0.48803710937499994,0.0,0.0,0.0,0.04345703125,0.0,0.099365234375,0.38916015625,0.0,0.10546875,7.5986328125,0.0,0.0,0.0,0.0,0.087158203125,0.0,0.0,0.0,0.0
170.59810546875,65.79242273974594,1400.878637357688,4946,0.08962158203125,0.0,1.05126953125,4.58349609375,0.0,0.0,10.935546875,0.0,0.04248046875,47.9013671875,0.0,0.02392578125,9.06640625,0.46630859375000006,0.0517578125,0.0,0.0,0.154541015625,6.743408203124999,0.0,0.18310546875,0.0,0.0,8.480712890625,0.0,93.4915542602539,48.72712707519531,0.0,208.0,208.0,7.515810012817383,0.99869384765625,-0.2706327438354492,-0.008571922779083252,-0.04319775104522705,0.2741926432116658,7,P002,0.0,0.0,0.0,0.012939453125,0.0,3.78662109375,0.421630859375,0.0,0.0,0.0,0.0,0.0,0.04956054687499999,0.0,0.0,0.093994140625,5.912109375,0.0,0.0,0.0,0.0,0.038818359375,0.0,0.0,0.0,0.0
177.06712646484374,64.08438195947248,1346.7879842094835,4868,0.08309814453125,0.0,1.45556640625,3.5014648437499996,0.0,0.0,7.303955078125,0.0,1.59228515625,52.944580078125,0.0,0.02294921875,8.123046875,0.39428710937499994,0.04345703125,0.0,0.0,0.1484375,8.98876953125,0.0,0.1435546875,0.0,0.0,7.3212890625,0.0,94.23291015625,47.98630905151367,0.0,208.0,208.0,7.524439334869385,0.9987109375,-0.1961451768875122,-0.005767077207565308,-0.03133922815322876,0.19871672505602442,8,P002,0.0,0.0,0.0,0.01025390625,0.0,2.285400390625,0.384521484375,0.0,0.0,0.0,0.0,0.0,0.03369140625,0.0,0.0,0.085205078125,5.19287109375,0.0,0.0,0.0,0.0,0.0244140625,0.0,0.0,0.0,0.0
173.26093505859376,64.56797427560626,1395.689799778724,4879,0.08232177734375,0.0,1.490234375,2.904052734375,0.0,0.0,4.63818359375,0.0,6.333007812499999,43.75830078125,0.0,0.022216796875,11.16259765625,0.357421875,0.03759765625,0.0,0.0,0.1201171875,10.93798828125,0.0,0.12255859374999999,0.0,0.0,11.31005859375,0.0,95.9839096069336,48.17096710205078,0.0,208.0,208.0,7.544166564941406,0.9985498046875,-0.23298633098602295,-0.006241828203201294,-0.03726840019226074,0.23603077023671598,9,P002,0.0,0.0,0.0,0.00927734375,0.0,1.500732421875,0.363525390625,0.0,0.0,0.0,0.0,0.0,0.027343750000000003,0.0,0.0,0.07958984375,4.807373046875,0.0,0.0,0.0,0.0,0.017822265625,0.0,0.0,0.0,0.0
172.898955078125,63.90795661598023,1502.0250532027246,4921,0.0858642578125,0.0,1.7866210937500002,2.3623046875,0.0,0.0,3.28662109375,0.0,8.246337890625,40.58935546875,0.0,0.02099609375,13.053466796874998,0.287353515625,0.590087890625,0.0,0.0,0.05981445312500001,11.019287109375,0.0,0.09765625,0.0,0.0,12.916259765624998,0.0,95.26153564453125,47.597816467285156,0.0,208.0,208.0,7.527050495147705,0.99900390625,-0.18628311157226562,-0.0041533708572387695,-0.029874026775360107,0.18870905018651823,10,P002,0.0,0.0,0.0,0.008056640625,0.0,1.02099609375,0.329345703125,0.0,0.0,0.0,0.0,0.0,0.021240234375,0.0,0.0,0.071533203125,4.217041015625,0.0,0.0,0.0,0.0,0.015625,0.0,0.0,0.0,0.0
173.77208740234374,62.97456495861433,1554.0218686519618,4919,0.08818115234375,0.0,1.9289550781250002,2.056640625,0.0,0.0,2.951904296875,0.0,8.604736328125,38.7353515625,0.0,0.019775390625,14.104003906250002,0.26025390625,0.706787109375,0.0,0.0,0.080810546875,12.350341796875,0.0,0.0791015625,0.0,0.0,12.720947265624998,0.0,95.81602478027344,47.40760803222656,0.0,208.0,208.0,7.524356842041016,0.99901611328125,-0.2398030161857605,-0.0032966434955596924,-0.03875160217285156,0.24293629021018634,11,P002,0.0,0.0,0.0,0.00732421875,0.0,0.813232421875,0.3046875,0.0,0.0,0.0,0.0,0.0,0.016845703125,0.0,0.0,0.064697265625,3.7753906249999996,0.0,0.0,0.0,0.0,0.418212890625,0.0,0.0,0.0,0.0
173.3580126953125,63.06863244275285,1576.4712391089436,4914,0.09030029296875,0.0,1.87158203125,1.75634765625,0.0,0.0,2.994140625,0.0,8.62451171875,36.343505859375,0.0,0.0185546875,15.015380859375,0.22607421875,0.3828125,0.0,0.0,0.13525390625,14.770751953125,0.0,0.0625,0.0,0.0,12.9365234375,0.0,95.22486114501953,47.16672134399414,0.0,208.0,208.0,7.510405540466309,0.99837646484375,-0.14759528636932373,-0.0013180673122406006,-0.024063408374786377,0.14954983611657358,12,P002,0.0,0.0,0.0,0.006103515625,0.0,0.69384765625,0.278076171875,0.0,0.0,0.0,0.0,0.0,0.013916015624999998,0.0,0.0,0.057373046875,3.3930664062499996,0.0,0.0,0.0,0.0,0.41967773437500006,0.0,0.0,0.0,0.0
169.76461181640624,63.11506655383032,1624.1745011569917,4891,0.093447265625,0.0,1.398193359375,1.50732421875,0.0,0.0,3.281982421875,0.0,8.47998046875,31.577880859375,0.0,0.01953125,16.269287109375,0.216064453125,0.275634765625,0.0,0.00048828125,0.1552734375,17.40283203125,0.0,0.06005859375,0.0,0.0,13.719482421875002,0.0,96.02808380126953,46.703216552734375,0.0,208.0,208.0,7.500849723815918,0.9991552734375,-0.0657646656036377,-0.0008508265018463135,-0.010674476623535156,0.06663077066101614,13,P002,0.0,0.0,0.0,0.00537109375,0.0,0.581298828125,0.280029296875,0.0,0.0,0.0,0.0,0.0,0.013427734375000002,0.0,0.0,0.057373046875,3.3974609375,0.0,0.0,0.0,0.0,0.28955078125,1.011474609375,0.0,0.0,0.0
167.40996826171875,63.864928302924326,1736.5168620231395,4914,0.09673583984375,0.0,0.80810546875,1.33203125,0.0,0.0,3.7487792968750004,0.0,8.4365234375,28.663818359375,0.0,0.022216796875,17.5634765625,0.22216796875,0.24658203125,0.0,0.001220703125,0.170166015625,19.024169921875,0.0,0.06201171875,0.0,0.0,14.50830078125,0.0,96.79733276367188,46.578697204589844,0.0,208.0,208.0,7.499789237976074,0.99943359375,-0.07463192939758301,-0.001324295997619629,-0.012022435665130615,0.07560567177677434,14,P002,0.0,0.0,0.0,0.005615234375,0.0,0.558349609375,0.29736328125,0.0,0.0,0.0,0.0,0.0,0.013671875000000002,0.0,0.0,0.05932617187500001,3.628662109375,0.0,0.0,0.0,0.0,0.12158203125000001,0.505859375,0.0,0.0,0.0
164.71871826171875,64.73909034402622,1843.3582285569607,4947,0.100576171875,0.0,0.645751953125,1.20751953125,0.0,0.0,4.043701171875,0.0,8.504150390625,26.864257812499996,0.0,0.022216796875,18.637451171875,0.22265624999999997,0.2255859375,0.0,0.002197265625,0.187744140625,19.62060546875,0.0,0.062744140625,0.0,0.0,14.416748046875,0.0,97.2925033569336,46.57082748413086,0.0,208.0,208.0,7.497395038604736,0.9993994140625,-0.09353747963905334,-0.002258479595184326,-0.014905691146850586,0.09474460647379081,15,P002,0.0,0.0,0.0,0.005615234375,0.0,0.5322265625,0.3037109375,0.0,0.0,0.0,0.0,0.0,0.012939453125,0.0,0.0,0.060546875,3.64990234375,0.0,0.0,0.0,0.0,0.068115234375,0.70361328125,0.0,0.0,0.0
164.5542919921875,63.779893624087336,1826.7015747065482,4933,0.101552734375,0.0,1.210205078125,1.269775390625,0.0,0.0,4.171630859375,0.0,8.656982421875,25.657958984375,0.0,0.02001953125,17.84814453125,0.203369140625,0.823974609375,0.0,0.003662109375,0.174072265625,18.64501953125,0.0,0.055419921875,0.0,0.0,13.9443359375,0.0,97.3861312866211,46.5137939453125,0.0,208.0,208.0,7.496606826782227,0.9990625,-0.046193331480026245,-0.001361846923828125,-0.007292032241821289,0.0467851710960138,16,P002,0.0,0.0,0.0,0.004638671875,0.0,0.504638671875,0.279541015625,0.0,0.0,0.0,0.0,0.0,0.01171875,0.0,0.0,0.055419921875,3.237060546875,0.0,0.0,0.0,0.0,0.186279296875,3.0361328125,0.0,0.0,0.0
161.724384765625,63.95335823400241,1750.347016280747,4910,0.1000830078125,0.0,1.96728515625,1.52587890625,0.0,0.0,3.9836425781249996,0.0,8.879150390625,24.593505859375,0.0,0.0185546875,16.76220703125,0.19140625,1.12841796875,0.0,0.00439453125,0.167724609375,17.244384765625,0.0,0.0498046875,0.0,0.0,12.818115234375,0.0,97.74752044677734,46.41505432128906,0.0,208.0,208.0,7.489989280700684,0.99926025390625,-0.09821999073028564,-0.0034008026123046875,-0.01536029577255249,0.09947195948449769,17,P002,0.0,0.0,0.0,0.0048828125,0.0,0.4833984375,0.252685546875,0.0,0.0,0.0,0.0,0.0,0.01025390625,0.0,0.0,0.0517578125,2.812255859375,0.0,0.0,0.0,0.0,0.138671875,6.911621093750001,0.0,0.0,0.0
157.70597900390624,63.29994499616203,1675.4739467074812,4887,0.09664306640625,0.0,1.9411621093750002,2.408447265625,0.0,0.0,4.02978515625,0.0,9.072509765625,22.0029296875,0.0,0.017822265625,16.150390625,0.177978515625,1.27734375,0.0,0.00537109375,0.157958984375,17.06494140625,0.0,0.044189453125,0.0,0.0,11.510498046875,0.0,99.12933349609375,46.49521255493164,0.0,208.0,208.0,7.468358993530273,0.9991650390625,-0.03544241189956665,-0.0013851821422576904,-0.005496799945831299,0.03589286977200715,18,P002,0.0,0.0,0.0,0.004150390625,0.0,0.397705078125,0.231689453125,0.0,0.0,0.0,0.0,0.0,0.00927734375,0.0,0.0,0.047607421875,2.45166015625,0.0,0.0,0.0,0.0,0.09521484375,10.9013671875,0.0,0.0,0.0
156.73824462890624,62.87181976025147,1654.3248365164757,4900,0.0949462890625,0.0,1.7656249999999998,2.9521484375,0.0,0.0,4.103759765625,0.0,9.39404296875,21.30810546875,0.0,0.017578125,16.146240234375,0.175537109375,1.22607421875,0.0,0.006103515625,0.155517578125,16.67822265625,0.0,0.04345703125,0.0,0.0,11.087890625,0.0,99.61624145507812,46.59270095825195,0.0,208.0,208.0,7.452045440673828,0.99908935546875,-0.044259488582611084,-0.001837998628616333,-0.006832420825958252,0.04482145181602292,19,P002,0.0,0.0,0.0,0.004150390625,0.0,0.375,0.22607421875,0.0,0.0,0.0,0.0,0.0,0.00927734375,0.0,0.0,0.047119140625,2.34814453125,0.0,0.0,0.0,0.0,0.08349609375,11.846435546875,0.0,0.0,0.0
156.48295166015626,63.00678579354605,1657.0287792081594,4927,0.0966845703125,0.0,1.701416015625,2.96826171875,0.0,0.0,4.324951171875,0.0,9.62060546875,20.65673828125,0.0,0.017578125,16.522216796875,0.17333984375,1.61865234375,0.0,0.006103515625,0.1552734375,16.5341796875,0.0,0.042236328125,0.0,0.0,11.172119140625,0.0,99.46160888671875,46.58756637573242,0.0,208.0,208.0,7.458293914794922,0.99925537109375,-0.013194665312767029,-0.0005705356597900391,-0.0020302534103393555,0.013362134281813818,20,P002,0.0,0.0,0.0,0.00439453125,0.0,0.367919921875,0.2275390625,0.0,0.0,0.0,0.0,0.0,0.009521484375,0.0,0.0,0.047119140625,2.333251953125,0.0,0.0,0.0,0.0,0.07958984375,11.4169921875,0.0,0.0,0.0
157.21036865234376,63.21984270103329,1693.1687616452627,4913,0.096904296875,0.0,1.7724609374999998,2.558837890625,0.0,0.0,4.402587890625,0.0,9.587646484375,20.527587890625,0.0,0.01806640625,16.92431640625,0.172119140625,1.563720703125,0.0,0.006103515625,0.157958984375,17.174072265625,0.0,0.043212890625,0.0,0.0,11.537353515625,0.0,99.06571960449219,46.56846237182617,0.0,208.0,208.0,7.468787670135498,0.999248046875,-0.023736491799354553,-0.0010491907596588135,-0.003645658493041992,0.02403773429503847,21,P002,0.0,0.0,0.0,0.004150390625,0.0,0.378173828125,0.231689453125,0.0,0.0,0.0,0.0,0.0,0.0087890625,0.0,0.0,0.04736328125,2.40087890625,0.0,0.0,0.0,0.0,0.083251953125,10.399658203125,0.0,0.0,0.0
157.625859375,63.21206730809425,1710.2557104947803,4891,0.095966796875,0.0,1.834228515625,1.98291015625,0.0,0.0,4.4169921875,0.0,9.110107421875,20.01708984375,0.0,0.01806640625,16.9833984375,0.167724609375,1.34033203125,0.0,0.00634765625,0.154541015625,18.798828125,0.0,0.042236328125,0.0,0.0,11.85302734375,0.0,99.09699249267578,46.49946212768555,0.0,208.0,208.0,7.47501277923584,0.9992822265625,-0.031040877103805542,-0.0014185309410095215,-0.00475388765335083,0.03143481714953726,22,P002,0.0,0.0,0.0,0.00439453125,0.0,0.38232421875,0.23315429687500003,0.0,0.0,0.0,0.0,0.0,0.009033203125,0.0,0.0,0.047119140625,2.457275390625,0.0,0.0,0.0,0.0,0.082763671875,10.05810546875,0.0,0.0,0.0
157.715654296875,62.93709973077179,1702.3834022917215,4886,0.09436279296875,0.0,1.767333984375,1.54931640625,0.0,0.0,4.376220703125,0.0,8.391357421875,19.347412109375,0.0,0.01708984375,16.83740234375,0.160888671875,1.11279296875,0.0,0.006835937500000001,0.1591796875,20.756103515625,0.0,0.040283203125,0.0,0.0,11.982177734375,0.0,99.22062683105469,46.42246627807617,0.0,208.0,208.0,7.476143836975098,0.99938720703125,-0.09174125269055367,-0.004484623670578003,-0.013964354991912842,0.09290625654410412,23,P002,0.0,0.0,0.0,0.003662109375,0.0,0.384521484375,0.2294921875,0.0,0.0,0.0,0.0,0.0,0.00927734375,0.0,0.0,0.045654296875,2.501953125,0.0,0.0,0.0,0.0,0.08056640625,10.240478515625,0.0,0.0,0.0
156.46475830078126,62.73848183331501,1676.761896088577,4866,0.092998046875,0.0,1.6428222656250002,1.403076171875,0.0,0.0,4.494140625,0.0,7.685058593749999,18.100341796875,0.0,0.017578125,16.646484375,0.149169921875,0.8056640625,0.0,0.006591796875,0.15771484375,22.98828125,0.0,0.037353515625,0.0,0.0,11.713134765625,0.0,99.73564147949219,46.53800582885742,0.0,208.0,208.0,7.486906051635742,0.99950927734375,-0.11816932260990143,-0.0064077675342559814,-0.017802119255065918,0.11967440720900863,24,P002,0.0,0.0,0.0,0.003662109375,0.0,0.357421875,0.22290039062500003,0.0,0.0,0.0,0.0,0.0,0.00927734375,0.0,0.0,0.04248046875,2.4267578125,0.0,0.0,0.0,0.0,0.06884765625,11.021240234375,0.0,0.0,0.0
154.5197021484375,62.562301038560044,1685.7213410482173,4873,0.09288818359375,0.0,1.571533203125,1.552734375,0.0,0.0,4.7509765625,0.0,7.292968750000001,17.19921875,0.0,0.016845703125,16.521240234375,0.138671875,0.589599609375,0.0,0.007568359375,0.15478515625,24.35009765625,0.0,0.033935546875,0.0,0.0,11.0087890625,0.0,100.55732727050781,46.686702728271484,0.0,208.0,208.0,7.49558687210083,0.99933349609375,-0.15555809065699577,-0.009564995765686035,-0.023103415966033936,0.15755499529417435,25,P002,0.0,0.0,0.0,0.0034179687500000004,0.0,0.318603515625,0.2119140625,0.0,0.0,0.0,0.0,0.0,0.007568359375,0.0,0.0,0.040283203125,2.272705078125,0.0,0.0,0.0,0.0,0.05468750000000001,11.90185546875,0.0,0.0,0.0
153.31174560546876,59.751788837383884,1628.7835691908838,4885,0.0920849609375,0.0,1.32861328125,2.1552734375,0.0,0.0,5.115478515625,0.0,7.177001953125001,21.524658203125,0.0,0.01708984375,15.14794921875,0.112060546875,0.42138671875000006,0.0,0.0078125,0.146484375,25.046142578125004,0.0,0.031494140625,0.0,0.0,6.22314453125,0.0,100.7298355102539,47.24843978881836,0.0,208.0,208.0,7.508971691131592,0.99948486328125,-0.24831442534923553,-0.018514394760131836,-0.035927653312683105,0.2515822587592603,26,P002,0.0,0.0,0.0,0.003662109375,0.0,0.273681640625,0.19824218749999997,0.0,0.0,0.0,0.0,0.0,0.00732421875,0.0,0.0,0.037109375,2.05712890625,0.0,0.0,0.0,0.0,0.040283203125,12.927978515625,0.0,0.0,0.0
160.38087890625,53.62834301395892,1133.5342620620488,4824,0.06740966796875,0.0,0.998291015625,3.039306640625,0.0,0.0,3.35009765625,0.0,6.7763671875,32.11865234375,0.0,0.015380859375,9.029296875,0.08837890625,0.26318359375,0.0,0.008544921875,0.139892578125,25.748291015625004,0.0,0.02587890625,0.0,0.0,2.02392578125,0.43115234375,100.18283081054688,47.88541793823242,0.0,208.0,208.0,7.527381420135498,0.999423828125,-0.3114912509918213,-0.03277158737182617,-0.04232597351074219,0.31605737519784455,27,P002,0.0,0.0,0.0,0.002685546875,0.0,0.22070312499999997,0.179443359375,0.0,0.0,0.0,0.0,0.0,0.00634765625,0.0,0.0,0.033447265625,1.7785644531249998,0.0,0.0,0.0,0.0,0.025634765625,13.696533203125,0.0,0.0,0.0
155.26665283203124,56.41339490999523,914.3173642451227,4547,0.0658154296875,0.0,0.740966796875,3.7854003906250004,0.0,0.0,2.17529296875,0.0,4.064453125,32.164306640625,0.0,0.014160156249999998,5.308837890625,0.046875,1.22998046875,0.0,0.01123046875,0.1328125,25.411376953124996,0.0,8.73779296875,0.0,0.0,0.22314453125,2.31689453125,98.89590454101562,48.637733459472656,0.0,208.0,208.0,7.536069869995117,0.9973486328125,-0.2642761468887329,-0.04355546832084656,-0.032254040241241455,0.26977635876200684,28,P002,0.16845703125,0.0,0.0,0.00244140625,0.0,0.17041015625,0.158203125,0.0,0.0,0.0,0.0,0.0,0.005615234375,0.0,0.0,0.02880859375,1.50927734375,0.0,0.0,0.0,0.0,0.014892578125,11.470947265625,0.10742187500000001,0.0,0.0
156.72696533203126,55.91508127407572,898.5702795837819,4712,0.06457763671875,0.0,1.061767578125,4.95849609375,0.0,0.0,1.645751953125,0.0,2.6650390625,33.579833984375,0.0,0.014160156249999998,3.4648437499999996,0.023681640625,1.144775390625,0.0,0.0107421875,0.124267578125,25.810791015625,0.0,9.9697265625,0.0,0.0,0.06176757812499999,4.202392578125,94.10337829589844,47.41857147216797,0.0,208.0,208.0,7.499173164367676,0.99924072265625,-0.1997835636138916,-0.048467397689819336,-0.02195596694946289,0.20674773375728905,29,P002,0.315185546875,0.0,0.0,0.002197265625,0.1279296875,0.13916015625,0.142578125,0.0,0.0,0.0,0.0,0.0,0.004638671875,0.0,0.0,0.024658203125,1.3193359375,0.0,0.0,0.0,0.0,0.007568359375,9.056640625,0.1220703125,0.0,0.0
156.5895458984375,56.562787241059695,963.5170036601959,4638,0.06593994140625,0.0,2.1826171875,5.545166015625,0.0,0.0,1.333251953125,0.0,2.092041015625,32.279296875,0.0,0.014404296875,2.738037109375,0.0029296875,0.687744140625,0.0,0.009033203125,0.112060546875,26.522460937499996,0.0,11.570068359375,0.0,0.0,0.022216796875,4.654541015625,96.31571197509766,47.33024597167969,0.0,208.0,208.0,7.518031120300293,0.99910888671875,-0.1115715503692627,-0.03129112720489502,-0.012310922145843506,0.11652855571762169,30,P002,0.33984375,0.0,0.0,0.00244140625,1.15283203125,0.11840820312499999,0.131103515625,0.0,0.0,0.0,0.0,0.0,0.00439453125,0.0,0.0,0.020751953125,1.193359375,0.0,0.0,0.0,0.0,0.0034179687500000004,7.15478515625,0.11279296875,0.0,0.0
156.64638916015625,54.787931093042516,949.539725064224,4641,0.0640771484375,0.018310546875,1.881103515625,5.817626953125,0.0,0.0,1.214599609375,0.0,1.921142578125,34.11669921875,0.0,0.012939453125,2.462646484375,0.0,0.52001953125,0.0,0.009765625,0.103759765625,24.572998046875,0.0,11.527099609375,0.0,0.0,0.005126953125,5.56494140625,97.8110580444336,47.343814849853516,0.0,208.0,208.0,7.5178632736206055,0.9991015625,-0.1728198528289795,-0.04169654846191406,-0.022538423538208008,0.17920179748276668,31,P002,0.3955078125,0.0,0.0,0.002685546875,2.151123046875,0.10742187500000001,0.122802734375,0.0,0.0,0.0,0.0,0.0,0.004150390625,0.0,0.0,0.017578125,1.12109375,0.0,0.0,0.0,0.0,0.001953125,6.220703125,0.10620117187499999,0.0,0.0
157.9388232421875,55.339351291369645,921.7482121095421,4619,0.06153564453125,0.9255371093749999,1.27978515625,5.799560546875,0.0,0.0,1.045654296875,0.0,1.7160644531250002,43.97412109375,0.0,0.01220703125,2.08935546875,0.0,0.349853515625,0.0,0.009765625,0.0966796875,17.402587890625,0.0,9.411865234375,0.0,0.0,0.00146484375,6.444580078125001,98.851806640625,47.12373352050781,0.0,208.0,208.0,7.517828941345215,0.9990869140625,-0.22080755233764648,-0.026332616806030273,-0.03791022300720215,0.22558051087284006,32,P002,0.38623046875,0.0,0.0,0.03857421875,2.360107421875,0.09716796875,0.1142578125,0.0,0.0,0.0,0.0,0.0,0.0166015625,0.0,0.0,0.0107421875,1.041259765625,0.0,0.0,0.0,0.0,0.001220703125,5.277587890625,0.09716796875,0.0,0.0
159.87067626953126,58.25933637524938,958.9570670485496,4542,0.05843505859375,2.017822265625,0.89208984375,5.6591796875,0.0,0.0,0.8862304687499999,0.0,1.431640625,50.32226562499999,0.0,0.01220703125,1.6494140625,0.0,0.294189453125,0.0,0.00927734375,0.07568359375,11.428466796875,0.0,10.204833984375,0.0,0.0,0.000244140625,6.527099609375001,101.4112319946289,46.78581237792969,0.0,208.0,208.0,7.487311363220215,0.99901611328125,-0.2140141725540161,-0.007012754678726196,-0.0457761287689209,0.21896734630358247,33,P002,0.328857421875,0.0,0.0,0.029541015625,2.078125,0.087890625,0.10595703125,0.0,0.0,0.0,0.0,0.0,0.040771484375,0.0,0.0,0.356689453125,0.9658203125,0.0,0.0,0.0,0.0,0.0009765625,4.506591796875,0.088134765625,0.0,0.0
161.0656640625,59.019372065883665,1020.2425829160452,4649,0.059091796875,1.853271484375,0.80224609375,5.417236328125,0.0,0.0,0.770263671875,0.0,1.2197265625,51.284423828125,0.0,0.011962890625,1.48974609375,0.0,0.2783203125,0.0,0.01025390625,0.056396484375,7.69970703125,0.0,10.732177734375,0.0,0.0,0.004638671875,6.722900390625,103.49462890625,46.767879486083984,0.0,208.0,208.0,7.492393970489502,0.99919921875,-0.20219457149505615,-0.010279655456542969,-0.053423285484313965,0.20938568119695558,34,P002,0.2998046875,0.0,0.0,0.025634765625,1.7514648437499998,0.077880859375,0.103515625,0.0,0.0,0.0,0.0,0.0,0.034423828125,0.0,0.0,4.3359375,0.91748046875,0.0,0.0,0.0,0.0,0.00146484375,4.02099609375,0.078125,0.0,0.0
164.48105712890626,57.560109694837244,1067.345377772802,4624,0.0599560546875,1.521240234375,0.718017578125,5.242431640625,0.0,0.0,0.7333984375,0.0,1.0888671875,55.81542968749999,0.0,0.1572265625,1.467529296875,0.0,0.2099609375,0.00390625,0.0107421875,0.042724609375,5.37841796875,0.0,8.70751953125,0.0,0.0,0.000244140625,6.63427734375,105.33198547363281,46.9691047668457,0.0,208.0,208.0,7.510480880737305,0.9991796875,-0.10846161842346191,-0.018858566880226135,-0.037349581718444824,0.11625213748725398,35,P002,0.281494140625,0.0,0.0,0.0224609375,1.481201171875,0.07275390625,0.0986328125,0.0,0.0,0.1240234375,0.0,0.0,0.030517578125,0.0,0.0,5.6025390625,0.878173828125,0.0,0.0,0.0,0.0,0.0009765625,3.6059570312499996,0.0693359375,0.0,0.0
165.2363525390625,56.81432677014193,1102.4847110116423,4641,0.05818359375,1.3515625,0.649658203125,5.104248046875,0.0,0.0,0.7587890625,0.0,1.05810546875,59.1904296875,0.0,0.455078125,1.5693359375,0.0,0.1689453125,0.12744140625,0.01025390625,0.0361328125,4.393798828125,0.0,7.232666015625,0.0,0.0,0.000244140625,6.420166015625001,106.6284408569336,47.19737243652344,0.0,208.0,208.0,7.519621849060059,0.99895263671875,-0.033663034439086914,-0.010861396789550781,-0.014242887496948242,0.038131741005597165,36,P002,0.274658203125,0.0,0.0,0.02099609375,1.360107421875,0.06787109375,0.09521484375,0.0,0.0,0.162841796875,0.0,0.0,0.028076171874999997,0.0,0.0,5.13916015625,0.8576660156250001,0.0,0.0,0.0,0.0,0.0009765625,3.39990234375,0.065673828125,0.0,0.0
164.78977294921876,57.138732121002775,1141.0297823554038,4612,0.0594189453125,1.29345703125,0.611083984375,4.99853515625,0.0,0.0,0.8076171875,0.0,1.0810546875,59.35400390625,0.0,0.47705078125,1.8605957031249998,0.0,0.1533203125,0.259033203125,0.009521484375,0.035888671875,4.11767578125,0.0,6.971191406250001,0.0,0.0,0.0,6.639892578125001,107.48939514160156,47.24995422363281,0.0,208.0,208.0,7.519775390625,0.99923095703125,-0.09537982940673828,-0.05891212075948715,-0.053560733795166016,0.12424452516998699,37,P002,0.26318359375,0.0,0.0,0.01953125,1.27734375,0.06689453125,0.090576171875,0.0,0.0,0.149169921875,0.0,0.0,0.026611328125000003,0.0,0.0,5.25439453125,0.8417968749999999,0.0,0.0,0.0,0.0,0.00146484375,3.2734375000000004,0.065673828125,0.0,0.0
163.0961083984375,59.528350622406684,1150.1420861597,4581,0.06087646484375,1.0908203125,0.39526367187500006,4.7666015625,0.0,0.0,0.878173828125,0.0,1.276611328125,59.5810546875,0.0,0.46923828125,2.07177734375,0.581787109375,0.114013671875,0.29736328125,0.0048828125,0.036865234375,3.6967773437499996,0.0,6.251220703125,0.0,0.0,0.0,7.41455078125,110.2392578125,47.49500274658203,0.0,208.0,208.0,7.521611213684082,0.99896728515625,-0.028600454330444336,-0.045002708211541176,-0.026207685470581055,0.05941441333553545,38,P002,0.41015625,0.0,0.0,0.017578125,1.086181640625,0.05468750000000001,0.070068359375,0.0,0.0,0.11767578125,0.0,0.0,0.02197265625,0.0,0.0,5.49267578125,0.7744140625,0.0,0.0,0.0,0.0,0.0009765625,2.965576171875,0.06103515625,0.0,0.0
160.38693359375,62.14902974789683,1117.4384786343514,4531,0.060625,1.05517578125,0.274169921875,4.3798828125,0.0,0.087890625,0.89013671875,0.0,1.44921875,58.391845703125,0.0,0.282470703125,1.910888671875,2.6298828125,0.09814453124999999,0.270751953125,0.00146484375,0.0419921875,3.2924804687500004,0.0,6.458496093750001,0.0,0.0,0.0,7.4091796875,111.7142562866211,47.718135833740234,0.0,208.0,208.0,7.521080017089844,0.99896728515625,-0.003975629806518555,-0.015420608222484589,-0.005996823310852051,0.01701654136807526,39,P002,0.4833984375,0.0,0.025390625,0.015625,1.026123046875,0.035888671875,0.0615234375,0.0,0.0,0.10693359375,0.0,0.0,0.020263671875,0.0,0.0,5.625732421875,0.74755859375,0.0,0.0,0.0,0.0,0.001220703125,2.865478515625,0.06079101562500001,0.0,0.0
157.36191650390626,64.01425630354963,1086.1031649516524,4529,0.06136474609375,1.129150390625,0.2890625,3.803466796875,0.0,0.110595703125,0.911376953125,0.0,1.54443359375,57.756103515625,0.0,0.121337890625,1.905029296875,3.9570312500000004,0.09423828125,0.279296875,0.00048828125,0.045166015625,4.252685546875,0.0,6.627197265625,0.0,0.0,0.0,6.345458984375001,112.65489959716797,47.79739761352539,0.0,208.0,208.0,7.5264739990234375,0.99909912109375,0.05454897880554199,-0.055992813780903816,0.00905001163482666,0.07869364011418546,40,P002,0.47900390625,0.0,0.058349609375,0.01513671875,1.06201171875,0.03515625,0.05664062499999999,0.0,0.0,0.10791015625,0.0,0.0,0.0205078125,0.0,0.0,5.23046875,0.758056640625,0.0,0.0,0.0,0.0,0.000732421875,2.939453125,0.064453125,0.0,0.0
155.51494873046875,63.705494660766554,1039.5019733333588,4514,0.061787109375,1.198974609375,0.317626953125,3.1406249999999996,0.0,0.10400390625,0.9953613281250001,0.0,1.669189453125,56.91259765625,0.0,0.01708984375,2.06787109375,3.9707031249999996,0.0986328125,0.321044921875,0.0,0.067626953125,6.223876953125,0.0,6.85302734375,0.0,0.0,0.000244140625,4.861083984375,113.05892944335938,47.724124908447266,0.0,208.0,208.0,7.524149417877197,0.9992138671875,0.10804295539855957,-0.02163757011294365,0.02935314178466797,0.11403101150247903,41,P002,0.517822265625,0.0,0.045166015625,0.016845703125,1.191162109375,0.031982421875,0.0380859375,0.0,0.0,0.12158203125000001,0.0,0.0,0.02197265625,0.0,0.0,5.16552734375,0.757568359375,0.0,0.0,0.0,0.0,0.00146484375,3.1994628906250004,0.07177734375,0.0,0.0
154.1263720703125,63.68184723918706,1041.8606311332646,4438,0.06277587890625,0.638427734375,0.35791015625,2.699951171875,0.0,0.002197265625,1.148193359375,0.0,1.69140625,55.770263671875,0.0,0.01171875,2.4189453125,4.14990234375,0.118896484375,0.223388671875,0.0,0.083984375,6.721923828125,0.0,7.54736328125,0.0,0.0,0.000244140625,3.932373046875,111.8949203491211,47.54451370239258,0.0,208.0,208.0,7.522024154663086,0.99905029296875,0.01955127716064453,-0.002767525613307953,0.0049430131912231445,0.020355466490386852,42,P002,0.522216796875,0.0,0.0,0.01953125,1.448486328125,0.03173828125,0.031005859375,0.0,0.0,0.15283203125,0.0,0.0,0.0263671875,0.0,0.0,5.730224609375,0.7919921875,0.0,0.0,0.0,0.0,0.00146484375,3.6457519531250004,0.081298828125,0.0,0.0
154.33790771484374,63.17439010357186,1042.8685567979576,4407,0.062890625,0.271240234375,0.375244140625,2.473388671875,0.0,0.0,1.2001953125,0.0,1.660888671875,55.44091796875,0.0,0.01123046875,2.5556640625,4.04150390625,0.125244140625,0.068115234375,0.0,0.08740234375,7.687744140625,0.0,7.734130859375001,0.0,0.0,0.0,3.404296875,111.47377014160156,47.48151779174805,0.0,208.0,208.0,7.519879341125488,0.9991357421875,0.03835487365722656,-0.004948541522026062,0.009420394897460938,0.0398036208966111,43,P002,0.452880859375,0.0,0.0,0.019775390625,1.56396484375,0.032470703125,0.0302734375,0.0,0.0,0.165283203125,0.0,0.0,0.027099609375000003,0.0,0.0,5.81201171875,0.814453125,0.0,0.0,0.0,0.0,0.00146484375,3.8579101562500004,0.085205078125,0.0,0.0
153.891513671875,63.55793442653853,1049.6767116817473,4401,0.062919921875,0.169677734375,0.38720703125,2.427978515625,0.0,0.0,1.260009765625,0.0,1.61669921875,55.318115234375,0.0,0.011474609375,2.707763671875,4.161376953125,0.134033203125,0.020751953125,0.0,0.090087890625,7.179443359375,0.0,7.869384765625,0.0,0.0,0.0,3.27001953125,110.88062286376953,47.399478912353516,0.0,208.0,208.0,7.521152496337891,0.99928955078125,0.11186099052429199,-0.011545710265636444,0.025798559188842773,0.11537655863663983,44,P002,0.38037109375,0.0,0.0,0.021240234375,1.63037109375,0.031494140625,0.02880859375,0.0,0.0,0.154296875,0.0,0.0,0.029052734375,0.0,0.0,6.1806640625,0.822998046875,0.0,0.0,0.0,0.0,0.00146484375,4.00830078125,0.0869140625,0.0,0.0
155.5918994140625,61.60280558594873,1028.360252970791,4286,0.06330322265625,0.12939453125,0.40136718750000006,2.539794921875,0.0,0.0,1.37255859375,0.0,1.60107421875,55.94360351562499,0.0,0.010986328125,2.980712890625,2.60107421875,0.162109375,0.013671875000000002,0.0,0.10644531250000001,6.4560546875,0.0,7.332275390625,0.0,0.0,0.000244140625,3.5048828125,109.20703125,47.18013000488281,0.0,208.0,208.0,7.512082099914551,0.999267578125,0.1718059778213501,-0.011863596737384796,0.03587949275970459,0.17591298116793774,45,P002,0.298828125,0.0,0.0,0.0234375,1.8029785156249998,0.0322265625,0.022705078125,0.0,0.0,0.18359375,0.0,0.0,0.031982421875,0.0,0.0,7.305175781250001,0.8193359375,0.0,0.0,0.0,0.0,0.00146484375,4.23095703125,0.091064453125,0.0,0.0
162.33479248046876,55.29067124382446,933.2374096130369,4311,0.05922607421875,0.07568359375,0.42431640625,2.85693359375,0.0,0.0,1.513671875,0.0,1.62646484375,55.398193359375,0.0,0.01171875,3.126708984375,0.0107421875,0.214111328125,0.0,0.0,0.11767578125,7.109375,0.0,6.090576171875,0.0,0.0,0.000244140625,4.043701171875,106.45124816894531,46.961238861083984,0.0,208.0,208.0,7.487738609313965,0.99919677734375,0.1436992883682251,-0.005921326577663422,0.027272939682006836,0.14638429159193292,46,P002,0.302734375,0.0,0.0,0.024658203125,2.08642578125,0.031494140625,0.013916015624999998,0.0,0.0,0.136962890625,0.0,0.0,0.035400390625,0.0,0.0,9.32421875,0.815185546875,0.0,0.0,0.0,0.0,0.001953125,4.509521484375,0.097412109375,0.0,0.0
163.16583740234375,55.554250744547126,900.5938415340428,4313,0.059716796875,0.030517578125,0.60302734375,3.121337890625,0.0,0.0,1.61669921875,0.0,1.697509765625,49.927490234375,0.0,0.011962890625,3.292724609375,0.0,0.27587890625,0.0,0.0,0.128662109375,9.03515625,0.0,6.619140625,0.0,0.0,0.0,4.50341796875,103.89511108398438,46.81289291381836,0.0,208.0,208.0,7.497325897216797,0.99911376953125,0.13084840774536133,-0.0028493106365203857,0.023017048835754395,0.13288795625528757,47,P002,0.315185546875,0.0,0.0,0.026611328125000003,2.3603515625,0.02880859375,0.007568359375,0.0,0.0,0.0,0.0,0.0,0.036865234375,0.0,0.0,10.69482421875,0.813232421875,0.0,0.0,0.0,0.0,0.001953125,4.746826171875,0.10424804687499999,0.0,0.0
162.5648095703125,54.720692238810315,864.4048509869516,4314,0.05876953125,0.0,0.850341796875,3.29150390625,0.0,0.0,1.5981445312499998,0.0,1.868408203125,50.54296874999999,0.0,0.01220703125,3.172119140625,0.0,0.352294921875,0.0,0.0,0.13037109375,11.50927734375,0.0,6.226806640625,0.0,0.0,0.0017089843750000002,4.16845703125,101.86802673339844,46.94330596923828,0.0,208.0,208.0,7.513114929199219,0.99914306640625,0.08550906181335449,-0.000728413462638855,0.014212965965270996,0.08668528502521397,48,P002,0.341064453125,0.0,0.0,0.02978515625,2.67236328125,0.029052734375,0.004150390625,0.0,0.0,0.0,0.0,0.0,0.040771484375,0.0,0.0,7.119140625000001,0.8203125,0.0,0.0,0.0,0.0,0.001953125,5.109130859375,0.107666015625,0.0,0.0
165.24918212890626,52.61471387156035,786.81652377069,4326,0.0538525390625,0.0,0.792724609375,3.393798828125,0.0,0.0,1.4775390625,0.0,2.016845703125,52.153076171875,0.0,0.012451171875,2.539794921875,0.0,0.44311523437499994,0.0,0.0,0.12744140625,13.230224609375,0.0,6.304443359375,0.0,0.0,0.000732421875,3.38525390625,100.53394317626953,47.21219253540039,0.0,208.0,208.0,7.515271186828613,0.99896728515625,0.15628564357757568,0.0008095130324363708,0.024381518363952637,0.15817811522944147,49,P002,0.387939453125,0.0,0.0,0.0361328125,2.66796875,0.030517578125,0.0029296875,0.0,0.0,0.0,0.0,0.0,0.04833984375,0.0,0.0,4.413818359375,0.8369140625,0.0,0.0,0.0,0.0,0.00244140625,5.587890625,0.107666015625,0.0,0.0
163.73245849609376,53.920137261559404,807.6889427976549,4331,0.0530810546875,0.0,0.5810546875,3.231689453125,0.0,0.0,1.53857421875,0.0,2.35302734375,52.212158203125,0.0,0.013916015624999998,3.09375,0.0,0.5205078125,0.0,0.0,0.123779296875,17.272216796875,0.0,6.19189453125,0.0,0.0,0.0009765625,3.209716796875,98.3116683959961,47.473758697509766,0.0,208.0,208.0,7.526605606079102,0.99931884765625,0.1341623067855835,0.0023371726274490356,0.01970231533050537,0.13562141485511123,50,P002,0.4892578125,0.0,0.0,0.05029296875,1.467529296875,0.031005859375,0.001953125,0.0,0.0,0.0,0.0,0.0,0.002197265625,0.0,0.0,0.120849609375,0.882568359375,0.0,0.0,0.0,0.0,0.00244140625,6.499267578124999,0.10937500000000001,0.0,0.0
161.4089404296875,53.58050892507721,849.6468733283041,4306,0.05573486328125,0.0,0.624755859375,2.927734375,0.0,0.0,1.6494140625,0.0,2.616943359375,48.2197265625,0.0,0.013916015624999998,3.65576171875,0.0,0.37939453125,0.0,0.0,0.122314453125,21.916259765625,0.0,6.093017578125,0.0,0.0,0.0017089843750000002,2.948974609375,96.3304214477539,47.85265350341797,0.0,208.0,208.0,7.532306671142578,0.999072265625,0.18628227710723877,0.004950009286403656,0.026082992553710938,0.18816458714846032,51,P002,0.57568359375,0.0,0.0,0.001220703125,0.172607421875,0.03369140625,0.00048828125,0.0,0.0,0.0,0.0,0.0,0.002685546875,0.0,0.0,0.0,0.946044921875,0.0,0.0,0.0,0.0,0.002685546875,6.982177734375,0.11279296875,0.0,0.0
158.21724609375,52.62882182932241,904.5473278838158,4367,0.05595458984375,0.0,0.7529296875,2.533203125,0.0,0.0,1.844482421875,0.0,3.197509765625,38.78369140625,0.0,0.015380859375,4.772705078125,0.0,0.560302734375,0.0,0.0,0.126220703125,32.10107421875,0.0,4.3935546875,0.0,0.0,0.03955078125,1.669189453125,96.69800567626953,48.37726974487305,0.0,208.0,208.0,7.535796165466309,0.9986376953125,0.15787827968597412,0.005362316966056824,0.02123415470123291,0.15939007172883454,52,P002,0.588623046875,0.0,0.0,0.000244140625,0.0,0.034912109375,0.0,0.0,0.0,0.0,0.0,0.0,0.0029296875,0.0,0.0,0.0,1.030517578125,0.0,0.0,0.0,0.0,0.003173828125,7.435302734375,0.11450195312500001,0.0,0.0
159.40630615234375,52.984304139384385,994.6888424668251,4439,0.05922119140625,0.0,0.89697265625,2.13427734375,0.0,0.0,2.082763671875,0.0,4.0625,31.143310546875004,0.0,0.0146484375,6.068115234375,0.004150390625,0.795166015625,0.0,0.0,0.13525390625,39.5439453125,0.0,2.48876953125,0.0,0.0,0.191162109375,0.78076171875,97.60964965820312,48.609371185302734,0.0,208.0,208.0,7.539191722869873,0.99778564453125,0.12676650285720825,0.004911497235298157,0.01659703254699707,0.12794268459394234,53,P002,0.63330078125,0.0,0.0,0.0,0.0,0.033203125,0.0,0.0,0.0,0.0,0.0,0.0,0.00390625,0.0,0.0,0.0,1.10595703125,0.0,0.0,0.0,0.0,0.00390625,7.762451171875,0.11547851562500001,0.0,0.0
156.951630859375,53.98428771046185,1105.286918933773,4489,0.06454833984375,0.0,1.0146484375,1.9582519531249998,0.0,0.0,2.416748046875,0.0,5.163818359375,29.086669921875004,0.0,0.013916015624999998,7.679443359375,0.008544921875,1.093017578125,0.0,0.0,0.140380859375,39.7451171875,0.0,0.7529296875,0.0,0.0,0.270263671875,0.578369140625,98.92010498046875,48.82904815673828,0.0,208.0,208.0,7.547336578369141,0.99791748046875,0.038553595542907715,0.0015852972865104675,0.004979252815246582,0.03890611591216569,54,P002,0.710205078125,0.0,0.0,0.0,0.0,0.033935546875,0.0,0.0,0.0,0.0,0.0,0.0,0.00390625,0.0,0.0,0.0,1.14306640625,0.0,0.0,0.0,0.0,0.004150390625,8.079833984375,0.102783203125,0.0,0.0
153.57583740234375,55.491043985093604,1158.491467277855,4515,0.06791015625,0.0,1.019287109375,2.24267578125,0.0,0.0,2.530517578125,0.0,5.350830078125,27.286376953125004,0.0,0.012451171875,8.65625,0.00732421875,1.239501953125,0.0,0.0,0.14404296875,39.80224609375,0.0,0.065673828125,0.0,0.0,0.331787109375,1.060302734375,98.72035217285156,49.01629638671875,0.0,208.0,208.0,7.549327850341797,0.997734375,0.016389191150665283,0.0006854012608528137,0.0021080970764160156,0.016538422982407288,55,P002,0.791015625,0.0,0.0,0.0,0.0,0.03173828125,0.0,0.0,0.0,0.0,0.0,0.0,0.004150390625,0.0,0.0,0.0,1.115966796875,0.0,0.0,0.0,0.0,0.00390625,8.202880859375,0.10107421874999999,0.0,0.0
151.0372021484375,56.12604004277305,1200.9679637269737,4545,0.067490234375,0.0,0.9912109375,2.662109375,0.0,0.0,2.4990234375,0.0,5.31103515625,25.956787109375,0.0,0.01220703125,9.2109375,0.00732421875,1.35205078125,0.0,0.0,0.145751953125,39.428955078125,0.0,0.0,0.0,0.0,0.404052734375,1.7941894531249998,98.47335815429688,49.1860466003418,0.0,208.0,208.0,7.549323081970215,0.99764404296875,0.09528851509094238,0.00411485880613327,0.012159943580627441,0.09614934944717624,56,P002,0.76123046875,0.0,0.0,0.0,0.0,0.02978515625,0.0,0.0,0.0,0.0,0.0,0.0,0.00390625,0.0,0.0,0.0,1.078369140625,0.0,0.0,0.0,0.0,0.004150390625,8.322021484375,0.02490234375,0.0,0.0
147.83400390625,57.021473939374225,1268.3337988509593,4530,0.06999267578125,0.0,1.056396484375,2.79443359375,0.0,0.0,2.6220703125,0.0,5.275146484375,24.404541015625,0.0,0.01123046875,10.191650390625,0.007568359375,1.938720703125,0.0,0.0,0.1376953125,38.153076171875,0.0,0.0,0.0,0.0,0.7578125,1.8911132812499998,99.77607727050781,49.36423110961914,0.0,208.0,208.0,7.559561729431152,0.99763671875,0.03639650344848633,0.0016253069043159485,0.0046048760414123535,0.03672263565113032,57,P002,0.789306640625,0.0,0.0,0.0,0.0,0.027832031249999997,0.0,0.0,0.0,0.0,0.0,0.0,0.004638671875,0.0,0.0,0.0,1.089111328125,0.0,0.0,0.0,0.0,0.00439453125,8.822265625,0.02099609375,0.0,0.0
148.14806884765625,57.16549193948006,1304.3667792266608,4514,0.0725390625,0.0,1.126708984375,2.46728515625,0.0,0.0,2.685546875,0.0,5.359130859375,24.5087890625,0.0,0.0107421875,10.5498046875,0.00927734375,2.08642578125,0.0,0.0,0.1337890625,38.10595703125,0.0,0.0,0.0,0.0,0.785888671875,1.210693359375,100.21087646484375,49.18605422973633,0.0,208.0,208.0,7.560771942138672,0.998203125,0.09731382131576538,0.00446850061416626,0.012219011783599854,0.09817969018989248,58,P002,0.83154296875,0.0,0.0,0.0,0.0,0.029052734375,0.0,0.0,0.0,0.0,0.0,0.0,0.004638671875,0.0,0.0,0.0,1.1279296875,0.0,0.0,0.0,0.0,0.00439453125,8.939697265625,0.022705078125,0.0,0.0
148.52512939453126,57.216725484373484,1375.957282805538,4539,0.07517333984375,0.0,1.274169921875,1.922607421875,0.0,0.0,2.884521484375,0.0,5.410888671875,24.1083984375,0.0,0.009765625,11.5205078125,0.014404296875,1.7770996093750002,0.0,0.0,0.123779296875,37.976806640625,0.0,0.0,0.0,0.0,1.02880859375,0.43579101562500006,100.7230453491211,48.93806457519531,0.0,208.0,208.0,7.557201385498047,0.99853515625,0.016793549060821533,0.0007866621017456055,0.0020964741706848145,0.016942176107834883,59,P002,0.802001953125,0.0,0.0,0.0,0.0,0.026855468750000003,0.0,0.0,0.0,0.0,0.0,0.0,0.0048828125,0.0,0.0,0.0,1.193115234375,0.0,0.0,0.0,0.0,0.005126953125,9.451416015625,0.029052734375,0.0,0.0
147.97119873046876,57.50290187207538,1374.8311619451288,4542,0.074189453125,0.0,1.25439453125,2.044921875,0.0,0.0,2.8984375,0.0,5.481201171875,23.951416015625,0.0,0.00927734375,11.728271484375,0.014892578125,1.453125,0.0,0.0,0.120849609375,37.655517578125,0.0,0.0,0.0,0.0,1.09375,0.587890625,100.7939453125,48.905609130859375,0.0,208.0,208.0,7.556527614593506,0.99848876953125,0.04140987992286682,0.0019536614418029785,0.005159616470336914,0.041775789524273604,60,P002,0.761962890625,0.0,0.0,0.0,0.0,0.025146484375,0.0,0.0,0.0,0.0,0.0,0.0,0.004638671875,0.0,0.0,0.0,1.178955078125,0.0,0.0,0.0,0.0,0.004638671875,9.702392578125,0.028320312499999997,0.0,0.0
142.95318603515625,58.97228181788597,1388.0214283432006,4531,0.07421875,0.0,1.13037109375,3.0615234375,0.0,0.0,2.67333984375,0.0,5.37109375,22.207275390625,0.0,0.0078125,11.91455078125,0.0166015625,0.384765625,0.0,0.0,0.115966796875,36.751708984375,0.0,0.0,0.0,0.0,1.57763671875,2.510009765625,101.9541015625,49.11663055419922,0.0,208.0,208.0,7.564671993255615,0.9986669921875,0.02893984317779541,0.0013728737831115723,0.0036022067070007324,0.029195465379741898,61,P002,0.78369140625,0.0,0.0,0.0,0.0,0.02197265625,0.0,0.0,0.0,0.0,0.0,0.0,0.004638671875,0.0,0.0,0.0,1.080810546875,0.0,0.0,0.0,0.0,0.00439453125,10.3515625,0.0302734375,0.0,0.0
141.069111328125,57.8246613812714,1293.7719360301435,4517,0.0711669921875,0.0,0.9899902343749999,4.2958984375,0.0,0.0,2.3994140625,0.0,5.215087890625,22.006103515625,0.0,0.006103515625,10.474609375,0.016357421875,0.405029296875,0.0,0.0,0.118896484375,33.7646484375,0.0,0.0,0.0,0.0,1.463134765625,5.630859375,104.91947937011719,49.37344741821289,0.0,208.0,208.0,7.553668975830078,0.99882080078125,0.047151774168014526,0.002235718071460724,0.005875527858734131,0.047569003249019824,62,P002,0.72607421875,0.0,0.0,0.108642578125,0.425537109375,0.01904296875,0.0,0.0,0.0,0.0,0.0,0.0,0.0048828125,0.0,0.0,0.0,0.9916992187499999,0.0,0.0,0.0,0.0,0.004638671875,10.9052734375,0.028076171874999997,0.0,0.0
140.46400634765624,57.52063894509782,1210.218203120327,4488,0.07026611328125,0.0,0.980712890625,5.8564453125,0.0,0.0,2.324462890625,0.0,5.0263671875,22.5205078125,0.0,0.005615234375,9.41748046875,0.016845703125,0.473388671875,0.0,0.0,0.11840820312499999,30.31689453125,0.0,0.0,0.0,0.0,0.990234375,6.228271484375,107.49602508544922,49.50112533569336,0.0,208.0,208.0,7.4843902587890625,0.99880859375,0.1102975606918335,0.004994124174118042,0.013676226139068604,0.11125435871120802,63,P002,0.64697265625,0.0,0.0,0.085693359375,2.86572265625,0.016357421875,0.0,0.0,0.0,0.0,0.0,0.0,0.047119140625,0.0,0.0,0.0,0.95556640625,0.0,0.0,0.0,0.0,0.004638671875,11.083251953125,0.01904296875,0.0,0.0
138.4157958984375,57.71433257071715,1213.6784937179027,4435,0.0712548828125,0.0,1.137939453125,6.597167968750001,0.0,0.0,2.286376953125,0.0,4.990478515625,22.82421875,0.0,0.002685546875,9.13134765625,0.015869140625,0.63671875,0.0,0.0,0.11230468749999999,27.47705078125,0.0,0.0,0.0,0.0,1.113525390625,6.897216796875,108.39205932617188,49.12514114379883,0.0,208.0,208.0,7.505749702453613,0.9988525390625,0.025655046105384827,0.0009614527225494385,0.0031123757362365723,0.025861025979853024,64,P002,0.693115234375,0.0,0.0,0.093994140625,3.093505859375,0.012939453125,0.0,0.0,0.0,0.0,0.0,0.0,0.00537109375,0.0,0.0,0.0,0.959228515625,0.0,0.0,0.0,0.0,0.00537109375,11.91015625,0.0034179687500000004,0.0,0.0
137.33501953125,58.16224855045523,1252.6188665462496,4448,0.07215576171875,0.0,1.097900390625,6.62109375,0.0,0.0,2.3203125,0.0,4.993896484375,22.77587890625,0.0,0.00244140625,9.48193359375,0.01611328125,0.684814453125,0.0,0.0,0.114990234375,26.90234375,0.0,0.0,0.0,0.0,1.181884765625,7.02490234375,108.21851348876953,49.071075439453125,0.0,208.0,208.0,7.50484561920166,0.99885009765625,0.11155663430690765,-0.013299249112606049,0.007620811462402344,0.11260474879946121,65,P002,0.731689453125,0.0,0.0,0.101806640625,2.62548828125,0.01171875,0.0,0.0,0.0,0.0,0.0,0.0,0.005615234375,0.0,0.0,0.0,0.95654296875,0.0,0.0,0.0,0.0,0.00537109375,12.339599609375,0.003662109375,0.0,0.0
135.51984619140626,57.98059541774191,1245.5203709960936,4423,0.071865234375,0.0,1.1171875,5.673828125,0.0,0.0,2.3583984375,0.0,4.72705078125,22.951904296875,0.0,0.0,9.450927734375,0.0078125,0.8583984374999999,0.0,0.0,0.112060546875,27.291992187500004,0.0,0.0,0.0,0.0,1.267333984375,7.417724609375,107.56751251220703,48.793731689453125,0.0,208.0,208.0,7.431942939758301,0.9987451171875,0.09287894517183304,-0.01830335706472397,0.007134795188903809,0.09493374868011245,66,P002,0.767578125,0.0,0.0,0.119873046875,1.01611328125,0.001220703125,0.0,0.0,0.0,0.0,0.0,0.0,0.00634765625,0.0,0.0,0.0,0.9177246093750001,0.0,0.0,0.0,0.0,0.006103515625,13.925537109375,0.0048828125,0.0,0.0
134.930068359375,57.299645864579865,1202.9386861388923,4369,0.06953125,0.0,1.321044921875,5.11083984375,0.0,0.0,2.38818359375,0.0,4.314453125,23.138427734375,0.0,0.0,8.663330078125,0.000732421875,0.99853515625,0.0,0.0,0.11865234375000001,28.970703125000004,0.0,0.0,0.0,0.0,1.189697265625,7.283447265625,107.01378631591797,48.36396026611328,0.0,208.0,208.0,7.355266571044922,0.99880859375,0.06560485437512398,-0.004110835492610931,0.010551154613494873,0.066574940853946,67,P002,0.8291015625,0.0,0.0,0.1337890625,0.027832031249999997,0.0,0.0,0.0,0.0,0.0,0.0,0.0,0.007568359375,0.0,0.0,0.0,0.8623046875,0.0,0.0,0.0,0.0,0.007080078124999999,14.627685546875,0.006591796875,0.0,0.0
135.7524658203125,57.01141809529154,1153.159831539816,4336,0.065185546875,0.0,1.57275390625,4.11328125,0.0,0.0,2.41015625,0.0,3.96484375,23.579833984375,0.0,0.0,7.851806640625,0.0,1.085205078125,0.0,0.0,0.11547851562500001,31.024658203125,0.0,0.0,0.0,0.0,1.200927734375,6.100830078125,106.5333023071289,48.245513916015625,0.0,208.0,208.0,7.448083877563477,0.9989404296875,0.14934303238987923,0.008073829114437103,0.03488898277282715,0.15357659053025066,68,P002,0.87646484375,0.0,0.0,0.166748046875,0.0,0.0,0.0,0.0,0.0,0.0,0.0,0.0,0.008056640625,0.0,0.0,0.0,0.86865234375,0.0,0.0,0.0,0.0,0.007568359375,15.04443359375,0.00830078125,0.0,0.0
134.3916455078125,57.93272749969591,1169.94782409277,4313,0.06413330078125,0.0,1.99462890625,3.021728515625,0.0,0.0,2.601318359375,0.0,3.5595703125000004,23.97509765625,0.0,0.0,7.583007812500001,0.0,1.553466796875,0.0,0.0,0.090576171875,30.888427734375,0.0,0.0,0.0,0.0,1.556396484375,4.371826171875,105.88880920410156,47.789791107177734,0.0,208.0,208.0,7.453100204467773,0.9973876953125,0.11060966551303864,0.015544317662715912,0.031713247299194336,0.11611138605134971,69,P002,0.90478515625,0.0,0.0,0.0,0.0,0.0,0.0,0.0,0.0,0.0,0.0,0.0,0.00927734375,0.0,0.0,0.0,0.869140625,0.0,0.0,0.0,0.0,0.0087890625,16.999267578125,0.0126953125,0.0,0.0
135.6401806640625,58.867012195049,1186.7619436921836,4324,0.0647607421875,0.0,2.29541015625,2.412353515625,0.0,0.0,2.794189453125,0.0,3.4443359375000004,23.591064453125,0.0,0.0,8.3203125,0.0,1.268310546875,0.0,0.0,0.082763671875,29.927734374999996,0.0,0.0,0.0,0.0,2.56396484375,2.441650390625,107.9599380493164,46.92658233642578,0.0,208.0,208.0,7.466865539550781,0.999326171875,0.11084350943565369,0.023262783885002136,0.03639113903045654,0.11896115205404738,70,P002,0.829345703125,0.0,0.0,0.0,0.0,0.0,0.0,0.0,0.0,0.0,0.0,0.0,0.010009765625,0.0,0.0,0.0,0.89013671875,0.0,0.0,0.0,0.0,0.01025390625,19.102783203125,0.015380859375,0.0,0.0
141.09181640625,57.70278070251234,1232.8299432103095,4406,0.0691748046875,0.0,2.55615234375,2.05615234375,0.0,0.0,2.923095703125,0.0,3.48974609375,21.93798828125,0.0,0.0,9.633544921875,0.0,1.2861328125,0.0,0.0,0.073486328125,27.0087890625,0.0,0.0,0.0,0.0,4.268310546875,0.60009765625,104.59541320800781,46.32870101928711,0.0,208.0,208.0,7.429408550262451,0.9993408203125,0.16767656803131104,0.05906547559425235,0.06324189901351929,0.1886894264784603,71,P002,0.714599609375,0.0,0.0,0.0,0.0,0.0,0.0,0.0,0.0,0.0,0.0,0.0,0.010498046875,0.0,0.0,0.0,0.95068359375,0.0,0.0,0.0,0.0,0.01025390625,22.46240234375,0.01806640625,0.0,0.0
147.6540625,57.83025441144946,1292.9435423259674,4602,0.071923828125,0.0,2.953369140625,1.740966796875,0.0,0.0,3.059814453125,0.0,3.17138671875,18.568115234375,0.0,0.0,10.69970703125,0.00390625,0.326416015625,0.0,0.0,0.070068359375,22.791259765625,0.0,0.0,0.0,0.0,6.416015625,0.0,98.82117462158203,46.06353759765625,0.0,208.0,208.0,7.465001106262207,0.999404296875,0.15387827157974243,0.08642776357010007,0.038744330406188965,0.18069146055838395,72,P002,0.0,0.0,0.0,0.0,0.0,0.0,0.0,0.0,0.0,0.0,0.0,0.0,0.0107421875,0.0,0.0,0.0,1.315185546875,0.0,0.0,0.0,0.0,0.010986328125,28.839599609375,0.0224609375,0.0,0.0
153.53820556640625,58.70556040581895,1397.2115845641138,4653,0.07840087890625,0.0,3.031005859375,1.6428222656250002,0.0,0.0,3.3068847656249996,0.0,3.722900390625,19.509521484375,0.0,0.0185546875,11.06787109375,0.09521484375,0.22705078125000003,0.0,0.0,0.06591796875,19.392578125,0.0,0.0,0.0,0.0,7.947021484375,0.0,94.27153015136719,46.63638687133789,0.0,208.0,208.0,7.479442596435547,0.999638671875,0.11182409524917603,0.07348834723234177,0.0063013434410095215,0.13395847261894106,73,P002,0.0,0.0,0.0,0.00390625,0.0,0.23315429687500003,0.038330078125,0.0,0.0,0.0,0.0,0.0,0.015380859375,0.0,0.0,0.0,2.216064453125,0.0,0.0,0.0,0.0,0.011962890625,27.432373046875004,0.021484375,0.0,0.0
159.495478515625,58.118477238726456,1455.2310103375848,4729,0.08167724609375,0.0,2.599609375,1.8483886718749998,0.0,0.0,3.6113281249999996,0.0,4.151611328125,22.4619140625,0.0,0.017822265625,11.01220703125,0.190673828125,0.302734375,0.0,0.0,0.068115234375,17.604248046875,0.0,0.007568359375,0.0,0.0,8.674072265625,0.0,91.27375793457031,47.25660705566406,0.0,208.0,208.0,7.499408721923828,0.99935302734375,0.10806870460510254,0.07571545243263245,-0.00498807430267334,0.13204755028909898,74,P002,0.0,0.0,0.0,0.004150390625,0.0,0.600341796875,0.22509765625000003,0.0,0.0,0.0,0.0,0.0,0.01611328125,0.0,0.0,0.012451171875,3.0927734375,0.0,0.0,0.0,0.0,0.014160156249999998,23.46728515625,0.017333984375,0.0,0.0
168.11088623046874,57.91575362721905,1420.7084545507369,4761,0.08287353515625,0.0,1.990966796875,1.9289550781250002,0.0,0.0,3.88037109375,0.0,4.572265625,29.705322265625,0.0,0.02001953125,11.03857421875,0.202880859375,0.380859375,0.0,0.0,0.06591796875,15.730712890625002,0.0,0.02490234375,0.0,0.0,9.25732421875,0.0,98.50634765625,49.31432342529297,0.0,208.0,208.0,7.542888641357422,0.99731689453125,0.10290378332138062,0.07646949589252472,-0.012639462947845459,0.12882751432640646,75,P002,0.0,0.0,0.0,0.004150390625,0.0,0.618896484375,0.242431640625,0.0,0.0,0.0,0.0,0.0,0.017578125,0.0,0.0,0.02587890625,3.4274902343749996,0.0,0.0,0.0,0.0,0.181396484375,16.67138671875,0.01171875,0.0,0.0
175.9429443359375,59.297339396426125,1423.3654832496402,4786,0.0842626953125,0.0,1.3564453125,2.0537109375,0.0,0.0,3.9096679687499996,0.0,4.795654296875,40.445068359375,0.0,0.019775390625,11.475341796875,0.2158203125,0.48193359374999994,0.0,0.0,0.06982421875,16.10400390625,0.0,0.044921875,0.0,0.0,9.922607421875,0.0,101.43730163574219,47.99537658691406,0.0,208.0,208.0,7.547629356384277,0.9988232421875,0.14171504974365234,0.11492133140563965,-0.032672762870788574,0.18535797034252802,76,P002,0.0,0.0,0.0,0.00439453125,0.0,0.678955078125,0.263671875,0.0,0.0,0.0,0.0,0.0,0.019287109375,0.0,0.0,0.015869140625,3.814697265625,0.0,0.0,0.0,0.0,0.045166015625,4.26025390625,0.0029296875,0.0,0.0
173.88408203125,60.94132616623568,1462.3763366590447,4885,0.08364990234375,0.0,0.43481445312499994,2.1357421875,0.0,0.0,4.582275390625,0.0,3.8195800781249996,41.65185546875,0.0,0.02001953125,12.3359375,0.23706054687500003,0.697021484375,0.0,0.0,0.068359375,17.575927734375,0.0,0.070556640625,0.0,0.0,10.722900390625,0.0,96.89115905761719,47.301639556884766,0.0,208.0,208.0,7.525454521179199,0.99910400390625,0.09748458862304688,0.06972521543502808,-0.03482764959335327,0.12481112074916705,77,P002,0.0,0.0,0.0,0.006103515625,0.0,0.769775390625,0.30029296875,0.0,0.0,0.0,0.0,0.0,0.021484375,0.0,0.0,0.057861328125,4.479736328125,0.0,0.0,0.0,0.0,0.0126953125,0.0,0.0,0.0,0.0
169.98103271484376,61.5037706392035,1446.3386855697631,4898,0.089453125,0.0,0.20874023437500003,2.097412109375,0.0,0.0,5.88916015625,0.0,1.807373046875,41.927978515625,0.0,0.021484375,12.44384765625,0.25,0.951904296875,0.0,0.000732421875,0.07470703125,17.3349609375,0.0,0.094482421875,0.0,0.0,10.77197265625,0.0,95.77560424804688,47.111419677734375,0.0,208.0,208.0,7.517153263092041,0.99914306640625,0.08459746837615967,0.03574472665786743,-0.03226214647293091,0.09734096380528519,78,P002,0.0,0.0,0.0,0.00830078125,0.0,0.84033203125,0.330078125,0.0,0.0,0.0,0.0,0.0,0.022216796875,0.0,0.0,0.06884765625,4.841064453125,0.0,0.0,0.0,0.0,0.014404296875,0.0,0.0,0.0,0.0
169.6334765625,61.912951716561395,1405.0292026612226,4875,0.08853515625,0.0,0.166748046875,2.36328125,0.0,0.0,6.67578125,0.0,0.328125,45.190673828125,0.0,0.021484375,11.312744140625,0.259765625,1.3271484375,0.0,0.002197265625,0.077880859375,15.929443359375,0.0,0.103515625,0.0,0.0,9.954345703125,0.0,95.29478454589844,47.11395263671875,0.0,208.0,208.0,7.515304088592529,0.99919921875,0.12028610706329346,0.02032369375228882,-0.04143708944320679,0.12883645626026524,79,P002,0.0,0.0,0.0,0.007568359375,0.0,0.908447265625,0.341796875,0.0,0.0,0.0,0.0,0.0,0.022216796875,0.0,0.0,0.07470703125,4.917724609375,0.0,0.0,0.0,0.0,0.014404296875,0.0,0.0,0.0,0.0
170.665634765625,61.66514944395034,1304.2080416154322,4777,0.08050537109375,0.0,0.138671875,2.82275390625,0.0,0.0,6.581298828125,0.0,0.0244140625,51.376220703125,0.0,0.02294921875,8.906494140625,0.272216796875,0.912109375,0.0,0.0048828125,0.095703125,14.1484375,0.0,0.114013671875,0.0,0.0,8.05419921875,0.0,94.02472686767578,47.31589889526367,0.0,208.0,208.0,7.515310764312744,0.9990234375,0.04221189022064209,0.0028735995292663574,-0.013102412223815918,0.04429192315012907,80,P002,0.0,0.0,0.0,0.008544921875,0.0,1.044189453125,0.353271484375,0.0,0.0,0.0,0.0,0.0,0.025390625,0.0,0.0,0.07958984375,4.997802734375,0.0,0.0,0.0,0.0,0.016845703125,0.0,0.0,0.0,0.0
173.0331298828125,61.39291331848634,1268.7432577504576,4719,0.07799560546875,0.0,0.578857421875,3.28955078125,0.0,0.0,6.511474609374999,0.0,0.02392578125,57.357666015625,0.0,0.022216796875,7.423583984375,0.28515625,0.0234375,0.0,0.00537109375,0.10595703125,11.913818359375,0.0,0.116943359375,0.0,0.0,5.83154296875,0.0,94.15785217285156,47.719993591308594,0.0,208.0,208.0,7.5200700759887695,0.99887939453125,0.0407719612121582,0.001537919044494629,-0.011809229850769043,0.04247559211760852,81,P002,0.0,0.0,0.0,0.0078125,0.0,1.28466796875,0.351318359375,0.0,0.0,0.0,0.0,0.0,0.026123046875,0.0,0.0,0.082275390625,4.740478515625,0.0,0.0,0.0,0.0,0.017822265625,0.0,0.0,0.0,0.0
175.49429443359375,61.34741075476372,1238.8776195795474,4813,0.07549560546875,0.0,1.25244140625,3.362060546875,0.0,0.0,6.6787109375,0.0,0.0244140625,61.200439453125,0.0,0.022705078125,6.002685546875,0.304443359375,0.025390625,0.0,0.00634765625,0.13232421875,10.474853515625,0.0,0.123291015625,0.0,0.0,3.886962890625,0.0,94.41838836669922,48.14701843261719,0.0,208.0,208.0,7.52224063873291,0.9987548828125,0.03971385955810547,0.000672757625579834,-0.010566413402557373,0.041101001642507996,82,P002,0.0,0.0,0.0,0.00927734375,0.0,1.441162109375,0.35546875,0.0,0.0,0.0,0.0,0.0,0.027343750000000003,0.0,0.0,0.086181640625,4.564697265625,0.0,0.0,0.0,0.0,0.018798828125,0.0,0.0,0.0,0.0
176.98861572265625,60.48944296117875,1209.8016159118656,4857,0.07466552734375,0.0,1.68798828125,3.43701171875,0.0,0.0,7.000244140625,0.0,0.0244140625,62.78759765625001,0.0,0.02392578125,5.272216796875,0.322998046875,0.02880859375,0.0,0.006591796875,0.16552734375,10.0361328125,0.0,0.131103515625,0.0,0.0,2.516845703125,0.0,94.2330093383789,48.36865234375,0.0,208.0,208.0,7.529969215393066,0.99863037109375,0.12576401233673096,0.0001266002655029297,-0.024986982345581055,0.12822227619801102,83,P002,0.0,0.0,0.0,0.009033203125,0.0,1.538330078125,0.365234375,0.0,0.0,0.0,0.0,0.0,0.028564453125,0.0,0.0,0.090576171875,4.507080078125,0.0,0.0,0.0,0.0,0.019775390625,0.0,0.0,0.0,0.0
171.590537109375,62.08713930827343,1238.696089764351,4977,0.07861328125,0.0,1.23974609375,3.802490234375,0.0,0.0,8.89892578125,0.0,0.025634765625,60.5673828125,0.0,0.024658203125,6.199951171875,0.3515625,0.030517578125,0.0,0.008544921875,0.21069335937500003,10.10986328125,0.0,0.14892578125,0.0,0.0,1.171630859375,0.0,94.95639038085938,48.84029006958008,0.0,208.0,208.0,7.5538225173950195,0.99822021484375,0.21703267097473145,-0.0003803372383117676,-0.04076331853866577,0.2208279263705694,84,P002,0.0,0.0,0.0,0.010498046875,0.0,1.755859375,0.388671875,0.0,0.0,0.0,0.0,0.0,0.032958984375,0.0,0.0,0.09765625,4.899658203125,0.0,0.0,0.0,0.0,0.024169921875,0.0,0.0,0.0,0.0
154.8309912109375,65.83840918133745,1524.519052683926,4968,0.0929638671875,0.0,0.011474609375,3.8271484375,0.0,0.0,12.478271484375,0.0,0.025634765625,47.792724609375,0.0,0.026123046875,9.973876953125,0.384033203125,0.039306640625,0.0,0.010986328125,0.236572265625,12.228515625,0.0,0.181884765625,0.0,0.0,3.237060546875,0.0,96.65814208984375,49.18850326538086,0.0,208.0,208.0,7.550196170806885,0.99822265625,0.26152801513671875,-0.002733170986175537,-0.12659978866577148,0.29057164248289863,85,P002,0.0,0.0,0.0,0.0107421875,0.0,2.761962890625,0.433837890625,0.0,0.0,0.0,0.03076171875,0.0,0.046875,0.083984375,0.0,0.107666015625,6.034423828125,0.0,0.0,0.0,0.0,0.0361328125,0.0,0.0,0.0,0.0
143.5850439453125,65.53254621354561,1675.165787314511,4892,0.09279296875,0.0,0.0,0.9865722656249999,0.0,0.0,10.564453125,0.0,0.024169921875,42.2744140625,0.0,0.029052734375,12.668701171875,0.41552734375,0.041748046875,0.0,0.027099609375000003,0.23681640624999997,16.17431640625,0.0,0.23706054687500003,0.0,0.0,4.888671875,0.0,98.105712890625,48.88766860961914,0.0,208.0,208.0,7.554047584533691,0.99859375,0.24619126319885254,-0.008445441722869873,-0.2006756067276001,0.3177297006841373,86,P002,0.0,0.0,0.0,0.013671875000000002,0.0,1.8029785156249998,0.5009765625,0.0,0.0,0.0,0.136962890625,0.0,0.077880859375,0.448974609375,0.0,0.121337890625,8.263427734375,0.0,0.0,0.0,0.0,0.065185546875,0.0,0.0,0.0,0.0
138.94307373046874,62.406330739224124,1376.6883892379703,4592,0.08403076171875,0.0,0.0,0.4033203125,0.0,0.0,7.387695312500001,0.0,0.017578125,46.746337890625,0.0,0.034423828125,10.42919921875,0.429931640625,0.03271484375,0.0,0.066162109375,0.22216796875,21.808837890625,0.0,0.315185546875,0.0,0.0,0.251953125,0.0,99.89344787597656,49.20201110839844,0.0,208.0,208.0,7.552310943603516,0.99737060546875,0.1799945831298828,-0.016273856163024902,-0.17597413063049316,0.25224944598883264,87,P002,0.0,0.0,0.0,0.014892578125,0.0,1.804443359375,0.591796875,0.0,0.0,0.0,0.0,0.0,0.151611328125,0.762939453125,0.0,0.13525390625,8.25830078125,0.0,0.0,0.0,0.0,0.13525390625,0.0,0.0,0.0,0.0
144.469130859375,53.12545564350984,1045.8997966201546,4249,0.0673681640625,0.0,0.0,0.6123046875,0.0,0.0,4.982177734375,0.0,0.01806640625,50.55664062500001,0.0,0.03759765625,4.674072265625,0.428955078125,0.024658203125,0.0,0.094482421875,0.125,29.050292968750004,0.0,0.39501953125,0.0,0.0,0.033447265625,0.0,100.32945251464844,49.71735382080078,0.0,208.0,208.0,7.555631637573242,0.9971728515625,0.16200852394104004,-0.03176826238632202,-0.14781498908996582,0.22159705621751263,88,P002,0.0,0.0,0.0,0.0166015625,0.0,0.4072265625,0.693359375,0.0,0.0,0.0,0.0,0.0,0.09912109374999999,0.126220703125,0.0,0.1435546875,7.231201171875,0.0,0.0,0.0,0.0,0.25,0.0,0.0,0.0,0.0
142.1703955078125,51.130163424883484,714.6610135782003,3962,0.05514892578125,0.0,0.0,0.84814453125,0.0,0.0,4.881591796875,0.0,0.025146484375,45.461181640625,0.0,0.040771484375,1.8911132812499998,0.415771484375,0.0185546875,0.0,0.10644531250000001,0.1220703125,38.1201171875,0.0,0.47900390625,0.0,0.0,0.01171875,0.0,101.58980560302734,49.62699890136719,0.0,208.0,208.0,7.571714878082275,0.99814208984375,0.12816596031188965,-0.037945181131362915,-0.10174727439880371,0.16798469573549332,89,P002,0.0,0.0,0.0,0.0185546875,0.0,0.36328125,0.79248046875,0.0,0.0,0.0,0.0,0.0,0.016845703125,0.0,0.0,0.14453125,6.24267578125,0.0,0.0,0.0,0.0,0.0,0.0,0.0,0.0,0.0
137.17244384765624,52.54353697892943,672.5732469289543,4078,0.04902099609375,0.0,0.0,1.06201171875,0.0,0.0,6.044677734375,0.0,0.0302734375,40.077392578125,0.0,0.04443359375,1.5751953125,0.411865234375,0.019775390625,0.0,0.121826171875,0.19921875,42.994140625,0.0,0.5556640625,0.0,0.0,0.007080078124999999,0.0,103.72184753417969,49.4112663269043,0.0,208.0,208.0,7.565878868103027,0.9985205078125,0.18614983558654785,-0.0741330087184906,-0.12042355537414551,0.23377189086693997,90,P002,0.0,0.0,0.0,0.019775390625,0.0,0.34326171875,0.8740234374999999,0.0,0.0,0.0,0.0,0.0,0.018310546875,0.0,0.0,0.141845703125,5.459228515625,0.0,0.0,0.0,0.0,0.0,0.0,0.0,0.0,0.0
129.04484130859376,55.39243111035692,620.816969949478,3601,0.04005615234375,0.0,0.0,3.6730957031249996,0.0,0.0,4.57421875,0.0,0.04150390625,36.687255859375,0.0,0.04907226562499999,1.19677734375,0.42919921874999994,0.017822265625,0.0,0.13134765625,0.114013671875,46.158447265625,0.0,0.670654296875,0.0,0.0,0.00439453125,0.0,104.84829711914062,48.871089935302734,0.0,208.0,208.0,7.534543514251709,0.99813720703125,0.12415504455566406,-0.06049332022666931,-0.06290805339813232,0.15176079883490187,91,P002,0.0,0.0,0.0,0.02294921875,0.0,0.326171875,0.9919433593750001,0.0,0.0,0.0,0.0,0.0,0.01953125,0.0,0.0,0.132080078125,4.759521484375,0.0,0.0,0.0,0.0,0.0,0.0,0.0,0.0,0.0
122.73305908203125,58.233238643221156,545.4880940789938,3300,0.03489013671875,0.0,0.0,6.360595703124999,0.0,0.0,2.985595703125,0.0,0.04956054687499999,35.408935546875,0.0,0.05126953125,0.8330078124999999,0.458740234375,0.020751953125,0.0,0.127685546875,0.1044921875,46.86279296875,0.0,0.73681640625,0.0,0.0,0.02294921875,0.0,104.74331665039062,48.61634826660156,0.0,208.0,208.0,7.543522834777832,0.99849853515625,0.12165284156799316,-0.06472867727279663,-0.05257868766784668,0.14749147066839519,92,P002,0.0,0.0,0.0,0.02392578125,0.0,0.320556640625,1.080322265625,0.0,0.0,0.0,0.0,0.0,0.020263671875,0.0,0.0,0.11865234375000001,4.4130859375,0.0,0.0,0.0,0.0,0.0,0.0,0.0,0.0,0.0
116.9981884765625,60.38311136667227,523.3594244467675,3140,0.0321435546875,0.0,0.0,7.391357421875,0.0,0.0,1.491943359375,0.0,0.05419921875000001,36.60498046875,0.0,0.05419921875000001,0.757080078125,0.48974609374999994,0.031494140625,0.0,0.11352539062500001,0.08837890625,46.321044921875,0.0,0.73486328125,0.0,0.0,0.010498046875,0.0,103.75174713134766,48.54920196533203,0.0,208.0,208.0,7.545292854309082,0.99814697265625,0.14165115356445312,-0.08013482391834259,-0.052727699279785156,0.17107556687587946,93,P002,0.0,0.0,0.0,0.018310546875,0.0,0.32421875,1.137939453125,0.0,0.0,0.0,0.0,0.0,0.018310546875,0.0,0.0,0.09912109374999999,4.2587890625,0.0,0.0,0.0,0.0,0.0,0.0,0.0,0.0,0.0
108.5894091796875,62.86127932690979,499.3634227065088,2995,0.0317236328125,0.0,0.0,8.4501953125,0.0,0.0,0.3662109375,0.0,0.06225585937499999,39.112548828125,0.0,0.056396484375,0.911376953125,0.525146484375,0.05566406249999999,0.0,0.087646484375,0.005615234375,44.076171875,0.0,0.552001953125,0.0,0.0,0.0034179687500000004,0.0,101.94046020507812,48.53123474121094,0.0,208.0,208.0,7.540676116943359,0.998232421875,0.13352274894714355,-0.07877837866544724,-0.04314875602722168,0.1609228777341967,94,P002,0.0,0.0,0.0,0.009033203125,0.0,0.329833984375,1.15771484375,0.0,0.0,0.0,0.0,0.0,0.010009765625,0.0,0.0,0.06640625,4.162353515625,0.0,0.0,0.0,0.0,0.0,0.0,0.0,0.0,0.0
100.61635498046876,65.56356563864487,440.5065820175169,2578,0.023583984375,0.0,0.0,9.56298828125,0.0,0.0,0.2314453125,0.0,0.06689453125,43.8125,0.0,0.06103515625,1.099853515625,0.5087890625,0.065185546875,0.0,0.0146484375,0.0,39.8349609375,0.0,0.035400390625,0.0,0.0,0.006835937500000001,0.0,99.8874740600586,48.68904113769531,0.0,208.0,208.0,7.518744945526123,0.99799072265625,0.1078643798828125,-0.06515086814761162,-0.030977964401245117,0.1297651507390793,95,P002,0.0,0.0,0.0,0.009765625,0.0,0.1044921875,0.838134765625,0.0,0.0,0.0,0.0,0.0,0.010009765625,0.0,0.0,0.0,3.737060546875,0.0,0.0,0.0,0.0,0.0,0.0,0.0,0.0,0.0
92.04414794921875,67.44219958486896,360.12885728051646,1873,0.02078857421875,0.0,0.0,10.57373046875,0.0,0.0,0.292724609375,0.0,0.02197265625,51.27685546875001,0.0,0.006103515625,1.291015625,0.25048828125,0.00244140625,0.0,0.0,0.0,33.433349609375,0.0,0.0,0.0,0.0,0.007568359375,0.0,102.45970916748047,48.57814025878906,0.0,208.0,208.0,7.545901775360107,0.998447265625,0.03933429718017578,-0.023962898179888725,-0.010524272918701172,0.04724582250639103,96,P002,0.0,0.0,0.0,0.0,0.0,0.0,0.0017089843750000002,0.0,0.0,0.0,0.0,0.0,0.0,0.0,0.0,0.0,2.842041015625,0.0,0.0,0.0,0.0,0.0,0.0,0.0,0.0,0.0
87.06578125,68.66468469876108,300.4046972595215,1334,0.01788818359375,0.0,0.0,12.06005859375,0.0,0.0,0.24853515625,0.0,0.0,55.09521484374999,0.0,0.0,1.099853515625,0.13037109375,0.0,0.0,0.0,0.0,28.89208984375,0.0,0.0,0.0,0.0,0.00732421875,0.0,101.78924560546875,48.28242492675781,0.0,208.0,208.0,7.5245466232299805,0.99875244140625,0.00039649009704589844,-0.00024181418120861053,-0.00010442733764648438,0.00047600794545573456,97,P002,0.0,0.0,0.0,0.0,0.0,0.0,0.0,0.0,0.0,0.0,0.0,0.0,0.0,0.0,0.0,0.0,2.466552734375,0.0,0.0,0.0,0.0,0.0,0.0,0.0,0.0,0.0
85.75509521484375,69.33718187028236,302.52484095663425,1371,0.01779296875,0.0,0.0,13.996582031249998,0.0,0.0,0.248046875,0.0,0.0,55.319091796875,0.0,0.0,1.112060546875,0.133056640625,0.0,0.0,0.0,0.0,26.743896484375,0.0,0.0,0.0,0.0,0.006103515625,0.0,102.40248107910156,48.20859909057617,0.0,208.0,208.0,7.498232841491699,0.9987841796875,0.05271601676940918,-0.0321908937767148,-0.013489961624145508,0.06322350141203256,98,P002,0.0,0.0,0.0,0.0,0.0,0.0,0.0,0.0,0.0,0.0,0.0,0.0,0.0,0.0,0.0,0.0,2.441162109375,0.0,0.0,0.0,0.0,0.0,0.0,0.0,0.0,0.0
80.984365234375,68.33691623704189,217.20961425492763,780,0.0117041015625,0.0,0.0,12.856201171875,0.0,0.0,0.09716796875,0.0,0.0,62.039794921875,0.0,0.0,0.520751953125,0.005126953125,0.0,0.0,0.0,0.0,22.81005859375,0.0,0.0,0.0,0.0,0.000732421875,0.0,101.05339050292969,48.09838104248047,0.0,208.0,208.0,7.457235336303711,0.99871337890625,0.012018442153930664,-0.007341536693274975,-0.0029811859130859375,0.01439543616131385,99,P002,0.0,0.0,0.0,0.0,0.0,0.0,0.0,0.0,0.0,0.0,0.0,0.0,0.0,0.0,0.0,0.0,1.670166015625,0.0,0.0,0.0,0.0,0.0,0.0,0.0,0.0,0.0
81.43813232421876,68.02429792315073,192.40845105657579,572,0.01101318359375,0.0,0.0,11.1015625,0.0,0.0,0.04541015625,0.0,0.0,63.06835937500001,0.0,0.0,0.308837890625,0.0,0.0,0.0,0.0,0.0,24.128662109375,0.0,0.0,0.0,0.0,0.000244140625,0.0,100.2812728881836,48.095211029052734,0.0,208.0,208.0,7.497793674468994,0.99866943359375,0.02585911750793457,-0.015789717435836792,-0.006295919418334961,0.030945883996339543,100,P002,0.0,0.0,0.0,0.0,0.0,0.0,0.0,0.0,0.0,0.0,0.0,0.0,0.0,0.0,0.0,0.0,1.346923828125,0.0,0.0,0.0,0.0,0.0,0.0,0.0,0.0,0.0
80.64899169921875,66.85938740585398,131.53643466796876,174,0.0087255859375,0.0,0.0,8.197998046875,0.0,0.0,0.0,0.0,0.0,65.927978515625,0.0,0.0,0.0,0.0,0.0,0.0,0.0,0.0,25.154541015625,0.0,0.0,0.0,0.0,0.0,0.0,99.08667755126953,47.985408782958984,0.0,208.0,208.0,7.513259410858154,0.998759765625,0.08832788467407227,-0.0536607950925827,-0.020297527313232422,0.10532466831657138,101,P002,0.0,0.0,0.0,0.0,0.0,0.0,0.0,0.0,0.0,0.0,0.0,0.0,0.0,0.0,0.0,0.0,0.719482421875,0.0,0.0,0.0,0.0,0.0,0.0,0.0,0.0,0.0
60.42257080078125,54.40612687407422,122.7874797469139,67,0.00510986328125,0.0,0.0,5.17236328125,0.0,0.0,0.0,0.0,0.0,77.126220703125,0.0,0.0,0.0,0.0,0.0,0.0,0.0,0.0,17.701416015625,0.0,0.0,0.0,0.0,0.0,0.0,93.93525695800781,47.2095832824707,0.0,208.0,208.0,7.484175205230713,0.999150390625,0.05379128456115723,-0.032050035893917084,-0.01148533821105957,0.06366019234469207,102,P002,0.0,0.0,0.0,0.0,0.0,0.0,0.0,0.0,0.0,0.0,0.0,0.0,0.0,0.0,0.0,0.0,0.0,0.0,0.0,0.0,0.0,0.0,0.0,0.0,0.0,0.0
43.20499267578125,40.73522453054184,134.63399169916508,21,0.00240234375,0.0,0.0,5.37255859375,0.0,0.0,0.0,0.0,0.0,86.445068359375,0.0,0.0,0.0,0.0,0.0,0.0,0.0,0.0,8.182373046875,0.0,0.0,0.0,0.0,0.0,0.0,90.61231231689453,47.215702056884766,0.0,208.0,208.0,7.460126876831055,0.9992578125,0.001529693603515625,-0.0008978992700576782,-0.0003178119659423828,0.0018019961335982084,103,P002,0.0,0.0,0.0,0.0,0.0,0.0,0.0,0.0,0.0,0.0,0.0,0.0,0.0,0.0,0.0,0.0,0.0,0.0,0.0,0.0,0.0,0.0,0.0,0.0,0.0,0.0
42.01395751953125,40.32071922038801,131.54795626229645,25,0.0026025390625,0.0,0.0,7.907958984375001,0.0,0.0,0.0,0.0,0.0,86.167236328125,0.0,0.0,0.0,0.0,0.0,0.0,0.0,0.0,5.924560546875,0.0,0.000244140625,0.0,0.0,0.0,0.0,90.80542755126953,47.25114822387695,0.0,208.0,208.0,7.398745059967041,0.999228515625,0.03249788284301758,-0.01882864534854889,-0.006618022918701172,0.038136970282029246,104,P002,0.0,0.0,0.0,0.0,0.0,0.0,0.0,0.0,0.0,0.0,0.0,0.0,0.0,0.0,0.0,0.0,0.0,0.0,0.0,0.0,0.0,0.0,0.0,0.0,0.0,0.0
30.1527734375,25.1671065494957,140.0296313476026,5,0.0001171875,0.0,0.0,11.07666015625,0.0,0.0,0.0,0.0,0.0,88.832275390625,0.0,0.0,0.0,0.0,0.0,0.0,0.0,0.0,0.091064453125,0.0,0.0,0.0,0.0,0.0,0.0,89.0987777709961,47.64540481567383,0.0,208.0,208.0,7.415218353271484,0.9993017578125,0.07828712463378906,-0.043517082929611206,-0.014478206634521484,0.09073163096451525,105,P002,0.0,0.0,0.0,0.0,0.0,0.0,0.0,0.0,0.0,0.0,0.0,0.0,0.0,0.0,0.0,0.0,0.0,0.0,0.0,0.0,0.0,0.0,0.0,0.0,0.0,0.0
23.937783203125,15.536811006692671,148.78692375600343,0,0.0,0.0,0.0,13.316162109374998,0.0,0.0,0.0,0.0,0.0,86.683837890625,0.0,0.0,0.0,0.0,0.0,0.0,0.0,0.0,0.0,0.0,0.0,0.0,0.0,0.0,0.0,89.62261962890625,49.78972244262695,0.0,208.0,208.0,7.3216657638549805,0.99591064453125,0.09506368637084961,-0.048911139369010925,-0.011052846908569336,0.10747822777462578,106,P002,0.0,0.0,0.0,0.0,0.0,0.0,0.0,0.0,0.0,0.0,0.0,0.0,0.0,0.0,0.0,0.0,0.0,0.0,0.0,0.0,0.0,0.0,0.0,0.0,0.0,0.0
24.198271484375,16.52848452590773,150.9763841871679,0,0.0,0.0,0.0,12.675781250000002,0.0,0.0,0.0,0.0,0.0,87.32421875,0.0,0.0,0.0,0.0,0.0,0.0,0.0,0.0,0.0,0.0,0.0,0.0,0.0,0.0,0.0,115.543212890625,50.69768524169922,0.0,208.0,208.0,7.420581340789795,0.99552001953125,0.02126932144165039,-0.020316898822784424,0.014444589614868164,0.03276898810621813,107,P002,0.0,0.0,0.0,0.0,0.0,0.0,0.0,0.0,0.0,0.0,0.0,0.0,0.0,0.0,0.0,0.0,0.0,0.0,0.0,0.0,0.0,0.0,0.0,0.0,0.0,0.0
24.41277099609375,16.836207538069257,148.87738521479963,0,0.0,0.0,0.0,12.720703125,0.0,0.0,0.0,0.0,0.0,87.279296875,0.0,0.0,0.0,0.0,0.0,0.0,0.0,0.0,0.0,0.0,0.0,0.0,0.0,0.0,0.0,120.05134582519531,48.841766357421875,0.0,208.0,208.0,7.415289878845215,0.996435546875,-0.028624534606933594,-0.007854640483856201,0.016265392303466797,0.033847043377226445,108,P002,0.0,0.0,0.0,0.0,0.0,0.0,0.0,0.0,0.0,0.0,0.0,0.0,0.0,0.0,0.0,0.0,0.0,0.0,0.0,0.0,0.0,0.0,0.0,0.0,0.0,0.0
24.5229443359375,16.576021335744997,152.70745360755322,0,0.0,0.0,0.0,12.048828125,0.0,0.0,0.0,0.0,0.0,87.951171875,0.0,0.0,0.0,0.0,0.0,0.0,0.0,0.0,0.0,0.0,0.0,0.0,0.0,0.0,0.0,113.32404327392578,51.32423782348633,0.0,208.0,208.0,7.39333963394165,0.99555419921875,-0.014637947082519531,-0.0023603439331054688,0.00644373893737793,0.016166709305429794,109,P002,0.0,0.0,0.0,0.0,0.0,0.0,0.0,0.0,0.0,0.0,0.0,0.0,0.0,0.0,0.0,0.0,0.0,0.0,0.0,0.0,0.0,0.0,0.0,0.0,0.0,0.0
24.816748046875,15.96091089299655,155.40305413350458,0,0.0,0.0,0.0,9.633544921875,0.0,0.0,0.0,0.0,0.0,90.366455078125,0.0,0.0,0.0,0.0,0.0,0.0,0.0,0.0,0.0,0.0,0.0,0.0,0.0,0.0,0.0,108.31905364990234,52.064002990722656,0.0,208.0,208.0,7.431524276733398,0.9955908203125,-0.009165287017822266,-0.0010225176811218262,0.003779888153076172,0.009966723783522534,110,P002,0.0,0.0,0.0,0.0,0.0,0.0,0.0,0.0,0.0,0.0,0.0,0.0,0.0,0.0,0.0,0.0,0.0,0.0,0.0,0.0,0.0,0.0,0.0,0.0,0.0,0.0
24.76046875,15.696240648110567,157.99017321795816,1,0.0,0.0,0.0,8.31689453125,0.0,0.0,0.0,0.0,0.0,91.655517578125,0.0,0.0,0.0,0.0,0.0,0.0,0.0,0.0,0.027587890624999997,0.0,0.0,0.0,0.0,0.0,0.0,105.17340087890625,52.00581359863281,0.0,208.0,208.0,7.461368560791016,0.996083984375,-0.060379981994628906,0.0024493932723999023,0.022279024124145508,0.06440571922584862,111,P002,0.0,0.0,0.0,0.0,0.0,0.0,0.0,0.0,0.0,0.0,0.0,0.0,0.0,0.0,0.0,0.0,0.0,0.0,0.0,0.0,0.0,0.0,0.0,0.0,0.0,0.0
24.39065185546875,16.096556673192175,153.2198949293554,0,0.0,0.0,0.0,11.350830078125,0.0,0.0,0.0,0.0,0.0,88.42822265625,0.0,0.0,0.0,0.0,0.0,0.0,0.0,0.0,0.22094726562500003,0.0,0.0,0.0,0.0,0.0,0.0,96.22444152832031,51.156314849853516,0.0,208.0,208.0,7.476950645446777,0.99664306640625,-0.08423089981079102,0.043872714042663574,0.027059078216552734,0.09875147206160707,112,P002,0.0,0.0,0.0,0.0,0.0,0.0,0.0,0.0,0.0,0.0,0.0,0.0,0.0,0.0,0.0,0.0,0.0,0.0,0.0,0.0,0.0,0.0,0.0,0.0,0.0,0.0
25.11955322265625,19.509308587895518,147.10100097503658,1,0.00063232421875,0.0,0.0,15.857666015625,0.0,0.0,0.0,0.0,0.0,83.89404296875,0.0,0.0,0.0,0.0,0.0,0.0,0.0,0.0,0.248291015625,0.0,0.0,0.0,0.0,0.0,0.0,92.4659194946289,48.41389465332031,0.0,208.0,208.0,7.470944404602051,0.99921630859375,-0.054755449295043945,0.0896385908126831,0.01901388168334961,0.1067462593586032,113,P002,0.0,0.0,0.0,0.0,0.0,0.0,0.0,0.0,0.0,0.0,0.0,0.0,0.0,0.0,0.0,0.0,0.0,0.0,0.0,0.0,0.0,0.0,0.0,0.0,0.0,0.0
42.43585205078125,45.0642626137766,133.5013664489746,47,0.00293701171875,0.0,0.0,16.888916015625,0.0,0.0,0.0,0.0,0.0,77.046630859375,0.0,0.0,0.0,0.0,0.0,0.0,0.0,0.0,6.064453125,0.0,0.0,0.0,0.0,0.0,0.0,93.70191192626953,47.39655685424805,0.0,208.0,208.0,7.398433208465576,0.99907958984375,-0.003782987594604492,0.00945119559764862,0.0018548965454101562,0.010347788872996911,114,P002,0.0,0.0,0.0,0.0,0.0,0.0,0.0,0.0,0.0,0.0,0.0,0.0,0.0,0.0,0.0,0.0,0.0,0.0,0.0,0.0,0.0,0.0,0.0,0.0,0.0,0.0
44.6604052734375,47.01902460116679,133.32097337836623,57,0.0040283203125,0.0,0.0,17.47900390625,0.0,0.0,0.0,0.0,0.0,76.1376953125,0.0,0.0,0.0,0.0,0.0,0.0,0.0,0.0,6.383300781249999,0.0,0.0,0.0,0.0,0.0,0.0,94.04271697998047,47.35568618774414,0.0,208.0,208.0,7.386936187744141,0.999052734375,-0.02158188819885254,0.06770443171262741,0.01466822624206543,0.07255911267956641,115,P002,0.0,0.0,0.0,0.0,0.0,0.0,0.0,0.0,0.0,0.0,0.0,0.0,0.0,0.0,0.0,0.0,0.0,0.0,0.0,0.0,0.0,0.0,0.0,0.0,0.0,0.0
66.10148681640625,63.196092475996416,122.60019730967879,114,0.0068994140625,0.0,0.0,15.75537109375,0.0,0.0,0.0,0.0,0.0,72.3828125,0.0,0.0,0.0,0.0,0.0,0.0,0.0,0.0,11.86181640625,0.0,0.0,0.0,0.0,0.0,0.0,95.56846618652344,47.28462219238281,0.0,208.0,208.0,7.345890045166016,0.9990869140625,-0.005283832550048828,0.021457213908433914,0.0053653717041015625,0.022740231499534455,116,P002,0.0,0.0,0.0,0.0,0.0,0.0,0.0,0.0,0.0,0.0,0.0,0.0,0.0,0.0,0.0,0.0,0.0,0.0,0.0,0.0,0.0,0.0,0.0,0.0,0.0,0.0
70.20074951171875,64.67272713956558,122.26542236065265,131,0.00700927734375,0.0,0.0,16.155029296875,0.0,0.0,0.0,0.0,0.0,72.222412109375,0.0,0.0,0.0,0.0,0.0,0.0,0.0,0.0,11.519287109375,0.0,0.0,0.0,0.0,0.0,0.0,96.33743286132812,47.27593994140625,0.0,208.0,208.0,7.297117233276367,0.9991650390625,-0.017258405685424805,0.0963481105864048,0.03006768226623535,0.10239568593078556,117,P002,0.0,0.0,0.0,0.0,0.0,0.0,0.0,0.0,0.0,0.0,0.0,0.0,0.0,0.0,0.0,0.0,0.10327148437500001,0.0,0.0,0.0,0.0,0.0,0.0,0.0,0.0,0.0
89.0627587890625,67.5956787303307,323.9778068953515,1658,0.01704833984375,0.0,0.0,16.826904296875,0.0,0.0,0.132568359375,0.0,0.0,63.66137695312501,0.0,0.0,1.458984375,0.18017578125,0.0,0.0,0.0,0.0,13.304443359375002,0.0,0.0,0.0,0.0,0.078125,0.0,97.86031341552734,47.5578727722168,0.0,208.0,208.0,7.365896224975586,0.9990234375,-0.010969161987304688,0.1309652328491211,0.062306761741638184,0.14544534124081632,118,P002,0.0,0.0,0.0,0.0,0.0,0.0,0.0,0.0,0.0,0.0,0.0,0.0,0.0,0.0,0.0,0.0,4.357421875,0.0,0.0,0.0,0.0,0.0,0.0,0.0,0.0,0.0
112.255859375,65.60789680285664,604.4355492863594,3584,0.03642333984375,0.0,0.0,15.472412109375,0.0,0.0,0.1904296875,0.0,0.0693359375,56.73046874999999,0.0,0.067626953125,1.818115234375,1.110595703125,0.13134765625,0.0,0.099365234375,0.0,12.897216796875,0.0,1.197265625,0.0,0.0,0.0732421875,0.0,102.40056610107422,47.54204559326172,0.0,208.0,208.0,7.504819869995117,0.99893798828125,-0.002306222915649414,0.06459799408912659,0.04410982131958008,0.07825532468350496,119,P002,0.0,0.0,0.0,0.010498046875,0.0,0.615478515625,1.20068359375,0.0,0.0,0.0,0.0,0.0,0.017333984375,0.0,0.0,0.09423828125,8.2041015625,0.0,0.000244140625,0.0,0.0,0.0,0.0,0.0,0.0,0.0
124.7765283203125,61.97782122727655,607.9955905771018,3838,0.0394970703125,0.0,0.0,12.669677734375002,0.0,0.0,0.141357421875,0.0,0.070556640625,60.90087890625,0.0,0.07275390625,1.8896484375000002,1.338134765625,0.15185546875,0.0,0.13818359375,0.0,9.525634765625,0.0,1.730712890625,0.0,0.0,0.18603515625,0.0,103.7665786743164,47.69286346435547,0.0,208.0,208.0,7.531371116638184,0.99904541015625,-0.0013175010681152344,0.053150564432144165,0.0457003116607666,0.07010874977070404,120,P002,0.0,0.0,0.0,0.041015625,0.0,0.6640625,1.288330078125,0.0,0.0,0.0,0.0,0.0,0.029541015625,0.0,0.0,0.15234375,9.00927734375,0.0,0.0,0.0,0.0,0.0,0.0,0.0,0.0,0.0
140.8344091796875,53.489993739634755,586.021436818546,3929,0.04008056640625,0.0,0.0,5.61669921875,0.0,0.0,0.075927734375,0.0,0.06787109375,67.477294921875,0.0,0.07275390625,1.78076171875,1.4609375,0.161865234375,0.0,0.16845703125,0.0,8.83837890625,0.0,2.161376953125,0.0,0.0,0.287109375,0.0,104.61189270019531,47.92652130126953,0.0,208.0,208.0,7.529782295227051,0.99902587890625,-0.0005352497100830078,0.022020787000656128,0.022031188011169434,0.031154049456915,121,P002,0.0,0.0,0.0,0.046875,0.0,0.693603515625,1.32861328125,0.0,0.0,0.0,0.0,0.0,0.035888671875,0.0,0.0,0.20043945312500003,9.525146484375,0.0,0.0,0.0,0.0,0.0,0.0,0.0,0.0,0.0
147.73261962890626,49.397457752845796,575.3692431239841,3756,0.03968505859375,0.0,0.0,3.47998046875,0.0,0.0,0.05004882812499999,0.0,0.0625,68.46630859375,0.0,0.070556640625,1.630859375,1.45166015625,0.16064453125,0.0,0.1806640625,0.0,9.816162109375,0.0,2.369140625,0.0,0.0,0.317626953125,0.0,104.98681640625,47.92635726928711,0.0,208.0,208.0,7.533536911010742,0.99893798828125,-0.0028848648071289062,0.0808667242527008,0.10153055191040039,0.12983143882568762,122,P002,0.0,0.0,0.0,0.04907226562499999,0.0,0.696533203125,1.325927734375,0.0,0.0,0.0,0.0,0.0,0.037841796875,0.0,0.0,0.215087890625,9.619384765625,0.0,0.0,0.0,0.0,0.0,0.0,0.0,0.0,0.0
157.912041015625,46.263656002662536,559.6883682059287,3529,0.04003662109375,0.0,0.0,2.112548828125,0.0,0.0,0.015380859375,0.0,0.052734375,67.328857421875,0.0,0.06884765625,1.25244140625,1.5263671875,0.166015625,0.0,0.20263671875000003,0.0,10.570068359375,0.0,3.153076171875,0.0,0.0,0.45532226562499994,0.0,106.02989959716797,48.12486267089844,0.0,208.0,208.0,7.545565605163574,0.998779296875,-0.00235748291015625,0.03594160079956055,0.05918443202972412,0.06928313927924805,123,P002,0.0,0.0,0.0,0.0576171875,0.0,0.737548828125,1.3779296875,0.0,0.0,0.0,0.0,0.0,0.048583984375,0.0,0.0,0.280029296875,10.593994140625,0.0,0.0,0.0,0.0,0.0,0.0,0.0,0.0,0.0
159.17641357421874,46.522658382737816,567.0696600149572,3539,0.0410888671875,0.0,0.0,2.063232421875,0.0,0.0,0.006835937500000001,0.0,0.04833984375,66.940673828125,0.0,0.07080078125,1.10400390625,1.57080078125,0.17138671875,0.0,0.19628906249999997,0.0,9.92578125,0.0,3.466552734375,0.0,0.0,0.533447265625,0.0,105.86454010009766,48.264610290527344,0.0,208.0,208.0,7.549972057342529,0.99876953125,-0.0006563663482666016,0.007794797420501709,0.01434314250946045,0.0163375463474932,124,P002,0.0,0.0,0.0,0.0615234375,0.0,0.76416015625,1.418701171875,0.0,0.0,0.0,0.0,0.0,0.05419921875000001,0.0,0.0,0.307373046875,11.2958984375,0.0,0.0,0.0,0.0,0.0,0.0,0.0,0.0,0.0
158.02701171875,46.460139510507275,578.6685677792966,3599,0.040283203125,0.0,0.0,2.111328125,0.0,0.0,0.0029296875,0.0,0.04833984375,67.5595703125,0.0,0.072021484375,1.110595703125,1.593017578125,0.1728515625,0.0,0.1943359375,0.0,8.826416015625,0.0,3.4367675781250004,0.0,0.0,0.575927734375,0.0,106.17292785644531,48.19671630859375,0.0,208.0,208.0,7.549110412597656,0.99880615234375,-0.0008420944213867188,0.009026497602462769,0.017402172088623047,0.019621987039641214,125,P002,0.0,0.0,0.0,0.06225585937499999,0.0,0.771728515625,1.444091796875,0.0,0.0,0.0,0.0,0.0,0.053955078125,0.0,0.0,0.311767578125,11.652099609375,0.0,0.0,0.0,0.0,0.0,0.0,0.0,0.0,0.0
156.52828125,46.797317985956326,588.600228795028,3622,0.04159423828125,0.0,0.0,2.171875,0.0,0.0,0.000732421875,0.0,0.048828125,68.12109375,0.0,0.07275390625,1.1162109375,1.6252441406249998,0.176025390625,0.0,0.191162109375,0.0,7.73779296875,0.0,3.417724609375,0.0,0.0,0.633056640625,0.0,106.52513885498047,48.13442611694336,0.0,208.0,208.0,7.544738292694092,0.9988671875,-0.0028676986694335938,0.02485641837120056,0.05291152000427246,0.058529430025119435,126,P002,0.0,0.0,0.0,0.0625,0.0,0.7817382812500001,1.47509765625,0.0,0.0,0.0,0.0,0.0,0.05419921875000001,0.0,0.0,0.319091796875,11.994873046875,0.0,0.0,0.0,0.0,0.0,0.0,0.0,0.0,0.0
156.60726806640625,47.75175335670989,601.5523484725001,3614,0.04381591796875,0.0,0.0,2.149169921875,0.0,0.0,0.0,0.0,0.04541015625,68.337158203125,0.0,0.07421875,1.01708984375,1.6669921875,0.17919921875,0.0,0.193359375,0.0,6.8974609375,0.0,3.5341796875,0.0,0.0,0.708740234375,0.0,106.9659652709961,48.22420883178711,0.0,208.0,208.0,7.542755126953125,0.998857421875,-0.005216360092163086,0.03092712163925171,0.07951152324676514,0.08547385327994202,127,P002,0.0,0.0,0.0,0.06494140625,0.0,0.806640625,1.50244140625,0.0,0.0,0.0,0.0,0.0,0.05664062499999999,0.0,0.0,0.337646484375,12.4287109375,0.0,0.0,0.0,0.0,0.0,0.0,0.0,0.0,0.0
158.19405029296874,48.81959503744903,604.1388597087802,3603,0.04431640625,0.0,0.0,2.0166015625,0.0,0.0,0.0,0.0,0.037841796875,68.37548828125,0.0,0.074951171875,0.8447265625,1.681640625,0.1845703125,0.0,0.191650390625,0.0,6.359619140625,0.0,3.6728515625,0.0,0.0,0.77978515625,0.0,106.92340087890625,48.38612365722656,0.0,208.0,208.0,7.548675060272217,0.9988427734375,-0.012345075607299805,0.04568946361541748,0.15483009815216064,0.16190209162028205,128,P002,0.0,0.0,0.0,0.10107421874999999,0.0,0.8400878906249999,1.50244140625,0.0,0.0,0.0,0.0,0.0,0.05908203125,0.0,0.0,0.359130859375,12.91845703125,0.0,0.0,0.0,0.0,0.0,0.0,0.0,0.0,0.0
164.3643505859375,48.8954387772606,581.801001595205,3542,0.04533447265625,0.0,0.0,1.677001953125,0.0,0.0,0.0,0.0,0.0322265625,68.432373046875,0.0,0.0712890625,0.54736328125,1.6848144531250002,0.18701171875,0.0,0.15576171875,0.0,5.547607421875,0.0,3.841552734375,0.0,0.0,0.874755859375,0.0,105.6988296508789,48.40529251098633,0.0,208.0,208.0,7.549269676208496,0.99891845703125,-0.0228118896484375,0.05043387413024902,0.2453157901763916,0.25148319005250763,129,P002,0.0,0.0,0.0,0.069091796875,0.0,0.916259765625,1.470458984375,0.0,0.0,0.0,0.0,0.0,0.06176757812499999,0.0,0.0,0.385009765625,14.045654296874998,0.0,0.0,0.0,0.0,0.0,0.0,0.0,0.0,0.0
172.30759765625,49.61330759895405,540.3245992187501,3217,0.0429736328125,0.0,0.0,1.080078125,0.0,0.0,0.0,0.0,0.056884765625,67.5400390625,0.0,0.06176757812499999,0.236083984375,1.6618652343749998,0.18994140625,0.0,0.01513671875,0.0,5.125732421875,0.0,3.88720703125,0.0,0.0,0.935546875,0.0,103.39762878417969,48.26871871948242,0.0,208.0,208.0,7.5423078536987305,0.9990625,-0.027515172958374023,0.03557467460632324,0.2651912569999695,0.26897777790274585,130,P002,0.0,0.0,0.0,0.072998046875,0.0,1.099609375,1.4794921875,0.0,0.0,0.0,0.0,0.0,0.063720703125,0.0,0.0,0.352783203125,16.14111328125,0.0,0.0,0.0,0.0,0.0,0.0,0.0,0.0,0.0
178.65738525390626,52.00876428920097,522.3697354613246,2977,0.0395361328125,0.0,0.0,0.444580078125,0.0,0.0,0.0,0.0,0.0830078125,65.64697265625,0.0,0.052734375,0.11767578125,1.61669921875,0.19604492187499997,0.0,0.0,0.0,4.6923828125,0.0,3.3679199218749996,0.0,0.0,0.925048828125,0.0,101.12129211425781,48.1185302734375,0.0,208.0,208.0,7.538924217224121,0.99848388671875,-0.03946876525878906,0.020327270030975342,0.3416070342063904,0.34447982111765496,131,P002,0.0,0.0,0.0,0.072509765625,0.0,1.5878906250000002,1.486083984375,0.0,0.0,0.0,0.0,0.0,0.06225585937499999,0.0,0.0,0.3173828125,19.330810546875,0.0,0.0,0.0,0.0,0.0,0.0,0.0,0.0,0.0
184.73147705078125,51.3365119899749,508.43685896872876,2652,0.03975341796875,0.0,0.0,0.0,0.0,0.0,0.0,0.0,0.1171875,63.072265625,0.0,0.04345703125,0.506591796875,1.584228515625,0.0517578125,0.0,0.0,0.0,3.67138671875,0.0,1.822998046875,0.0,0.0,1.279052734375,0.0,98.55152130126953,47.79609298706055,0.0,208.0,208.0,7.512603282928467,0.99801025390625,-0.04195237159729004,-0.04132932424545288,0.2802203595638275,0.286341691758821,132,P002,0.0,0.0,0.0,0.07177734375,0.0,1.144287109375,1.3056640625,0.030029296875,0.0,0.0,0.0,0.0,0.0615234375,0.0,0.0,0.332763671875,24.905029296875,0.0,0.0,0.0,0.0,0.0,0.0,0.0,0.0,0.0
143.21437744140624,77.60551556885083,847.0960093288186,3918,0.05612548828125,0.00439453125,0.97021484375,11.38720703125,0.0,0.010498046875,0.00244140625,0.0,0.189453125,51.22753906250001,0.031982421875,0.379638671875,2.728515625,0.0,0.21899414062500003,0.0,0.01904296875,0.0,9.969482421875,0.189453125,0.0,0.077880859375,0.809814453125,2.177490234375,0.96875,106.1841812133789,47.773441314697266,0.0,207.0,207.0,7.4053449630737305,0.99920166015625,-0.019303321838378906,-0.0033636093139648438,0.0009718239307403564,0.019618270651751816,0,P003,0.0,0.0,0.0,0.0,0.0,2.146728515625,0.0,0.0,0.0,0.0,0.0,0.0,0.0,0.0,5.554931640625,0.0,0.0,0.0,0.83251953125,9.91259765625,0.0,0.05126953125,0.0,0.055908203125,0.083251953125,0.0
144.960908203125,77.40494223988246,816.3771101436374,3925,0.05571044921875,0.00439453125,0.6728515625,10.393310546875,0.0,0.009765625,0.002197265625,0.0,0.177001953125,52.27734375000001,0.036376953125,0.34423828125,2.771484375,0.0,0.19677734375,0.0,0.018310546875,0.0,11.00927734375,0.1884765625,0.0,0.07958984375,0.828125,2.101318359375,0.9997558593750001,106.09496307373047,47.83594512939453,0.0,208.0,208.0,7.52306604385376,0.99933837890625,-0.07867574691772461,-0.008390963077545166,0.00798119604587555,0.07952346134791467,1,P003,0.0,0.0,0.0,0.0,0.0,2.35009765625,0.0,0.0,0.0,0.0,0.0,0.0,0.0,0.0,4.954833984375,0.0,0.0,0.0,0.831787109375,9.576171875,0.0,0.05224609375,0.0,0.04150390625,0.082763671875,0.0
151.8541064453125,76.84433111711186,787.7311272208156,3849,0.055556640625,0.00390625,0.619140625,9.2216796875,0.0,0.00927734375,0.000732421875,0.0,0.15234375,56.7373046875,0.044921875,0.20239257812499997,2.728271484375,0.000244140625,0.201904296875,0.0,0.0205078125,0.0,11.250244140625,0.19775390625,0.0,0.0830078125,0.8610839843750001,1.860107421875,1.081787109375,102.64729309082031,48.18109130859375,0.0,208.0,208.0,7.533847808837891,0.999560546875,-0.07816576957702637,-0.0023939013481140137,0.01242828369140625,0.07918384009851605,2,P003,0.0,0.0,0.0,0.0,0.0,2.73046875,0.0,0.0,0.0,0.0,0.0,0.0,0.0,0.0,3.189208984375,0.0,0.0,0.0,0.727294921875,7.929931640625,0.0,0.05908203125,0.0,0.018798828125,0.068603515625,0.0
161.94536865234375,74.26123255397385,768.7002449983358,3905,0.05517333984375,0.004638671875,0.64501953125,9.245849609375,0.0,0.00830078125,0.002197265625,0.0,0.21679687500000003,62.282958984375,0.04956054687499999,0.15673828125,2.63232421875,0.006103515625,0.21459960937499997,0.0,0.02099609375,0.0,10.79150390625,0.22412109375,0.0,0.08447265625,0.8801269531249999,1.472412109375,1.1142578125,101.86370849609375,49.179969787597656,0.0,208.0,208.0,7.5558366775512695,0.99811767578125,-0.0850527286529541,5.620718002319336e-05,0.015686333179473877,0.08648717164514971,3,P003,0.0,0.0,0.0,0.0,0.0,2.76611328125,0.0,0.000244140625,0.0,0.0,0.0,0.0,0.0,0.0,0.850830078125,0.0,0.0,0.0,0.62451171875,5.53076171875,0.0,0.06225585937499999,0.0,0.063720703125,0.048583984375,0.0
180.7462890625,62.60275764332795,728.5024253358603,3502,0.05260986328125,0.0034179687500000004,0.619384765625,9.0927734375,0.0,0.005859375,0.000732421875,0.0,0.38232421875,68.884033203125,0.05078125,0.140869140625,2.193359375,0.0205078125,0.221923828125,0.0,0.017822265625,0.0,9.526611328125,0.203125,0.588623046875,0.07763671875,0.7998046875,0.851806640625,1.087158203125,104.6792984008789,49.52756881713867,0.0,208.0,208.0,7.572887897491455,0.9983154296875,-0.016474246978759766,4.649162292480469e-05,0.0032401233911514282,0.01678991883774499,4,P003,0.0,0.0,0.0,0.0,0.0,2.972900390625,0.0,0.00048828125,0.0,0.0,0.0,0.0,0.0,0.0,0.0,0.0,0.0,0.0,0.255859375,1.63037109375,0.0,0.06591796875,0.0,0.288818359375,0.01708984375,0.0
188.29573974609374,56.046116234188545,656.8827634071769,3775,0.04501220703125,0.004150390625,0.55029296875,9.626953125,0.0,0.005126953125,0.00048828125,0.0,0.559326171875,69.02587890625,0.0458984375,0.125,2.519287109375,0.023681640625,0.215087890625,0.0,0.014160156249999998,0.0,9.416015625,0.172119140625,0.501708984375,0.06982421875,0.697265625,1.32421875,0.987060546875,105.13975524902344,49.38436508178711,0.0,208.0,208.0,7.5542473793029785,0.99843017578125,-0.1035306453704834,-0.0005466341972351074,0.0217006653547287,0.10578190873969096,5,P003,0.0,0.0,0.0,0.0,0.0,3.3435058593749996,0.0,0.000732421875,0.0,0.0,0.0,0.0,0.0,0.0,0.0,0.0,0.0,0.0,0.0,0.134765625,0.0,0.06225585937499999,0.0,0.5751953125,0.0,0.0
182.9772119140625,55.25110627286131,646.9303637038173,3886,0.04623779296875,0.00390625,0.5595703125,10.553466796875,0.0,0.004150390625,0.0,0.0,0.5810546875,67.002685546875,0.05126953125,0.1201171875,2.7548828125,0.067138671875,0.23681640624999997,0.0,0.013916015624999998,0.0,8.890869140625,0.1640625,0.49755859375,0.06787109375,0.669921875,1.8327636718749998,1.015869140625,105.48626708984375,49.379249572753906,0.0,208.0,208.0,7.571670055389404,0.9982470703125,-0.05350828170776367,-0.0010786652565002441,0.012037277221679688,0.054856137058350594,6,P003,0.0,0.0,0.0,0.0,0.0,4.082275390625,0.0,0.000732421875,0.0,0.0,0.0,0.0,0.0,0.0,0.0,0.0,0.0,0.0,0.0,0.0,0.0,0.070068359375,0.0,0.759033203125,0.0,0.0
184.4111181640625,54.68429790107305,642.6607733192384,3848,0.04599853515625,0.004150390625,0.580810546875,11.6552734375,0.0,0.003173828125,0.0,0.0,0.535400390625,66.99658203125,0.05468750000000001,0.123046875,2.713134765625,0.103515625,0.26220703125,0.0,0.013427734375000002,0.0,8.107177734375,0.1728515625,0.534912109375,0.069091796875,0.68701171875,1.894775390625,1.063232421875,105.3471450805664,49.32549285888672,0.0,208.0,208.0,7.570047378540039,0.99841064453125,-0.031008243560791016,-0.0009083747863769531,0.007207036018371582,0.031847726475338366,7,P003,0.0,0.0,0.0,0.0,0.0,3.6066894531249996,0.0,0.0009765625,0.0,0.0,0.0,0.0,0.0,0.0,0.0,0.0,0.0,0.0,0.0,0.0,0.0,0.0771484375,0.0,0.74072265625,0.0,0.0
185.248388671875,55.15863289241196,636.4484975767075,3747,0.04490478515625,0.006103515625,0.6103515625,12.380859375,0.0,0.003662109375,0.0,0.0,0.46142578124999994,67.42626953125,0.06005859375,0.137451171875,2.5732421875,0.1357421875,0.2890625,0.0,0.014404296875,0.0,7.233154296875,0.18701171875,0.591796875,0.07373046875,0.73486328125,1.735595703125,1.1259765625,104.7471694946289,49.370948791503906,0.0,208.0,208.0,7.565590858459473,0.99833740234375,-0.09330415725708008,-0.004022955894470215,0.02262359857559204,0.09609202437295361,8,P003,0.0,0.0,0.0,0.0,0.0,3.50927734375,0.0,0.0009765625,0.0,0.0,0.0,0.0,0.0,0.0,0.0,0.0,0.0,0.0,0.0,0.0,0.0,0.085205078125,0.0,0.623779296875,0.0,0.0
186.4575244140625,58.49792382904692,635.3282604730368,3618,0.043095703125,0.0034179687500000004,0.6806640625,13.034423828125,0.0,0.001220703125,0.0,0.0,0.359619140625,66.988037109375,0.0673828125,0.141845703125,2.487060546875,0.215576171875,0.339599609375,0.0,0.014892578125,0.0,6.345458984375001,0.209716796875,0.6748046875,0.078857421875,0.7885742187499999,1.726806640625,1.249755859375,103.90924835205078,49.21090316772461,0.0,208.0,208.0,7.5573883056640625,0.99837890625,-0.17621612548828125,-0.012809574604034424,0.04610405117273331,0.18259734833281677,9,P003,0.0,0.0,0.0,0.0,0.0,3.919921875,0.0,0.0009765625,0.0,0.0,0.0,0.0,0.0,0.0,0.0,0.0,0.0,0.0,0.0,0.0,0.0,0.098876953125,0.0,0.572509765625,0.0,0.0
194.0474609375,63.580978242980905,615.1232453578948,3616,0.0415087890625,0.002685546875,0.7905273437500001,13.989013671875,0.0,0.0,0.0009765625,0.0,0.446533203125,65.495361328125,0.073486328125,0.146240234375,2.45166015625,0.28369140625,0.142333984375,0.0,0.01318359375,0.0,5.942626953125,0.2216796875,0.699462890625,0.0810546875,0.84326171875,2.16455078125,1.439697265625,103.31489562988281,48.986080169677734,0.0,208.0,208.0,7.558298587799072,0.99833984375,-0.1733095645904541,-0.01881927251815796,0.04898452386260033,0.18107968901754593,10,P003,0.0,0.0,0.0,0.0,0.0,3.8913574218749996,0.0,0.001220703125,0.0,0.0,0.0,0.0,0.0,0.0,0.0,0.0,0.0,0.0,0.0,0.0,0.0,0.1357421875,0.0,0.74365234375,0.0,0.0
193.651455078125,62.13198574933997,603.3334838329255,3765,0.04170166015625,0.001220703125,0.913818359375,14.750488281249998,0.0,0.0,0.0,0.0,0.798828125,63.784423828125,0.072998046875,0.142578125,2.4970703125,0.298583984375,0.156005859375,0.0,0.01123046875,0.0,5.76171875,0.21923828125,0.638916015625,0.08203125,0.870849609375,2.696533203125,1.63232421875,103.38249969482422,48.80128479003906,0.0,208.0,208.0,7.561208248138428,0.9984130859375,-0.20440316200256348,-0.027039825916290283,0.0605656411498785,0.21489532733432187,11,P003,0.0,0.0,0.0,0.0,0.0,3.4418945312499996,0.0,0.0009765625,0.0,0.0,0.0,0.0,0.0,0.0,0.0,0.0,0.0,0.0,0.0,0.0,0.0,0.19091796875,0.0,1.037353515625,0.0,0.0
191.8290185546875,58.79053807295744,597.852548827529,3636,0.03896484375,0.0,1.156982421875,15.01171875,0.0,0.0,0.0,0.0,1.504150390625,63.3408203125,0.074462890625,0.15087890625,2.017333984375,0.409423828125,0.17529296875,0.0,0.00830078125,0.0,5.960693359375,0.229248046875,0.576904296875,0.083740234375,0.8933105468750001,2.995849609375,1.9602050781250002,102.9558334350586,48.77235412597656,0.0,208.0,208.0,7.562684535980225,0.9984521484375,-0.22486305236816406,-0.03279179334640503,0.06848190538585186,0.23733618644546767,12,P003,0.0,0.0,0.0,0.0,0.0,1.9731445312499998,0.0,0.0017089843750000002,0.0,0.0,0.0,0.0,0.0,0.0,0.0,0.0,0.0,0.0,0.0,0.0,0.0,0.31298828125,0.0,1.162841796875,0.0,0.0
189.9587646484375,58.29931601561007,615.7380075546265,3803,0.0419970703125,0.0,1.685302734375,14.704345703125,0.0,0.0,0.0,0.0,2.29052734375,63.405517578125,0.08349609375,0.180419921875,1.70947265625,0.719970703125,0.199951171875,0.0,0.006591796875,0.0,6.560302734374999,0.2568359375,0.63916015625,0.087890625,0.974609375,2.642578125,2.504638671875,103.36569213867188,48.703224182128906,0.0,208.0,208.0,7.556992530822754,0.9987451171875,-0.23698830604553223,-0.0356268584728241,0.07305686920881271,0.2505394906707664,13,P003,0.0,0.0,0.0,0.0,0.0,0.0,0.0,0.0029296875,0.0,0.0,0.0,0.0,0.0,0.0,0.0,0.0,0.0,0.0,0.0,0.0,0.0,0.618408203125,0.0,0.72705078125,0.0,0.0
185.39796630859374,59.44366703075542,691.5322958671985,3900,0.0455810546875,0.0,2.89404296875,13.994140625000002,0.0,0.0,0.0,0.0,1.60791015625,60.03442382812501,0.096435546875,0.236328125,1.624755859375,0.79345703125,0.24536132812500003,0.0,0.005859375,0.0,7.813232421874999,0.300048828125,0.80712890625,0.10107421874999999,1.121337890625,2.718994140625,3.52001953125,103.73162841796875,48.64718246459961,0.0,208.0,208.0,7.548732280731201,0.99848876953125,-0.1720430850982666,-0.02440527081489563,0.052625879645347595,0.1815596970203586,14,P003,0.0,0.0,0.0,0.0,0.0,0.0,0.0,0.0029296875,0.0,0.0,0.0,0.0,0.0,0.0,0.0,0.0,0.0,0.0,0.0,0.0,0.0,1.460205078125,0.0,0.622314453125,0.0,0.0
182.63540771484375,60.36038966355915,777.7328960464896,4001,0.05246337890625,0.0,4.7060546875,12.924072265625,0.0,0.0,0.0,0.0,1.13330078125,57.56298828125001,0.11547851562500001,0.269287109375,1.6137695312499998,0.8115234375,0.417724609375,0.0,0.00390625,0.0,9.1806640625,0.3603515625,0.8876953125,0.11474609375,1.282958984375,3.018798828125,4.821044921875,104.69029998779297,48.12996292114258,0.0,208.0,208.0,7.513796806335449,0.99864013671875,-0.09663987159729004,-0.01161089539527893,0.028468474745750427,0.10141268031449639,15,P003,0.0,0.0,0.0,0.0,0.0,0.0,0.0,0.001953125,0.0,0.0,0.0,0.0,0.0,0.0,0.0,0.0,0.0,0.0,0.0,0.0,0.0,0.291015625,0.0,0.482666015625,0.0,0.0
180.37012939453126,60.38384711991143,838.0836001815263,4022,0.057998046875,0.0,5.9990234375,12.08349609375,0.0,0.0,0.0,0.0,1.04736328125,54.96191406249999,0.128662109375,0.298583984375,1.6218261718750002,0.822021484375,0.450927734375,0.0517578125,0.00390625,0.0,10.210693359375,0.40258789062499994,0.8391113281249999,0.12158203125000001,1.428466796875,3.166748046875,6.002685546875,105.5274429321289,48.065887451171875,0.0,208.0,208.0,7.516752243041992,0.99837158203125,-0.18356263637542725,-0.012540817260742188,0.043682634830474854,0.18910496068690866,16,P003,0.011962890625,0.0,0.0,0.0,0.0,0.0,0.0,0.00146484375,0.0,0.0,0.0,0.0,0.0,0.0,0.0,0.0,0.0,0.0,0.0,0.0,0.0,0.0,0.0,0.34521484375,0.0,0.0
171.8641748046875,58.817597902334406,1007.6513115400076,4109,0.07480712890625,0.0,9.575927734375,12.105224609375,0.0,0.0,0.0,0.0,1.642578125,43.766357421875,0.151123046875,0.343017578125,1.6293945312499998,0.88671875,0.46435546875,0.06298828125,0.002197265625,0.0,12.0029296875,0.4794921875,0.84326171875,0.14111328125,1.6293945312499998,3.5654296875,9.681640625,102.16616821289062,47.4533576965332,0.0,208.0,208.0,7.514476776123047,0.9987158203125,-0.16361021995544434,-0.000606149435043335,0.015513390302658081,0.16434517568121398,17,P003,0.13232421875,0.013427734375000002,0.0234375,0.0,0.693359375,0.0,0.0,0.001220703125,0.0,0.0,0.0,0.0,0.0,0.0,0.0,0.0,0.0,0.0,0.0,0.0,0.0,0.0,0.0,0.1630859375,0.0,0.0
151.3038818359375,57.47692896163676,1487.1428148829873,4416,0.10509521484375,0.0,14.000244140625002,13.255126953124998,0.0,0.0,0.0,0.0,1.662109375,19.165771484375,0.17578125,0.39453125,4.851806640625,1.00830078125,0.336181640625,0.07080078125,0.0017089843750000002,0.0,13.606689453125002,0.5634765625,0.607666015625,0.163818359375,1.842041015625,4.7197265625,20.903564453125,101.07833099365234,48.31454849243164,0.0,208.0,208.0,7.549900054931641,0.99833740234375,-0.22736263275146484,-0.0004769861698150635,-0.0005728304386138916,0.2273638546959368,18,P003,0.144287109375,0.0146484375,0.027343750000000003,0.0,2.47509765625,0.0,0.0,0.001953125,0.0,0.0,0.0,0.0,0.0,0.0,0.0,0.0,0.0,0.0,0.0,0.0,0.0,0.0,0.0,0.00732421875,0.0,0.0
146.376455078125,58.61273176147741,1602.3991619126737,4306,0.11297119140625,0.0,14.541015625,13.94580078125,0.0,0.0,0.0,0.0,1.6049804687499998,13.749511718749998,0.21655273437499997,0.48974609374999994,5.80517578125,1.3662109375,0.42236328125,0.0849609375,0.001220703125,0.0,11.3232421875,0.681396484375,0.137451171875,0.201904296875,2.161865234375,5.7431640625,23.632568359375,100.90718841552734,48.15692138671875,0.0,208.0,208.0,7.547196388244629,0.99855224609375,-0.14153051376342773,-0.0008103251457214355,-0.009144753217697144,0.14182795727357206,19,P003,0.1728515625,0.017333984375,0.034423828125,0.002685546875,3.6625976562500004,0.0,0.0,0.0009765625,0.0,0.0,0.0,0.0,0.0,0.0,0.0,0.0,0.0,0.0,0.0,0.0,0.0,0.0,0.0,0.0,0.0,0.0
145.5198828125,58.74070679645594,1576.4197284625473,4274,0.1105419921875,0.0,15.14990234375,14.570068359375,0.0,0.0,0.0,0.0,1.836669921875,13.64794921875,0.25537109375,0.567626953125,5.122314453125,1.7236328124999998,0.168212890625,0.099853515625,0.0017089843750000002,0.0,8.841552734375,0.62548828125,0.0,0.2314453125,2.21337890625,6.406249999999999,24.1630859375,100.69161224365234,47.86778259277344,0.0,208.0,208.0,7.537370204925537,0.998984375,-0.20729362964630127,-0.001787036657333374,-0.022666066884994507,0.20853679047110035,20,P003,0.202880859375,0.021728515625,0.041015625,0.005859375,4.10302734375,0.0,0.0,0.0009765625,0.0,0.0,0.0,0.0,0.0,0.0,0.0,0.0,0.0,0.0,0.0,0.0,0.0,0.0,0.0,0.0,0.0,0.0
143.62859375,58.5843235065301,1489.6247019984187,4254,0.10447509765625,0.0,14.53173828125,14.99365234375,0.0,0.00634765625,0.0,0.0,2.30810546875,14.998779296875,0.307861328125,0.63525390625,3.770263671875,1.6650390625,0.16259765625,0.12451171874999999,0.002197265625,0.0,7.01123046875,0.57177734375,0.0,0.28515625,2.386474609375,6.577880859375,25.801025390625,101.55697631835938,47.684268951416016,0.0,208.0,208.0,7.520809173583984,0.99845703125,-0.16996312141418457,-8.603930473327637e-05,-0.02210375666618347,0.17139441677713033,21,P003,0.252197265625,0.03759765625,0.0517578125,0.011962890625,3.50634765625,0.0,0.0,0.000244140625,0.0,0.0,0.0,0.0,0.0,0.0,0.0,0.0,0.0,0.0,0.0,0.0,0.0,0.0,0.0,0.0,0.0,0.0
141.62191650390625,58.992683641957996,1314.199157603049,4293,0.094892578125,0.0,12.65185546875,15.0751953125,0.0,0.0205078125,0.0,0.0,2.739013671875,16.400146484375,0.340087890625,0.69189453125,2.714599609375,1.8232421875000002,0.1708984375,0.145751953125,0.002685546875,0.0,6.885986328125,0.65234375,0.0,0.332763671875,2.629638671875,6.221435546875,27.372802734375,103.18267822265625,47.35969924926758,0.0,208.0,208.0,7.507336139678955,0.99876708984375,-0.25209271907806396,0.0064494311809539795,-0.03011465072631836,0.2539669788832747,22,P003,0.301513671875,0.057373046875,0.0634765625,0.01953125,2.687255859375,0.0,0.0,0.0,0.0,0.0,0.0,0.0,0.0,0.0,0.0,0.0,0.0,0.0,0.0,0.0,0.0,0.0,0.0,0.0,0.0,0.0
137.25606689453124,61.39522868300511,1036.9290995479585,4068,0.075439453125,0.0,7.174072265625001,15.616455078125,0.0,0.05517578124999999,0.0,0.0,3.5578613281249996,16.8369140625,0.409423828125,0.8017578125000001,1.806640625,2.1572265625,0.189453125,0.232177734375,0.004150390625,0.0,7.537353515625,0.947021484375,0.0,0.4365234375,3.11572265625,6.33984375,31.4580078125,103.49041748046875,46.56520462036133,0.0,208.0,208.0,7.477169990539551,0.99923095703125,-0.18050330877304077,0.012327581644058228,-0.014867022633552551,0.18153358397055125,23,P003,0.39526367187500006,0.095703125,0.086669921875,0.037353515625,0.709228515625,0.0,0.0,0.0,0.0,0.0,0.0,0.0,0.0,0.0,0.0,0.0,0.0,0.0,0.0,0.0,0.0,0.0,0.0,0.0,0.0,0.0
135.34504150390626,63.86678989993391,852.2226641602455,3833,0.0594482421875,0.0,3.048095703125,13.905761718750002,0.009521484375,0.065185546875,0.0,0.0,4.336181640625,15.498291015624998,0.46630859375000006,0.890380859375,1.92041015625,2.220703125,0.195068359375,0.242431640625,0.0048828125,0.0,8.83837890625,1.269775390625,0.0,0.55224609375,3.7448730468749996,6.815429687500001,35.22412109375,102.30152130126953,46.754817962646484,0.0,208.0,208.0,7.463223457336426,0.999013671875,-0.16774429380893707,0.01833862066268921,-0.005890205502510071,0.16884652094174407,24,P003,0.4921875,0.098876953125,0.10693359375,0.053466796875,0.0,0.0,0.0,0.00048828125,0.0,0.0,0.0,0.0,0.0,0.0,0.0,0.0,0.0,0.0,0.0,0.0,0.0,0.0,0.0,0.0,0.0,0.0
134.78806640625,65.95818970552456,780.1198696860312,3773,0.05439697265625,0.0,1.399658203125,10.707275390625,0.010009765625,0.080078125,0.0,0.0,4.3896484375,14.29736328125,0.538330078125,1.03466796875,2.019775390625,2.291015625,0.135986328125,0.2646484375,0.00537109375,0.0,9.5751953125,1.68115234375,0.0,0.7021484375,4.304443359375,7.41748046875,38.293701171875,99.97269439697266,47.0966911315918,0.0,208.0,208.0,7.515899658203125,0.99906005859375,-0.13531973958015442,0.016734600067138672,0.00048126280307769775,0.13635142233703876,25,P003,0.5947265625,0.04443359375,0.1328125,0.07421875,0.0,0.0,0.0,0.005859375,0.0,0.0,0.0,0.0,0.0,0.0,0.0,0.0,0.0,0.0,0.0,0.0,0.0,0.0,0.0,0.0,0.0,0.0
134.31178955078124,66.93665193842043,775.9798095697166,3806,0.05463134765625,0.0,1.7575683593749998,8.49072265625,0.009033203125,0.0927734375,0.0,0.0,3.778076171875,13.279785156250002,0.620849609375,1.173583984375,2.1484375,2.3427734375,0.1455078125,0.221923828125,0.00439453125,0.0,9.9833984375,2.041259765625,0.0,0.7990722656249999,4.808349609375,7.84912109375,39.63037109375,98.09716033935547,47.972782135009766,0.0,208.0,208.0,7.538444519042969,0.99872802734375,-0.1456005796790123,0.016698747873306274,0.005256742238998413,0.14664927658317287,26,P003,0.56494140625,0.0,0.158935546875,0.089111328125,0.0,0.0,0.0,0.010009765625,0.0,0.0,0.0,0.0,0.0,0.0,0.0,0.0,0.0,0.0,0.0,0.0,0.0,0.0,0.0,0.0,0.0,0.0
140.4359033203125,61.47072575636382,799.4920774636208,3867,0.0545166015625,0.0,2.300537109375,7.841552734375,0.009765625,0.099609375,0.0,0.003662109375,2.216796875,12.32373046875,0.7548828125,1.32568359375,2.07763671875,2.376220703125,0.153076171875,0.0478515625,0.003173828125,0.0,10.041259765625,2.354248046875,0.0,0.8706054687499999,5.314453125,8.253173828125,41.1181640625,103.03665161132812,48.39420700073242,0.0,208.0,208.0,7.563473701477051,0.99892578125,-0.1502133086323738,0.012001991271972656,0.010029822587966919,0.15102543900258456,27,P003,0.310546875,0.0,0.189208984375,0.0,0.0,0.0,0.0,0.014160156249999998,0.0,0.0,0.0,0.0,0.0,0.0,0.0,0.0,0.0,0.0,0.0,0.0,0.0,0.0,0.0,0.0,0.0,0.0
142.21892333984374,58.03573467132817,797.1075433501245,3989,0.05492919921875,0.0,3.06005859375,7.748291015625,0.010986328125,0.10595703125,0.0,0.1298828125,0.079345703125,12.048095703125,0.827392578125,1.518310546875,1.87939453125,2.424072265625,0.169189453125,0.0,0.001220703125,0.0,9.880126953125,2.1513671875,0.0,0.951904296875,6.010986328125,8.471923828125,42.5126953125,103.09756469726562,48.026710510253906,0.0,208.0,208.0,7.5489935874938965,0.99889404296875,-0.2379952222108841,-0.0018582344055175781,0.02394607663154602,0.23920408319332223,28,P003,0.0,0.0,0.0,0.0,0.0,0.0,0.0,0.018798828125,0.0,0.0,0.0,0.0,0.0,0.0,0.0,0.0,0.0,0.0,0.0,0.0,0.0,0.0,0.0,0.0,0.0,0.0
141.0202490234375,59.49773219923639,828.1467644919813,4370,0.05830322265625,0.0,4.7119140625,7.573730468750001,0.012939453125,0.11767578125,0.0,0.42138671875000006,0.086669921875,12.786376953125,0.6064453125,1.376220703125,1.6726074218750002,2.52392578125,0.2177734375,0.0,0.0,0.0,9.26953125,2.795654296875,0.0,1.111328125,7.388916015624999,8.92529296875,38.386962890625,103.03739166259766,47.72789764404297,0.0,208.0,208.0,7.531131744384766,0.99904296875,-0.15487900376319885,-0.011034369468688965,0.01968728005886078,0.15651470254378186,29,P003,0.0,0.0,0.0,0.0,0.0,0.0,0.0,0.0146484375,0.0,0.0,0.0,0.0,0.0,0.0,0.0,0.0,0.0,0.0,0.0,0.0,0.0,0.0,0.0,0.0,0.0,0.0
142.2509765625,61.385182168554635,915.1113006476818,4638,0.0637109375,0.0,6.1552734375,7.6748046875,0.0126953125,0.12744140625,0.0,0.866943359375,0.093505859375,13.447265624999998,0.2939453125,1.052490234375,1.666259765625,2.562744140625,0.234375,0.0,0.0,0.0,9.031494140625,3.1904296875,0.0,1.248291015625,8.989013671875,9.462890625,33.876220703125,104.89895629882812,47.133304595947266,0.0,208.0,208.0,7.513381004333496,0.99889892578125,-0.09933346509933472,-0.006586939096450806,0.013785690069198608,0.1005015935494811,30,P003,0.0,0.0,0.0,0.0,0.0,0.0,0.0,0.013916015624999998,0.0,0.0,0.0,0.0,0.0,0.0,0.0,0.0,0.0,0.0,0.0,0.0,0.0,0.0,0.0,0.0,0.0,0.0
141.796474609375,63.92278249839603,999.3474844999072,4865,0.0695751953125,0.0,6.844970703125,8.179443359375,0.012939453125,0.133544921875,0.0,1.51171875,0.097412109375,14.63623046875,0.1708984375,0.964599609375,1.656005859375,2.569580078125,0.266357421875,0.0,0.0,0.0,9.20361328125,3.7739257812500004,0.0,1.34814453125,10.55224609375,9.7158203125,28.34912109375,103.45462799072266,46.64569854736328,0.0,208.0,208.0,7.491403102874756,0.99947265625,-0.13631987571716309,-0.0029270946979522705,0.01973092555999756,0.1377714985850402,31,P003,0.0,0.0,0.0,0.0,0.0,0.0,0.0,0.013427734375000002,0.0,0.0,0.0,0.0,0.0,0.0,0.0,0.0,0.0,0.0,0.0,0.0,0.0,0.0,0.0,0.0,0.0,0.0
145.55885498046874,69.63721152138478,1206.6916597680981,4931,0.079404296875,0.0,7.62646484375,11.230224609375,0.0126953125,0.141845703125,0.0,1.947509765625,0.098876953125,19.06005859375,0.02001953125,0.881591796875,1.53759765625,2.435546875,0.31005859375,0.0,0.0,0.0,9.052490234375,5.703125,0.0,1.4521484375,12.99755859375,10.205810546875,15.272216796874998,99.10287475585938,46.314579010009766,0.0,208.0,208.0,7.484053611755371,0.999345703125,-0.12976181507110596,0.010280966758728027,0.01887434720993042,0.1315297225369345,32,P003,0.0,0.0,0.0,0.0,0.0,0.0,0.0,0.014160156249999998,0.0,0.0,0.0,0.0,0.0,0.0,0.0,0.0,0.0,0.0,0.0,0.0,0.0,0.0,0.0,0.0,0.0,0.0
147.772001953125,71.96142975483026,1134.513846191025,4884,0.0789306640625,0.0,8.610595703125,10.834716796875,0.012451171875,0.1494140625,0.0,2.32763671875,0.095458984375,22.447021484375,0.0,0.770751953125,1.13037109375,2.013916015625,0.352783203125,0.0,0.0,0.0,8.28857421875,6.453613281249999,0.0,1.486572265625,14.85546875,11.214599609375,8.937744140625,96.59857177734375,46.675167083740234,0.0,208.0,208.0,7.495715141296387,0.99910888671875,-0.17831099033355713,0.04075497388839722,0.024950265884399414,0.1846030686041813,33,P003,0.0,0.0,0.0,0.0,0.0,0.0,0.0,0.018310546875,0.0,0.0,0.0,0.0,0.0,0.0,0.0,0.0,0.0,0.0,0.0,0.0,0.0,0.0,0.0,0.0,0.0,0.0
148.5541357421875,74.06017318328797,962.5763296920716,4747,0.07899658203125,0.0,10.442626953125,10.391357421875,0.013427734375000002,0.0810546875,0.0,2.917724609375,0.076171875,27.2998046875,0.0,0.666015625,0.632568359375,1.6896972656249998,0.635986328125,0.0,0.0,0.0,5.635986328125,6.515625,0.0,1.36572265625,17.4755859375,12.181884765625,1.973388671875,94.30451202392578,46.976383209228516,0.0,208.0,208.0,7.500609874725342,0.99903564453125,-0.12055420875549316,0.043598711490631104,0.015489637851715088,0.12912820672914033,34,P003,0.0,0.0,0.0,0.0,0.0,0.0,0.0,0.00537109375,0.0,0.0,0.0,0.0,0.0,0.0,0.0,0.0,0.0,0.0,0.0,0.0,0.0,0.0,0.0,0.0,0.0,0.0
147.84398681640624,75.47568998385432,839.734008163357,4540,0.07305419921875,0.0,12.174560546875,10.449951171875,0.0,0.0322265625,0.0,3.24072265625,0.05004882812499999,29.554443359375,0.0,0.498779296875,0.388671875,1.082275390625,0.554443359375,0.0,0.0,0.0,3.157958984375,5.53759765625,0.0,1.1259765625,19.376220703125,12.776123046874998,0.0,92.0896987915039,47.27128601074219,0.0,208.0,208.0,7.502346992492676,0.99896484375,-0.06663107872009277,0.022929131984710693,-0.0021839141845703125,0.07049975337645552,35,P003,0.0,0.0,0.0,0.0,0.0,0.0,0.0,0.0,0.0,0.0,0.0,0.0,0.0,0.0,0.0,0.0,0.0,0.0,0.0,0.0,0.0,0.0,0.0,0.0,0.0,0.0
148.4417333984375,76.03188333662452,773.126151512617,4418,0.0689453125,0.0,13.390869140625,9.8017578125,0.0,0.01123046875,0.0,3.1940917968750004,0.032470703125,29.6923828125,0.0,0.412353515625,0.28125,0.7607421875,0.313232421875,0.0,0.0,0.0,2.3427734375,5.090576171875,0.0,0.965087890625,20.432373046875,13.27880859375,0.0,90.59527587890625,47.470008850097656,0.0,208.0,208.0,7.503164291381836,0.99886474609375,0.023752450942993164,-0.010149061679840088,-0.007373034954071045,0.02686157149562268,36,P003,0.0,0.0,0.0,0.0,0.0,0.0,0.0,0.0,0.0,0.0,0.0,0.0,0.0,0.0,0.0,0.0,0.0,0.0,0.0,0.0,0.0,0.0,0.0,0.0,0.0,0.0
151.8293701171875,74.6233512216683,856.5330900305747,4615,0.07444091796875,0.0,13.340087890625,9.6318359375,0.0,0.020751953125,0.0,3.100341796875,0.039794921875,30.76123046875,0.0,0.38623046875,0.358154296875,0.798095703125,0.275146484375,0.0,0.0,0.0,2.71142578125,5.266845703125,0.0,1.06396484375,18.78369140625,13.462402343749998,0.0,90.94266510009766,47.396759033203125,0.0,208.0,208.0,7.501811981201172,0.99876708984375,0.018098115921020508,-0.007405459880828857,-0.005923449993133545,0.020432080064408897,37,P003,0.0,0.0,0.0,0.0,0.0,0.0,0.0,0.0,0.0,0.0,0.0,0.0,0.0,0.0,0.0,0.0,0.0,0.0,0.0,0.0,0.0,0.0,0.0,0.0,0.0,0.0
153.77543212890626,73.32258093809585,918.731034465766,4741,0.07888916015625,0.0,12.950439453125002,8.072021484375,0.0,0.027587890624999997,0.0,3.11376953125,0.044921875,31.948242187499996,0.0,0.486083984375,0.43212890625,1.011474609375,0.27783203125,0.0,0.0,0.0,3.91162109375,5.58251953125,0.0,1.162841796875,17.83935546875,13.139160156249998,0.0,91.2074203491211,47.343055725097656,0.0,208.0,208.0,7.502617359161377,0.998798828125,0.10288870334625244,-0.035106122493743896,-0.04352837800979614,0.11710356444183326,38,P003,0.0,0.0,0.0,0.0,0.0,0.0,0.0,0.0,0.0,0.0,0.0,0.0,0.0,0.0,0.0,0.0,0.0,0.0,0.0,0.0,0.0,0.0,0.0,0.0,0.0,0.0
158.19433349609375,70.25492174165373,1102.9406999234616,4839,0.0888916015625,0.0,11.7373046875,6.362060546874999,0.01513671875,0.04907226562499999,0.0,2.872802734375,0.069091796875,33.430419921875,0.0,0.62158203125,1.0556640625,1.446044921875,0.3330078125,0.0,0.0,0.0,5.90869140625,6.94921875,0.0,1.483154296875,13.88525390625,13.129150390625,0.65234375,93.2740707397461,47.312496185302734,0.0,208.0,208.0,7.514674663543701,0.99877685546875,0.10481905937194824,-0.013405919075012207,-0.07490769028663635,0.1295295948343251,39,P003,0.0,0.0,0.0,0.0,0.0,0.0,0.0,0.0,0.0,0.0,0.0,0.0,0.0,0.0,0.0,0.0,0.0,0.0,0.0,0.0,0.0,0.0,0.0,0.0,0.0,0.0
161.45524169921876,67.09802918945216,1241.1712730748893,4940,0.0881787109375,0.0,10.39990234375,4.60302734375,0.015625,0.12158203125000001,0.0,2.41455078125,0.075927734375,32.86669921875,0.0,0.319580078125,2.048828125,1.837158203125,0.4814453125,0.0,0.0,0.0,8.553466796875,6.308837890625001,0.0,1.6943359375000002,10.610107421875,13.081787109375002,4.567138671875,94.30004119873047,47.15904998779297,0.0,208.0,208.0,7.509699821472168,0.99896484375,0.10260617733001709,0.0003268122673034668,-0.08497984707355499,0.13322803324068763,40,P003,0.0,0.0,0.0,0.0,0.0,0.0,0.0,0.0,0.0,0.0,0.0,0.0,0.0,0.0,0.0,0.0,0.0,0.0,0.0,0.0,0.0,0.0,0.0,0.0,0.0,0.0
162.794716796875,65.35930053499428,1306.2545993313252,4909,0.08845947265625,0.0,9.243896484375,3.5183105468750004,0.015869140625,0.1708984375,0.0,1.978271484375,0.075927734375,33.921875,0.0,1.192138671875,2.457275390625,2.148193359375,0.352294921875,0.0,0.0,0.0,10.95947265625,5.63818359375,0.0,1.8427734375,7.718750000000001,11.779052734375,6.98681640625,95.32312774658203,47.26772689819336,0.0,208.0,208.0,7.5169901847839355,0.999169921875,0.11429440975189209,0.0026609301567077637,-0.09271721169352531,0.14719637901135432,41,P003,0.0,0.0,0.0,0.0,0.0,0.0,0.0,0.0,0.0,0.0,0.0,0.0,0.0,0.0,0.0,0.0,0.0,0.0,0.0,0.0,0.0,0.0,0.0,0.0,0.0,0.0
161.37299072265625,61.418741187312634,1390.0309220204292,4888,0.085244140625,0.0,8.165283203125,3.16064453125,0.0166015625,0.188232421875,0.0,1.48828125,0.684326171875,29.74169921875,0.0,1.292236328125,3.0361328125,2.353271484375,0.44873046875,0.2646484375,0.000244140625,0.0,13.135498046875,5.36962890625,0.0,2.00927734375,4.917236328125,10.783447265625,12.944580078125,96.73725891113281,47.47150802612305,0.0,208.0,208.0,7.529221534729004,0.999013671875,0.05840545892715454,0.0011946558952331543,-0.0460414863191545,0.0743803959230955,42,P003,0.0,0.0,0.0,0.0,0.0,0.0,0.0,0.0,0.0,0.0,0.0,0.0,0.0,0.0,0.0,0.0,0.0,0.0,0.0,0.0,0.0,0.0,0.0,0.0,0.0,0.0
161.3746875,59.66838379990671,1398.4959530620335,4858,0.08342529296875,0.0,7.1162109375,3.1916503906249996,0.017578125,0.20043945312500003,0.0,1.4130859375,1.671142578125,28.535400390625,0.0,1.052490234375,3.3229980468750004,2.5419921875,0.428955078125,0.40380859375,0.0,0.0,14.343017578125,4.870361328125,0.0,2.21533203125,3.08642578125,10.6142578125,14.69775390625,96.98731231689453,47.7385368347168,0.0,208.0,208.0,7.538558483123779,0.998984375,0.11433017253875732,0.002020120620727539,-0.08738227793946862,0.14391362596347454,43,P003,0.277099609375,0.0,0.0,0.0,0.0,0.0,0.0,0.0,0.0,0.0,0.0,0.0,0.0,0.0,0.0,0.0,0.0,0.0,0.0,0.0,0.0,0.0,0.0,0.0,0.0,0.0
164.10732177734374,57.13525895217595,1311.116471101469,4684,0.0759814453125,0.0,5.740478515625,3.128173828125,0.019775390625,0.23681640624999997,0.0,1.248046875,2.32177734375,31.079833984375,0.0,0.539794921875,3.4978027343750004,2.589111328125,0.442626953125,0.42138671875000006,0.0,0.0,14.55322265625,3.482666015625,0.0,1.85888671875,1.595703125,10.13720703125,14.66455078125,98.75555419921875,48.28070068359375,0.0,208.0,208.0,7.558382034301758,0.9990869140625,0.08915144205093384,0.0013797879219055176,-0.0654839277267456,0.11062562191912004,44,P003,0.71435546875,0.446044921875,0.042236328125,0.072509765625,0.0,0.0,0.0,0.0,0.0,0.0,0.0,0.0,0.0,0.0,0.0,1.1669921875,0.0,0.0,0.0,0.0,0.0,0.0,0.0,0.0,0.0,0.0
168.353701171875,55.84326684678861,1254.1699534844813,4574,0.07155029296875,0.375732421875,4.948486328125,2.855712890625,0.019775390625,0.28369140625,0.0,0.7412109375,2.60986328125,33.82373046875,0.0,0.27685546875,3.62548828125,2.5009765625,0.438720703125,0.40966796875,0.0,0.0,14.762939453125002,2.63525390625,0.0,1.44287109375,1.226806640625,9.757080078125,14.213378906249998,99.31671905517578,48.581058502197266,0.0,208.0,208.0,7.566489219665527,0.9988134765625,0.05520355701446533,0.000786125659942627,-0.03933556377887726,0.06778891707650053,45,P003,0.679443359375,0.97216796875,0.1865234375,0.180419921875,0.0,0.0,0.0,0.0,0.0,0.0,0.0,0.0,0.0,0.0,0.0,1.033203125,0.0,0.0,0.0,0.0,0.0,0.0,0.0,0.0,0.0,0.0
168.3477685546875,56.104857791233705,1144.4357132203813,4607,0.07160888671875,1.03076171875,4.938720703125,3.014892578125,0.0185546875,0.2822265625,0.0,0.53955078125,2.530517578125,33.608642578125,0.0,0.2587890625,3.951904296875,2.32763671875,0.40307617187500006,0.41943359375,0.0,0.0,13.800537109375,2.024658203125,0.0,1.638916015625,1.38134765625,9.462646484375,15.62890625,98.69624328613281,48.662635803222656,0.0,208.0,208.0,7.564935684204102,0.99861328125,0.040447235107421875,0.0005471706390380859,-0.028210818767547607,0.049316615040761895,46,P003,0.709228515625,0.91650390625,0.180419921875,0.172607421875,0.0,0.0,0.0,0.0,0.0,0.0,0.0,0.0,0.0,0.0,0.0,0.759521484375,0.0,0.0,0.0,0.0,0.0,0.0,0.0,0.0,0.0,0.0
165.86660888671875,57.744811195418166,1086.336408687681,4656,0.07326171875,1.39453125,5.364501953125,3.412841796875,0.017333984375,0.2578125,0.0,0.537841796875,2.27099609375,33.136474609375,0.0,0.24853515625,4.3046875,2.1884765625,0.4599609375,0.448486328125,0.0,0.0,11.88330078125,1.56298828125,0.0,1.833251953125,2.06591796875,9.14794921875,16.906005859375,97.83318328857422,48.675418853759766,0.0,208.0,208.0,7.558919906616211,0.99873046875,0.04911649227142334,0.0006334781646728516,-0.03353354334831238,0.05947545407247473,47,P003,0.77880859375,0.9228515624999999,0.1689453125,0.177490234375,0.0,0.0,0.0,0.0,0.0,0.0,0.0,0.0,0.0,0.0,0.0,0.510009765625,0.0,0.0,0.0,0.0,0.0,0.0,0.0,0.0,0.0,0.0
163.74463623046876,58.7821245431811,1049.4897809705494,4693,0.0734228515625,1.81689453125,5.681640625,3.6904296875,0.015869140625,0.221435546875,0.0,0.6005859375,2.020263671875,32.863525390625,0.0,0.315673828125,4.492919921875,2.135986328125,0.478759765625,0.46142578124999994,0.006835937500000001,0.0,10.583740234375,1.08935546875,0.0,1.582275390625,3.3107910156250004,8.864013671875,17.430419921875,97.08747863769531,48.518985748291016,0.0,208.0,208.0,7.554092884063721,0.9987158203125,0.12998276948928833,0.001526951789855957,-0.08474308252334595,0.1551748754838638,48,P003,0.8393554687500001,0.951416015625,0.0810546875,0.169921875,0.0,0.0,0.0,0.0,0.0,0.0,0.0,0.0,0.0,0.0,0.0,0.29541015625,0.0,0.0,0.0,0.0,0.0,0.0,0.0,0.0,0.0,0.0
162.3151318359375,60.554470156946124,1019.2155870113314,4683,0.07306396484375,3.276611328125,5.12353515625,2.875732421875,0.014892578125,0.24951171875000003,0.0,0.641845703125,1.96484375,32.341064453125,0.0,0.32568359375,4.7451171875,2.366943359375,0.4345703125,0.495361328125,0.205078125,0.0,12.493896484375,0.685302734375,0.0,1.417724609375,3.82861328125,7.95849609375,16.39208984375,96.55217742919922,48.1802864074707,0.0,208.0,208.0,7.546380043029785,0.99886474609375,0.07494398951530457,0.0007876753807067871,-0.046023786067962646,0.0879511846481049,49,P003,0.882568359375,0.902587890625,0.166015625,0.178466796875,0.0,0.0,0.0,0.0,0.0,0.0,0.0,0.0,0.0,0.0,0.0,0.033447265625,0.0,0.0,0.0,0.0,0.0,0.0,0.0,0.0,0.0,0.0
161.9114306640625,61.71646603530371,1038.2723822831867,4653,0.0743212890625,3.4672851562500004,4.896728515625,2.234130859375,0.0146484375,0.263671875,0.0,0.65087890625,1.9091796875,31.776123046875,0.0,0.32763671875,4.804443359375,2.597900390625,0.421630859375,0.511962890625,0.35791015625,0.0,14.326660156250002,0.56689453125,0.0,1.35302734375,4.118408203125,7.68115234375,15.58203125,96.69297790527344,47.97368240356445,0.0,208.0,208.0,7.540359973907471,0.999111328125,0.12171783298254013,0.0011390447616577148,-0.06984993815422058,0.14034080714134087,50,P003,0.884033203125,0.88916015625,0.187744140625,0.1767578125,0.0,0.0,0.0,0.0,0.0,0.0,0.0,0.0,0.0,0.0,0.0,0.0,0.0,0.0,0.0,0.0,0.0,0.0,0.0,0.0,0.0,0.0
162.6298828125,62.60326723067269,1038.0627072541652,4635,0.07370849609375,3.3596191406250004,4.293701171875,1.53955078125,0.013671875000000002,0.276611328125,0.0205078125,0.699951171875,1.924560546875,31.287353515625,0.0,0.30712890625,4.972412109375,2.73779296875,0.37939453125,0.503173828125,0.40380859375,0.0,17.215087890625,0.458740234375,0.0,1.308837890625,3.9677734375000004,7.315917968750001,14.961181640624998,97.48406982421875,47.58153533935547,0.0,208.0,208.0,7.531429767608643,0.99921142578125,0.07383140176534653,0.000608980655670166,-0.03915509581565857,0.08357372955904503,51,P003,0.9045410156249999,0.8129882812499999,0.175048828125,0.16064453125,0.0,0.0,0.0,0.0,0.0,0.0,0.0,0.0,0.0,0.0,0.0,0.0,0.0,0.0,0.0,0.0,0.0,0.0,0.0,0.0,0.0,0.0
163.694697265625,62.62780914830842,1044.124597077793,4613,0.07344970703125,3.1887207031250004,3.89697265625,1.26806640625,0.01318359375,0.2734375,0.062744140625,0.7216796875,1.953857421875,31.235595703125004,0.0,0.28173828125,5.046630859375,2.811767578125,0.356689453125,0.48291015625,0.37158203125,0.000732421875,18.892578125,0.40649414062499994,0.0,1.29443359375,3.690185546875,7.082763671875,14.625976562500002,98.40080261230469,47.44081497192383,0.0,208.0,208.0,7.528818130493164,0.9992626953125,0.15291725099086761,0.0010391473770141602,-0.07201716303825378,0.16903028500820078,52,P003,0.9753417968750001,0.757568359375,0.159912109375,0.1484375,0.0,0.0,0.0,0.0,0.0,0.0,0.0,0.0,0.0,0.0,0.0,0.0,0.0,0.0,0.0,0.0,0.0,0.0,0.0,0.0,0.0,0.0
165.22725341796874,61.4897987913096,1033.403829866195,4647,0.0709765625,2.614501953125,2.984375,1.056396484375,0.01318359375,0.2646484375,0.15380859375,0.7255859375,2.00830078125,30.997558593750004,0.0,0.20751953125,5.25048828125,2.839599609375,0.64453125,1.042236328125,0.170654296875,0.031982421875,21.302978515625,0.322265625,0.0,1.271240234375,2.904541015625,6.19775390625,15.09619140625,100.28748321533203,47.24229431152344,0.0,208.0,208.0,7.5233564376831055,0.99921875,0.08429564535617828,0.0004616975784301758,-0.03403514623641968,0.0909085263878091,53,P003,1.031005859375,0.620849609375,0.128662109375,0.119140625,0.0,0.0,0.0,0.0,0.0,0.0,0.0,0.0,0.0,0.0,0.0,0.0,0.0,0.0,0.0,0.0,0.0,0.0,0.0,0.0,0.0,0.0
166.2135400390625,60.077249109897295,995.934508871311,4532,0.0696337890625,2.2880859375,2.089111328125,0.67138671875,0.013916015624999998,0.2568359375,0.1748046875,0.73388671875,1.6801757812499998,32.17919921875,0.0,0.17578125,5.4677734375,2.76806640625,0.642578125,0.915283203125,0.0,0.052001953125,23.062744140625,0.317626953125,0.0,1.335205078125,1.84130859375,5.368896484375,16.2421875,100.95480346679688,47.1923942565918,0.0,208.0,208.0,7.51984977722168,0.99919921875,0.010280847549438477,5.4001808166503906e-05,-0.0038844943046569824,0.010990361164811323,54,P003,0.8818359374999999,0.5283203125,0.107666015625,0.09912109374999999,0.0,0.0,0.0,0.0,0.0,0.10620117187499999,0.0,0.0,0.0,0.0,0.0,0.0,0.0,0.0,0.0,0.0,0.0,0.0,0.0,0.0,0.0,0.0
166.06478271484374,59.57670758686875,981.9598549435079,4333,0.0653759765625,2.19970703125,1.07373046875,0.089111328125,0.0166015625,0.266845703125,0.099609375,0.77880859375,1.504150390625,32.213623046875,0.0,0.20434570312499997,6.234130859375,2.6689453125,0.517578125,0.787109375,0.0,0.027587890624999997,24.145751953125,0.27978515625,0.0,0.9089355468749999,0.969482421875,5.215576171875,17.917724609375,100.91886901855469,47.09036636352539,0.0,208.0,208.0,7.515970230102539,0.99912109375,0.04962393641471863,0.0002581477165222168,-0.017992496490478516,0.052785714312638274,55,P003,0.7844238281250001,0.474365234375,0.094482421875,0.085693359375,0.097900390625,0.0,0.0,0.0,0.0,0.343994140625,0.0,0.0,0.0,0.0,0.0,0.0,0.0,0.0,0.0,0.0,0.0,0.0,0.0,0.0,0.0,0.0
163.17529052734375,63.22337884908007,961.9354826267004,4095,0.06030029296875,2.11328125,0.147216796875,0.033935546875,0.01953125,0.287109375,0.053955078125,0.841552734375,1.256591796875,30.67138671875,0.0,0.145751953125,8.400634765625,2.22021484375,0.445068359375,0.677978515625,0.0,0.0185546875,25.989013671875,0.261474609375,0.0,0.16259765625,0.29736328125,5.328369140625,18.635009765625,100.844482421875,46.996456146240234,0.0,208.0,208.0,7.514124870300293,0.9991162109375,0.09758971631526947,0.0005173087120056152,-0.03170430660247803,0.10261180924212486,56,P003,0.692626953125,0.4228515625,0.083740234375,0.07470703125,0.458740234375,0.0,0.0,0.0,0.0,0.2607421875,0.0,0.0,0.0,0.0,0.0,0.0,0.0,0.0,0.0,0.0,0.0,0.0,0.0,0.0,0.0,0.0
160.60335693359374,66.52641936549928,913.3440744895875,3994,0.05824462890625,2.025634765625,0.0,0.01171875,0.021728515625,0.24609375,0.006591796875,0.8955078125,1.033935546875,29.573730468749996,0.0,0.0693359375,10.01220703125,1.5710449218749998,0.384765625,0.60986328125,0.0,0.014892578125,28.712158203125,0.242431640625,0.0,0.0,0.0,4.84912109375,17.413818359375,101.16180419921875,46.932430267333984,0.0,208.0,208.0,7.508089065551758,0.9989990234375,0.1795744001865387,0.0011478066444396973,-0.04638153314590454,0.18547110092791494,57,P003,0.630859375,0.384765625,0.0751953125,0.066162109375,0.93310546875,0.0,0.0,0.0,0.0,0.21533203125,0.0,0.0,0.0,0.0,0.0,0.0,0.0,0.0,0.0,0.0,0.0,0.0,0.0,0.0,0.0,0.0
159.60973876953125,66.51090608539998,915.5830226037443,4007,0.0573291015625,1.7744140625000002,0.0,0.00439453125,0.021728515625,0.17431640625,0.00830078125,0.864990234375,0.887451171875,29.721191406250004,0.0,0.067138671875,9.703857421875,1.537109375,0.62939453125,0.559326171875,0.0,0.0034179687500000004,31.264648437499996,0.193115234375,0.0,0.0,0.0,4.085693359375,15.848388671875,102.68286895751953,46.92772674560547,0.0,208.0,208.0,7.494905948638916,0.99901123046875,0.17886918783187866,0.0016691088676452637,-0.03272128105163574,0.18184513882341777,58,P003,0.575927734375,0.34619140625,0.068359375,0.0595703125,1.411376953125,0.0,0.0,0.0,0.0,0.189697265625,0.0,0.0,0.0,0.0,0.0,0.0,0.0,0.0,0.0,0.0,0.0,0.0,0.0,0.0,0.0,0.0
158.07592529296875,66.08914965888911,960.504453881836,4145,0.05977294921875,1.4794921875,0.0,0.0,0.019775390625,0.212158203125,0.045654296875,0.775390625,0.800537109375,29.36962890625,0.0,0.06030273437500001,9.438232421875,1.6237792968750002,1.120361328125,0.523681640625,0.0,0.0224609375,33.148681640625,0.161865234375,0.0,0.0,0.0,3.4619140625000004,14.876953125,103.99089813232422,47.01430892944336,0.0,208.0,208.0,7.491018295288086,0.9991064453125,0.2003224492073059,0.002817869186401367,-0.02363133430480957,0.2017311676568373,59,P003,0.53076171875,0.315673828125,0.063232421875,0.05468750000000001,1.71630859375,0.0,0.0,0.0,0.0,0.17822265625,0.0,0.0,0.000244140625,0.0,0.0,0.0,0.0,0.0,0.0,0.0,0.0,0.0,0.0,0.0,0.0,0.0
157.229609375,64.6458746224907,970.9632443009317,4188,0.05938232421875,1.154296875,0.0,0.0,0.017578125,0.24072265625,0.11743164062499999,0.660888671875,0.8034667968749999,28.802001953125,0.0,0.052978515625,9.148193359375,1.445556640625,1.0068359375,0.476806640625,0.0,0.019775390625,35.6787109375,0.12744140625,0.0,0.0,0.01123046875,2.846435546875,14.1572265625,105.31260681152344,47.170597076416016,0.0,208.0,208.0,7.494223594665527,0.999208984375,0.2645145654678345,0.005676090717315674,-0.015601813793182373,0.2650350730452587,60,P003,0.47631835937500006,0.27978515625,0.05859375,0.04931640625,2.160888671875,0.0,0.0,0.0,0.0,0.162841796875,0.0,0.0,0.044677734375,0.0,0.0,0.0,0.0,0.0,0.0,0.0,0.0,0.0,0.0,0.0,0.0,0.0
156.04475341796876,61.974120508920784,884.6730124423743,4157,0.0563525390625,0.8488769531250001,0.0,0.0,0.015869140625,0.21240234374999997,0.158935546875,0.549072265625,1.21240234375,28.029296875,0.0,0.064208984375,8.01171875,0.59375,1.044189453125,0.411865234375,0.0,0.01171875,38.7900390625,0.082275390625,0.0,0.0,0.0654296875,2.40234375,13.263671875,107.25700378417969,47.542457580566406,0.0,208.0,208.0,7.521120071411133,0.9991845703125,0.265826940536499,0.008004486560821533,-0.004044055938720703,0.2659781729926974,61,P003,0.421630859375,0.23510742187500003,0.051025390625,0.0419921875,3.1560058593750004,0.0,0.0,0.0,0.0,0.13623046875,0.0,0.0,0.18994140625,0.0,0.0,0.0,0.0,0.0,0.0,0.0,0.0,0.0,0.0,0.0,0.0,0.0
150.560517578125,61.01762320452173,881.5770984707773,3975,0.058076171875,0.62451171875,0.0,0.0,0.0146484375,0.18701171875,0.16357421875,0.458740234375,1.264404296875,25.130371093749996,0.0,0.074462890625,6.91259765625,0.498291015625,1.7138671875,0.3525390625,0.0,0.00439453125,39.81689453125,0.05004882812499999,0.0,0.0,0.06640625,2.099853515625,12.76318359375,107.40555572509766,48.26601028442383,0.0,208.0,208.0,7.551224231719971,0.9985595703125,0.17728924751281738,0.00628429651260376,0.0011119246482849121,0.17740407560916635,62,P003,0.49291992187500006,0.197509765625,0.043212890625,0.20947265625,3.852294921875,0.0,0.0,0.0,0.0,0.11230468749999999,0.0,0.0,0.14501953125,0.0,0.0,0.0,0.0,0.0,0.0,0.0,0.0,0.0,2.75146484375,0.0,0.0,0.0
168.9637353515625,62.53083066382603,769.5536002270637,3834,0.0522412109375,0.51513671875,0.0,0.0,0.013916015624999998,0.17138671875,0.162109375,0.40771484375,0.485595703125,39.176025390625,0.0,0.085693359375,6.430419921875,0.27294921875,2.079345703125,0.31982421875,0.0,0.004150390625,31.072509765625,0.029052734375,0.0,0.0,0.052490234375,1.90380859375,12.3974609375,107.32069396972656,48.50246810913086,0.0,208.0,208.0,7.543758392333984,0.9979638671875,0.09540450572967529,0.0036272406578063965,0.0013415813446044922,0.09548285934563062,63,P003,0.315185546875,0.17626953125,0.040283203125,0.03125,3.7568359375,0.0,0.0,0.0,0.0,0.1005859375,0.0,0.0,0.0,0.0,0.0,0.0,0.0,0.0,0.0,0.0,0.0,0.0,0.0,0.0,0.0,0.0
176.1355322265625,58.80768789392783,717.9639428251029,3807,0.04882568359375,0.46411132812500006,0.0,0.0,0.013427734375000002,0.1630859375,0.15625,0.37890625,0.46337890625,45.082275390625,0.0,0.096923828125,5.060302734375,0.136962890625,1.61962890625,0.30712890625,0.0,0.00537109375,28.750732421875004,0.01953125,0.0,0.0,0.044189453125,1.7893066406250002,11.5390625,106.61293029785156,48.880523681640625,0.0,208.0,208.0,7.55211877822876,0.99790283203125,0.06083095073699951,0.0023894906044006348,0.0010262131690979004,0.06088651202347044,64,P003,0.295166015625,0.16552734375,0.0380859375,0.02978515625,3.283447265625,0.0,0.0,0.0,0.0,0.097412109375,0.0,0.0,0.0,0.0,0.0,0.0,0.0,0.0,0.0,0.0,0.0,0.0,0.0,0.0,0.0,0.0
179.40399658203125,56.13440907301466,697.3572935600045,3745,0.0486181640625,0.43188476562500006,0.0,0.0,0.013671875000000002,0.1552734375,0.164794921875,0.35693359375,0.44873046875,48.094970703125,0.0,0.115966796875,4.3662109375,0.07666015625,1.34130859375,0.295654296875,0.0,0.007080078124999999,27.877685546874996,0.017822265625,0.0,0.0,0.042724609375,1.706298828125,11.376953125,105.67066192626953,49.15990447998047,0.0,208.0,208.0,7.561622619628906,0.99806640625,0.0020433664321899414,8.14199447631836e-05,3.647804260253906e-05,0.0020453132354722597,65,P003,0.287353515625,0.159912109375,0.037841796875,0.028320312499999997,2.5009765625,0.0,0.0,0.0,0.0,0.094970703125,0.0,0.0,0.0,0.0,0.0,0.0,0.0,0.0,0.0,0.0,0.0,0.0,0.0,0.0,0.0,0.0
179.3066162109375,56.090572291390934,706.0000730085133,3702,0.049130859375,0.427734375,0.0,0.002685546875,0.01220703125,0.156494140625,0.17431640625,0.355224609375,0.44750976562499994,48.015380859375,0.0,0.126953125,4.441650390625,0.07373046875,1.333740234375,0.29736328125,0.0,0.007080078124999999,27.82421875,0.01708984375,0.0,0.0,0.047607421875,1.6962890625,11.46533203125,105.61056518554688,49.1494140625,0.0,208.0,208.0,7.5620622634887695,0.99810546875,0.06708073616027832,0.0026997923851013184,0.0012340545654296875,0.06714638436578682,66,P003,0.284912109375,0.159912109375,0.03759765625,0.028564453125,2.472900390625,0.0,0.0,0.0,0.0,0.093505859375,0.0,0.0,0.0,0.0,0.0,0.0,0.0,0.0,0.0,0.0,0.0,0.0,0.0,0.0,0.0,0.0
182.15669921875,55.812079637304144,631.5723777668416,3526,0.04614990234375,0.39599609375,0.0,0.021484375,0.01318359375,0.1513671875,0.1552734375,0.337158203125,0.4306640625,51.9169921875,0.0,0.119873046875,3.828369140625,0.03125,1.1962890625,0.282958984375,0.0,0.008544921875,25.966796874999996,0.013427734375000002,0.0,0.0,0.043701171875,1.628173828125,11.50146484375,105.23709106445312,49.44099807739258,0.0,208.0,208.0,7.563465118408203,0.99810546875,0.13496685028076172,0.005606710910797119,0.002599477767944336,0.13510826461254263,67,P003,0.27197265625,0.150146484375,0.034912109375,0.026611328125000003,1.473388671875,0.0,0.0,0.0,0.0,0.0,0.0,0.0,0.0,0.0,0.0,0.0,0.0,0.0,0.0,0.0,0.0,0.0,0.0,0.0,0.0,0.0
185.69562744140626,56.029872023820765,546.7197273735463,3165,0.04279541015625,0.34521484375,0.0,0.079345703125,0.0126953125,0.14453125,0.12475585937500001,0.305419921875,0.309326171875,58.121337890625,0.0,0.099609375,3.37841796875,0.0,0.9621582031249999,0.14111328125,0.0,0.01171875,23.16455078125,0.010986328125,0.0,0.0,0.032958984375,1.53662109375,10.485595703125,102.8385238647461,49.85389709472656,0.0,208.0,208.0,7.558248519897461,0.9977294921875,0.19312453269958496,0.00835186243057251,0.0033411383628845215,0.19333391306765663,68,P003,0.209228515625,0.136962890625,0.03271484375,0.02099609375,0.333740234375,0.0,0.0,0.0,0.0,0.0,0.0,0.0,0.0,0.0,0.0,0.0,0.0,0.0,0.0,0.0,0.0,0.0,0.0,0.0,0.0,0.0
188.7821240234375,55.295677401027675,483.5671849824846,2663,0.03676025390625,0.29345703125,0.0,0.25146484375,0.011962890625,0.10742187500000001,0.094482421875,0.274169921875,0.1396484375,64.27197265625,0.0,0.072998046875,3.008544921875,0.0,0.718994140625,0.083251953125,0.0,0.015869140625,21.370361328125,0.00732421875,0.0,0.0,0.015625,1.412841796875,7.84619140625,100.47314453125,49.670066833496094,0.0,208.0,208.0,7.565529823303223,0.99806396484375,0.17804455757141113,0.007953643798828125,0.0019123554229736328,0.17823238211318937,69,P003,0.0034179687500000004,0.0,0.0,0.0,0.0,0.0,0.0,0.0,0.0,0.0,0.0,0.0,0.0,0.0,0.0,0.0,0.0,0.0,0.0,0.0,0.0,0.0,0.0,0.0,0.0,0.0
191.5391748046875,54.25006488063795,448.37632778167733,2281,0.03382568359375,0.26123046875,0.0048828125,0.24731445312500003,0.011962890625,0.10644531250000001,0.068603515625,0.2509765625,0.057861328125,67.1494140625,0.0,0.041748046875,2.830322265625,0.0,0.528076171875,0.0,0.0,0.017578125,21.83056640625,0.003662109375,0.0,0.0,0.0017089843750000002,1.29248046875,5.28662109375,99.6311264038086,49.33232879638672,0.0,208.0,208.0,7.568204879760742,0.99820068359375,0.11919426918029785,0.0054146647453308105,0.0001800060272216797,0.11931732817113978,70,P003,0.0,0.0,0.0,0.0,0.0,0.0,0.0,0.0,0.0,0.0,0.0,0.0,0.0,0.0,0.0,0.0,0.0,0.0,0.0,0.0,0.0,0.008544921875,0.0,0.0,0.0,0.0
192.03434326171876,52.80524043793706,450.71089084699156,2071,0.03282470703125,0.251708984375,0.0,0.048828125,0.01220703125,0.095458984375,0.044921875,0.244384765625,0.047607421875,68.119384765625,0.0,0.036865234375,2.71533203125,0.0,0.405517578125,0.0,0.0,0.017578125,22.88525390625,0.0017089843750000002,0.0,0.0,0.0,1.23583984375,3.4023437500000004,99.3344497680664,48.96027755737305,0.0,208.0,208.0,7.563925743103027,0.9983935546875,0.12819600105285645,0.0058779120445251465,-0.0009794831275939941,0.12833442220676566,71,P003,0.0,0.0,0.0,0.0,0.0,0.3017578125,0.0,0.0,0.0,0.0,0.0,0.0,0.0,0.0,0.0,0.0,0.0,0.0,0.0,0.0,0.0,0.13330078125,0.0,0.0,0.0,0.0
190.04020263671876,53.47578779531942,433.0747070297239,1809,0.03180908203125,0.22314453125,0.0,0.0,0.010986328125,0.04345703125,0.015380859375,0.225830078125,0.0380859375,67.51611328125,0.0,0.038818359375,2.374755859375,0.0,0.334716796875,0.0,0.0,0.01806640625,24.53515625,0.000732421875,0.0,0.0,0.0,1.116943359375,1.759765625,101.26354217529297,48.741233825683594,0.0,208.0,208.0,7.563360691070557,0.9985986328125,0.22232699394226074,0.010315120220184326,-0.003933310508728027,0.2226009094143979,72,P003,0.0,0.0,0.0,0.0,0.0,1.505859375,0.0,0.0,0.0,0.0,0.0,0.0,0.0,0.0,0.0,0.0,0.0,0.0,0.0,0.0,0.0,0.2421875,0.0,0.0,0.0,0.0
185.30650146484376,53.65601439337922,388.81926672647,1451,0.03111083984375,0.125244140625,0.0,0.0,0.0,0.018798828125,0.0,0.162841796875,0.0224609375,67.22998046875,0.0,0.03857421875,1.795654296875,0.0,1.356689453125,0.0,0.0,0.018798828125,24.270751953125,0.0,0.0,0.0,0.0,0.878173828125,0.64697265625,102.11614227294922,48.802520751953125,0.0,208.0,208.0,7.562916278839111,0.99846435546875,0.24983429908752441,0.01174306869506836,-0.007272660732269287,0.25021584333742414,73,P003,0.0,0.0,0.0,0.0,0.0,3.125732421875,0.0,0.0,0.0,0.0,0.0,0.0,0.0,0.0,0.0,0.0,0.0,0.0,0.0,0.0,0.0,0.309326171875,0.0,0.0,0.0,0.0
179.09075927734375,53.47059421643868,373.1692998215615,1622,0.031025390625,0.05126953125,0.0,0.0,0.0,0.000244140625,0.0,0.085205078125,0.014160156249999998,68.75634765625,0.0,0.00830078125,1.32568359375,0.0,1.1318359375,0.0,0.0,0.0,23.78955078125,0.0,0.0,0.0,0.0,0.641357421875,0.166748046875,102.88745880126953,49.001258850097656,0.0,208.0,208.0,7.565581321716309,0.9983203125,0.25983309745788574,0.012351751327514648,-0.010173916816711426,0.2603253980671292,74,P003,0.0,0.0,0.0,0.0,0.0,3.8759765625,0.0,0.0,0.0,0.0,0.0,0.0,0.0,0.0,0.0,0.0,0.0,0.0,0.0,0.0,0.0,0.1533203125,0.0,0.0,0.0,0.0
167.80989501953124,55.079162270717745,409.6404548782112,1460,0.03568115234375,0.00830078125,0.0,0.0,0.0,0.0,0.0,0.035888671875,0.00732421875,67.70947265625,0.0,0.0,1.716552734375,0.0,0.771484375,0.0,0.0,0.0,25.87451171875,0.0,0.0,0.0,0.0,0.407958984375,0.026855468750000003,102.36299133300781,48.811153411865234,0.0,208.0,208.0,7.567834854125977,0.998564453125,0.26752138137817383,0.012831032276153564,-0.012562870979309082,0.2681233869154289,75,P003,0.0,0.0,0.0,0.0,0.0,3.400634765625,0.0,0.0,0.0,0.0,0.0,0.0,0.0,0.0,0.0,0.0,0.0,0.0,0.0,0.0,0.0,0.041015625,0.0,0.0,0.0,0.0
151.31278076171876,60.15786371806166,640.7360838773488,3069,0.049599609375,0.0,0.0,0.0,0.0,0.0,0.0,0.001220703125,0.00732421875,59.946044921875,0.0,0.0009765625,3.73095703125,0.0,0.537841796875,0.0,0.0,0.0,30.449462890625,0.0,0.0,0.0,0.0,0.32666015625,0.0,103.018798828125,48.664424896240234,0.0,208.0,208.0,7.5633063316345215,0.998515625,0.29601311683654785,-0.01184093952178955,-0.058421432971954346,0.3019553560024113,76,P003,0.0,0.0,0.0,0.0,0.0,2.707275390625,0.0,0.0,0.0,0.0,0.0,0.0,0.0,0.0,0.0,0.0,0.0,0.0,0.2861328125,1.9738769531249998,0.0,0.0078125,0.0,0.0,0.0244140625,0.0
140.50582275390624,64.36009528822655,645.5489046859741,3149,0.04851318359375,0.0,0.0,0.0,0.0,0.0,0.000244140625,0.0,0.0,54.936767578125,0.0,0.0,2.62109375,0.0,0.481201171875,0.0,0.0,0.0,32.453857421875,0.0,0.0,0.0,0.0,0.302978515625,0.0,104.92375946044922,48.36171340942383,0.0,208.0,208.0,7.558265686035156,0.9989208984375,0.19621777534484863,-0.0574265718460083,-0.1268075704574585,0.24058135098255132,77,P003,0.0,0.0,0.0,0.0,0.0,1.809814453125,0.0,0.0,0.0,0.0,0.0,0.7834472656250001,0.0,0.0,0.0,0.0,0.0,0.0,0.581787109375,5.967041015625,0.0,0.0,0.0,0.0,0.06176757812499999,0.0
132.28861328125,63.804979227713,627.9343325128317,3176,0.0479443359375,0.0,0.0,0.0,0.0,0.0,0.031005859375,0.0,0.0,53.523681640625,0.0,0.0,2.08349609375,0.0,0.687255859375,0.0,0.0,0.0,31.334716796875,0.0,0.0,0.0,0.0,0.2783203125,0.0,105.33056640625,48.83035659790039,0.0,208.0,208.0,7.560619354248047,0.9984716796875,0.19870233535766602,-0.03858792781829834,-0.11961472034454346,0.23511556216678622,78,P003,0.0,0.0,0.0,0.0,0.0,0.987060546875,0.0,0.03173828125,0.0,0.0,0.0,2.7060546875,0.0,0.0,0.0,0.0,0.0,0.0,0.69580078125,7.521240234375,0.0,0.0,0.0,0.0,0.096435546875,0.023193359375
133.633681640625,59.43204796663179,425.5186149966657,2696,0.03676025390625,0.0,0.0,0.0,0.0,0.0,0.058837890625,0.0,0.0,61.73486328125,0.0,0.0,1.78759765625,0.0,0.0712890625,0.0,0.0,0.0,26.555908203125,0.0,0.0,0.0,0.0,0.19677734375,0.0,104.82470703125,48.522186279296875,0.0,208.0,208.0,7.548709869384766,0.9985546875,0.1393413543701172,-0.005827963352203369,-0.0834801197052002,0.16253894481178274,79,P003,0.0,0.0,0.0,0.0,0.0,0.43115234375,0.0,0.104736328125,0.0,0.0,0.0,0.0,0.0,0.0,0.0,0.0,0.0,0.0,0.7824707031249999,8.105712890625,0.0,0.0,0.0,0.0,0.07568359375,0.094970703125
139.7389306640625,56.5860305598527,287.6112729392946,1702,0.0272412109375,0.0,0.0,0.0,0.0,0.0,0.0,0.0,0.0,65.876220703125,0.0,0.0,0.0,0.0,0.027587890624999997,0.0,0.0,0.0,24.556884765625,0.0,0.21679687500000003,0.0,0.0,0.193115234375,0.0,105.18074035644531,48.29125213623047,0.0,208.0,208.0,7.54659366607666,0.998564453125,0.13469362258911133,-0.00032651424407958984,-0.08603787422180176,0.159828014998423,80,P003,0.0,0.0,0.0,0.0,0.0,0.259521484375,0.0,0.122314453125,0.0,0.0,0.0,0.0,0.0,0.0,0.0,0.0,0.0,0.0,0.64306640625,7.921386718749999,0.0,0.0,0.0,0.0,0.0654296875,0.11767578125
140.0579638671875,52.787641658533936,234.39706594251982,1303,0.026669921875,0.0,0.0,0.0,0.0,0.0,0.0,0.0,0.0,62.912353515625,0.0,0.0,0.0,0.0,0.0,0.0,0.0,0.0,24.007568359375,0.0,6.282470703125,0.0,0.0,0.2099609375,0.0,104.84150695800781,48.310577392578125,0.0,208.0,208.0,7.549928665161133,0.99861328125,0.2031421661376953,-0.000968635082244873,-0.13517224788665771,0.24400658703356679,81,P003,0.0,0.0,0.0,0.0,0.0,0.096923828125,0.039794921875,0.08935546875,0.0,0.0,0.0,0.0,0.0,0.0,0.0,0.0,0.0,0.0,0.0,6.2353515625,0.0,0.0,0.0,0.0,0.0,0.126220703125
135.29095947265625,51.50430445363999,243.93957859920863,2542,0.03510498046875,0.0,0.0,0.0,0.0,0.0,0.0,0.0,0.0,49.52392578125,0.0,0.0,0.0,0.0,0.0,0.0,0.0,0.0,23.434814453125,0.0,23.496337890625,0.0,0.0,0.201416015625,0.0,103.08392333984375,48.695613861083984,0.0,208.0,208.0,7.5584306716918945,0.998369140625,0.15558576583862305,-0.007981717586517334,-0.10363554954528809,0.18711217351304438,82,P003,0.0,0.0,0.0,0.0,0.0,0.0,0.05029296875,0.10717773437499999,0.0,0.0,0.0,0.0,0.0,0.0,0.0,0.0,0.0,0.0,0.0,3.093994140625,0.0,0.0,0.0,0.0,0.0,0.092041015625
141.13406005859375,46.762088427818945,204.5092852342068,2191,0.02928466796875,0.0,0.0,0.0,0.0,0.0,0.0,0.0,0.0,54.45751953125,0.0,0.0,0.0,0.0,0.0,0.0,0.0,0.0,21.83056640625,0.0,21.79833984375,0.0,0.0,0.137939453125,0.0,102.46906280517578,48.800453186035156,0.0,208.0,208.0,7.561517715454102,0.99854248046875,0.0809326171875,-0.007900238037109375,-0.05330061912536621,0.0972288963477873,83,P003,0.0,0.0,0.0,0.0,0.0,0.0,0.03857421875,0.20849609374999997,0.0,0.0,0.0,0.0,0.0,0.0,0.0,0.0,0.0,0.044189453125,0.0,1.484375,0.0,0.0,0.0,0.0,0.0,0.0
147.7716845703125,42.97750463080807,192.80828097341058,1924,0.02963623046875,0.0,0.0,0.0,0.0,0.0,0.0,0.0,0.0,59.998046875,0.0,0.0,0.0,0.000244140625,0.0,0.0,0.0,0.0,20.155517578125,0.0,18.4794921875,0.0,0.0,0.10498046875,0.0,102.66415405273438,48.86673355102539,0.0,208.0,208.0,7.563906669616699,0.9985009765625,0.1111764907836914,-0.0159299373626709,-0.07218408584594727,0.13350849132834183,84,P003,0.0,0.0,0.0,0.0,0.0,0.0,0.05322265625000001,0.257080078125,0.0,0.0,0.0,0.0,0.0,0.0,0.0,0.0,0.0,0.14501953125,0.0,0.806396484375,0.0,0.0,0.0,0.0,0.0,0.0
152.7186962890625,42.201112260634936,178.77392764658325,1713,0.0274755859375,0.0,0.0,0.0,0.0,0.0,0.0,0.0,0.0,65.849853515625,0.0,0.0,0.0,0.287109375,0.0,0.0,0.0,0.0,17.06787109375,0.0,15.802978515625,0.0,0.0,0.0703125,0.0,103.20124816894531,48.79317855834961,0.0,208.0,208.0,7.562577247619629,0.9984765625,0.10288143157958984,-0.020801901817321777,-0.06544768810272217,0.12369603049845425,85,P003,0.0,0.0,0.0,0.14111328125,0.0,0.0,0.101806640625,0.268310546875,0.0,0.0,0.0,0.0,0.0,0.0,0.0,0.0,0.0,0.234130859375,0.0,0.176513671875,0.0,0.0,0.0,0.0,0.0,0.0
154.682373046875,42.24298772052172,172.4534962712228,1483,0.0233349609375,0.0,0.0,0.0,0.0,0.0,0.0,0.0,0.0,70.23779296875,0.0,0.0,0.0,0.82373046875,0.0,0.0,0.0,0.0,12.56396484375,0.0,11.396728515625,0.0,0.0,0.04956054687499999,0.0,103.2766342163086,48.55678176879883,0.0,208.0,208.0,7.559384822845459,0.9985546875,0.1287078857421875,-0.03581759333610535,-0.07955026626586914,0.1554891144343722,86,P003,0.0,0.0,0.0,4.179931640625,0.0,0.0,0.22485351562500003,0.290771484375,0.0,0.0,0.0,0.0,0.0,0.0,0.0,0.0,0.0,0.23266601562499997,0.0,0.0,0.0,0.0,0.0,0.0,0.0,0.0
157.87052001953126,42.92389442911724,152.06039519097806,975,0.02047119140625,0.0,0.0,0.01708984375,0.0,0.0,0.0,0.0,0.0,75.386474609375,0.0,0.0,0.0,1.539794921875,0.0,0.0,0.00830078125,0.0,8.955322265625,0.0,7.508544921875,0.0,0.0,0.02880859375,0.0,102.9791030883789,47.993927001953125,0.0,208.0,208.0,7.5482177734375,0.998798828125,0.091156005859375,-0.033105313777923584,-0.05444610118865967,0.1112194099031952,87,P003,0.0,0.0,0.0,2.89013671875,0.0,0.0,0.2880859375,0.22094726562500003,0.0,0.0,0.0,0.0,3.0400390625,0.0,0.0,0.0,0.0,0.11645507812499999,0.0,0.0,0.0,0.0,0.0,0.0,0.0,0.0
159.069208984375,44.88101440762125,130.45902638375756,620,0.0192041015625,0.0,0.0,0.078857421875,0.0,0.0,0.0,0.0,0.0,80.89404296875,0.0,0.0,0.0,2.132080078125,0.0,0.0,0.02001953125,0.0,9.318603515625,0.0,5.41796875,0.0,0.0,0.01708984375,0.0,102.55767822265625,47.376529693603516,0.0,208.0,208.0,7.528892993927002,0.9989208984375,0.06670236587524414,-0.029107898473739624,-0.03860926628112793,0.08238416601313331,88,P003,0.0,0.0,0.0,0.98095703125,0.0,0.0,0.213134765625,0.12109375,0.0,0.0,0.0,0.0,0.8061523437500001,0.0,0.0,0.0,0.0,0.0,0.0,0.0,0.0,0.0,0.0,0.0,0.0,0.0
158.44769775390625,45.50684431719506,114.04577869343161,340,0.01757568359375,0.0,0.0,0.04833984375,0.0,0.0,0.0,0.0,0.0,79.312255859375,0.0,0.0,0.0,2.764892578125,0.0,0.0,0.035888671875,0.0,13.560058593749998,0.0,4.026123046875,0.0,0.0,0.0107421875,0.0,101.70015716552734,47.011207580566406,0.0,208.0,208.0,7.515016555786133,0.9990673828125,0.06215095520019531,-0.03161504864692688,-0.034806013107299805,0.07793401748703684,89,P003,0.0,0.0,0.0,0.043701171875,0.0,0.0,0.14208984375,0.055908203125,0.0,0.0,0.0,0.0,0.0,0.0,0.0,0.0,0.0,0.0,0.0,0.0,0.0,0.0,0.0,0.0,0.0,0.0
157.10095703125,44.013758425346005,133.70475763186815,479,0.0165087890625,0.0,0.0,0.0,0.0,0.0,0.0,0.0,0.0,75.048583984375,0.0,0.0,0.0,2.908935546875,0.0,0.0,0.017822265625,0.0,19.22314453125,0.0,2.766357421875,0.0,0.0,0.0,0.0,102.31783294677734,47.13003158569336,0.0,208.0,208.0,7.521728038787842,0.99921630859375,0.014605522155761719,-0.008089005947113037,-0.008010387420654297,0.018518088488930308,90,P003,0.0,0.0,0.0,0.0,0.0,0.0,0.0244140625,0.0107421875,0.0,0.0,0.0,0.0,0.0,0.0,0.0,0.0,0.0,0.0,0.0,0.0,0.0,0.0,0.0,0.0,0.0,0.0
158.08146240234376,42.11260234745249,185.29599818896648,930,0.020341796875,0.0,0.0,0.0,0.0,0.0,0.0,0.0,0.0,73.982666015625,0.0,0.0,0.0,2.424560546875,0.048828125,0.0,0.0,0.0,21.01806640625,0.0,2.101318359375,0.0,0.0,0.0,0.0,102.75531005859375,47.159820556640625,0.0,208.0,208.0,7.523271560668945,0.99923828125,0.0655059814453125,-0.03925856947898865,-0.03519618511199951,0.08408947811164212,91,P003,0.0,0.0,0.0,0.0,0.0,0.0,0.0,0.003662109375,0.0,0.0,0.0,0.0,0.0,0.0,0.0,0.0,0.0,0.0,0.043212890625,0.377685546875,0.0,0.0,0.0,0.0,0.0,0.0
163.54382080078125,39.394490509102845,263.62389620628363,1435,0.02486328125,0.0,0.0,0.0,0.0,0.0,0.0,0.0,0.0,70.38134765625,0.0,0.0,0.030029296875,1.629150390625,0.555419921875,0.0,0.0,0.0,22.782958984375,0.0,0.49072265625000006,0.0,0.0,0.0,0.0,103.67476654052734,47.08201217651367,0.0,208.0,208.0,7.523810386657715,0.99925048828125,0.07274770736694336,-0.049115002155303955,-0.037827372550964355,0.09557940404695663,92,P003,0.0,0.0,0.0,0.0,0.0,0.0,0.0,0.0,0.0,0.0,0.0,0.0,0.0,0.0,0.0,0.0,0.0,0.0,0.130615234375,3.9997558593750004,0.0,0.0,0.0,0.0,0.0,0.0
168.18472900390626,37.465907662987725,303.8922291244507,1751,0.0314208984375,0.0,0.0,0.0,0.0,0.0,0.0,0.0,0.0,65.59326171875,0.0,0.0,0.270751953125,0.9526367187500001,0.6669921875,0.0,0.0,0.0,24.056396484375,0.0,0.0,0.0,0.0,0.0,0.0,104.28358459472656,47.07469177246094,0.0,208.0,208.0,7.524656295776367,0.999267578125,0.05674600601196289,-0.04236234724521637,-0.028649210929870605,0.07639014955698305,93,P003,0.0,0.0,0.0,0.0,0.0,0.0,0.0,0.0,0.0,0.0,0.0,0.0,0.0,0.0,0.0,0.0,0.0,0.0,0.153564453125,8.306396484375,0.0,0.0,0.0,0.0,0.0,0.0
170.63434326171875,36.486174657613034,299.0549388655662,1767,0.03446533203125,0.0,0.0,0.0,0.0,0.0,0.0,0.0,0.0,63.129150390625,0.0,0.0,0.392333984375,0.55859375,0.721435546875,0.0,0.0,0.0,23.553955078125,0.0,0.0,0.0,0.0,0.0,0.0,104.4613265991211,47.112850189208984,0.0,208.0,208.0,7.525151252746582,0.9992138671875,0.004801273345947266,-0.0037676244974136353,-0.002387523651123047,0.0065534333963722345,94,P003,0.0,0.0,0.0,0.0,0.0,0.0,0.0,0.0,0.0,0.0,0.0,0.0,0.0,0.0,0.0,0.0,0.0,0.0,0.153564453125,11.490966796875,0.0,0.0,0.0,0.0,0.0,0.0
170.96958984375,36.59072332204174,287.79830488547674,1717,0.0335888671875,0.0,0.0,0.0,0.0,0.0,0.0,0.0,0.0,64.308349609375,0.0,0.0,0.2333984375,0.59619140625,0.81640625,0.0,0.0,0.0,21.732421875,0.0,0.0,0.0,0.0,0.000244140625,0.0,104.23783874511719,47.23334884643555,0.0,208.0,208.0,7.528041362762451,0.999140625,0.02351522445678711,-0.018764227628707886,-0.011633157730102539,0.03225511399031923,95,P003,0.0,0.0,0.0,0.0,0.0,0.0,0.0,0.0,0.0,0.0,0.0,0.0,0.0,0.0,0.0,0.0,0.0,0.0,0.154541015625,12.158447265625,0.0,0.0,0.0,0.0,0.0,0.0
171.60194091796876,36.45616305710351,277.14454263157245,1732,0.03420166015625,0.0,0.0,0.0,0.0,0.0,0.0,0.0,0.0,63.34423828125,0.0,0.0,0.146728515625,0.564208984375,0.8923339843749999,0.0,0.0,0.0,21.30029296875,0.0,0.0,0.0,0.0,0.00048828125,0.0,104.14584350585938,47.235469818115234,0.0,208.0,208.0,7.527090072631836,0.99913330078125,0.024204254150390625,-0.019984707236289978,-0.011848926544189453,0.03355043222592699,96,P003,0.0,0.0,0.0,0.0,0.0,0.0,0.0,0.0,0.0,0.0,0.0,0.0,0.0,0.0,0.0,0.0,0.0,0.0,0.158935546875,13.5927734375,0.0,0.0,0.0,0.0,0.0,0.0
172.14400390625,35.90410405064681,272.2801444000005,1820,0.03523193359375,0.0,0.0,0.0,0.0,0.0,0.0,0.0,0.0,61.02685546875,0.0,0.0,0.154052734375,0.499755859375,0.881591796875,0.0,0.0,0.0,22.729736328125,0.0,0.0,0.0,0.0,0.00048828125,0.0,103.896240234375,47.13401412963867,0.0,208.0,208.0,7.524494171142578,0.9991796875,0.059027671813964844,-0.051675647497177124,-0.028387784957885742,0.08342964052927959,97,P003,0.0,0.0,0.0,0.0,0.0,0.0,0.0,0.0,0.0,0.0,0.0,0.0,0.0,0.0,0.0,0.0,0.0,0.0,0.16357421875,14.5439453125,0.0,0.0,0.0,0.0,0.0,0.0
173.589873046875,32.91309778558163,279.36201718043685,2087,0.03653076171875,0.0,0.0,0.0,0.0,0.0,0.0,0.0,0.0,56.66015625000001,0.0,0.0,0.3916015625,0.07666015625,0.82666015625,0.0,0.0,0.0,25.680419921874996,0.0,0.0,0.0,0.0,0.0034179687500000004,0.0,104.4013671875,47.06743240356445,0.0,208.0,208.0,7.521089553833008,0.99923095703125,0.11450624465942383,-0.11304187402129173,-0.05319809913635254,0.16947030152793915,98,P003,0.0,0.0,0.0,0.0,0.0,0.0,0.0,0.0,0.0,0.0,0.0,0.0,0.0,0.0,0.0,0.0,0.0,0.0,0.172119140625,16.18896484375,0.0,0.0,0.0,0.0,0.0,0.0
165.90641357421876,39.18856948648823,322.77998289465313,2223,0.0441259765625,0.0,0.0,0.0,0.0,0.0,0.0,0.0,0.0,46.956787109375,0.0,0.0,1.334716796875,1.1611328125,0.81787109375,0.0,0.0,0.0,29.267578125,0.0,0.0,0.0,0.0,0.003662109375,0.0,102.08711242675781,47.65046310424805,0.0,208.0,208.0,7.53941535949707,0.9990576171875,0.12460994720458984,-0.14620158448815346,-0.0556182861328125,0.19998983974574494,99,P003,0.0,0.0,0.0,0.0,0.0,0.0,0.0,0.0,0.0,0.0,0.0,0.0,0.0,0.0,0.0,0.0,0.0,0.0,0.186767578125,20.271484375,0.0,0.0,0.0,0.0,0.0,0.0
153.95105712890626,48.74575016136881,415.65123290514356,2498,0.0533935546875,0.0,0.0,0.0,0.0,0.0,0.0,0.0,0.0,32.85400390625,0.0,0.0,3.3352050781250004,3.889404296875,0.900634765625,0.0,0.0,0.0,32.388916015625,0.0,0.0,0.0,0.0,0.00439453125,0.0,98.17839050292969,47.394561767578125,0.0,208.0,208.0,7.5296173095703125,0.99918212890625,0.08452844619750977,-0.11898607015609741,-0.037026166915893555,0.15057782089086244,100,P003,0.0,0.0,0.0,0.0,0.0,0.0,0.0,0.0,0.0,0.0,0.0,0.0,0.0,0.0,0.0,0.0,0.0,0.0,0.22485351562500003,26.402587890625,0.0,0.0,0.0,0.0,0.0,0.0
150.5379345703125,51.89011005871808,501.1676867787778,2580,0.0560400390625,0.0,0.0,0.0,0.0,0.0,0.012451171875,0.0,0.0,25.98388671875,0.0,0.0,5.4736328125,3.7082519531249996,1.053466796875,0.0,0.0,0.0,34.43701171875,0.0,0.0,0.0,0.0,0.01806640625,0.0,96.0560073852539,46.8819694519043,0.0,208.0,208.0,7.508193016052246,0.999306640625,0.0437464714050293,-0.07189576327800751,-0.0193331241607666,0.08635116807278265,101,P003,0.0,0.0,0.0,0.0,0.0,0.0,0.0,0.0,0.0,0.0,0.0,0.0,0.0,0.0,0.0,0.0,0.0,0.0,0.27392578125,29.039306640625,0.0,0.0,0.0,0.0,0.0,0.0
148.66756103515624,53.22364228521178,548.5142969880998,2725,0.05667724609375,0.0,0.0,0.0,0.0,0.0,0.0224609375,0.0,0.0,27.2763671875,0.0,0.0,6.711181640625,3.4565429687500004,1.22216796875,0.0,0.0,0.0,34.411376953125,0.0,0.0,0.0,0.0,0.015625,0.0,95.36311340332031,46.68606185913086,0.0,208.0,208.0,7.495697021484375,0.99923828125,0.03292655944824219,-0.062329500913619995,-0.015033483505249023,0.07207725457827995,102,P003,0.0,0.0,0.0,0.0,0.0,0.0,0.0,0.0,0.0,0.0,0.0,0.0,0.0,0.0,0.0,0.0,0.0,0.0,0.251220703125,26.633056640625004,0.0,0.0,0.0,0.0,0.0,0.0
147.56658935546875,53.67665534969195,562.4353586600722,2826,0.05524169921875,0.0,0.0,0.0,0.0,0.0,0.01708984375,0.0,0.0,28.413330078125,0.0,0.0,7.109619140624999,3.3474121093750004,1.417724609375,0.0,0.0,0.0,34.1767578125,0.0,0.0,0.0,0.0,0.01904296875,0.0,94.78582000732422,46.546043395996094,0.0,208.0,208.0,7.489968299865723,0.999189453125,0.053217411041259766,-0.13797146081924438,-0.02734231948852539,0.15038556870106679,103,P003,0.0,0.0,0.0,0.0,0.0,0.0,0.0,0.0,0.0,0.0,0.0,0.0,0.0,0.0,0.0,0.0,0.0,0.0,0.24291992187499997,25.256103515625,0.0,0.0,0.0,0.0,0.0,0.0
143.770927734375,55.08607714330134,611.6060885734319,3038,0.057265625,0.0,0.0,0.0,0.0,0.0,0.06103515625,0.0,0.0,30.352783203125,0.0,0.0,8.071533203125,3.5297851562500004,1.957275390625,0.0,0.0,0.0,34.137939453125,0.0,0.0,0.0,0.0,0.022705078125,0.0,93.53885650634766,46.46909713745117,0.0,208.0,208.0,7.47950553894043,0.99916015625,0.01708841323852539,-0.08122485876083374,-0.011889457702636719,0.08385016846846992,104,P003,0.0,0.0,0.0,0.0,0.0,0.0,0.0,0.0,0.0,0.0,0.0,0.0,0.0,0.0,0.0,0.0,0.0,0.0,0.221435546875,21.539794921875,0.105712890625,0.0,0.0,0.0,0.0,0.0
141.58502685546875,55.547427273311676,628.0449706816675,3054,0.058671875,0.0,0.0,0.0,0.0,0.0,0.1025390625,0.0,0.0,31.342041015625,0.0,0.0,8.27392578125,3.699462890625,2.433837890625,0.0,0.0,0.0,33.928955078125,0.0,0.0,0.0,0.0,0.02197265625,0.0,92.64000701904297,46.5585823059082,0.0,208.0,208.0,7.476937770843506,0.99902099609375,-0.004443645477294922,-0.17776405811309814,-0.014758586883544922,0.1784310013107699,105,P003,0.0,0.0,0.0,0.0,0.0,0.0,0.0,0.0,0.0,0.0,0.0,0.0,0.0,0.0,0.0,0.0,0.0,0.0,0.21923828125,19.75,0.22802734375,0.0,0.0,0.0,0.0,0.0
134.70036376953124,57.152647131050905,671.8616350159587,3111,0.05987548828125,0.0,0.0,0.0,0.0,0.0,0.14794921875,0.0,0.0,34.2451171875,0.0,0.0,10.115478515625,3.735107421875,3.651611328125,0.0,0.0,0.0,31.722167968749996,0.0,0.0,0.0,0.0,0.037841796875,0.0,91.5212631225586,47.185054779052734,0.0,208.0,208.0,7.503447532653809,0.9986376953125,-0.07538795471191406,-0.21848535537719727,-0.004497528076171875,0.23116968224389145,106,P003,0.0,0.0,0.0,0.0,0.0,0.0,0.0,0.0,0.0,0.0,0.0,0.0,0.0,0.0,0.0,0.0,0.0,0.0,0.210205078125,15.577392578124998,0.55712890625,0.0,0.0,0.0,0.0,0.0
134.4521875,55.41062054550808,734.4290662393332,3184,0.0531103515625,0.0,0.0,0.0,0.0,0.0,0.1259765625,0.0,0.0,42.43017578125,0.0,0.0,11.974609375,2.351806640625,0.0,0.0,0.0,0.0,31.937255859375004,0.0,0.0,0.0,0.0,0.2646484375,0.0,90.70834350585938,49.10601806640625,0.0,208.0,208.0,7.521827697753906,0.99759521484375,-0.06586265563964844,-0.1397596001625061,-0.00737452507019043,0.15467714396607327,107,P003,0.0,0.0,0.0,0.0,0.0,0.0,0.0,0.0,0.0,0.0,0.0,0.0,0.0,0.0,0.0,0.0,0.0,0.0,0.179443359375,10.238525390625,0.49755859375,0.0,0.0,0.0,0.0,0.0
136.69076171875,51.4752209389027,709.3577650713385,3010,0.048759765625,0.0,0.0,0.0,0.0,0.0,0.0498046875,0.0,0.0,54.56054687500001,0.0,0.0,12.56494140625,0.087158203125,0.0,0.0,0.0,0.0,27.593505859375,0.0,0.0,0.0,0.0,0.71923828125,0.0,96.93989562988281,51.50536346435547,0.0,208.0,208.0,7.557894706726074,0.9967431640625,-0.002337932586669922,-0.06241869926452637,-0.03293919563293457,0.07061551214570304,108,P003,0.0,0.0,0.0,0.0,0.0,0.0,0.0,0.0,0.0,0.0,0.0,0.0,0.0,0.0,0.0,0.0,0.0,0.0,0.1435546875,4.248291015625,0.032958984375,0.0,0.0,0.0,0.0,0.0
134.1077880859375,52.16369458824516,751.8792892360685,3159,0.04849853515625,0.0,0.0,0.0,0.0,0.0,0.070068359375,0.0,0.0,58.674072265625,0.0,0.0,13.776855468749998,0.0,0.0,0.0,0.0,0.0,26.018798828125,0.0,0.0,0.0,0.0,0.837646484375,0.0,102.25122833251953,51.74803924560547,0.0,208.0,208.0,7.57371711730957,0.99689697265625,0.014513015747070312,0.013938546180725098,-0.006309986114501953,0.02108854239799718,109,P003,0.0,0.0,0.0,0.0,0.0,0.0,0.0,0.0,0.0,0.0,0.0,0.0,0.0,0.0,0.0,0.0,0.0,0.0,0.096435546875,0.314453125,0.211669921875,0.0,0.0,0.0,0.0,0.0
132.80173583984376,53.52058909836549,799.7860783630372,3262,0.0496240234375,0.0,0.0,0.0,0.0,0.0,0.09423828125,0.0,0.0,57.71484375,0.0,0.0,14.564453124999998,0.0,0.0,0.0,0.0,0.0,25.27587890625,0.0,0.0,0.0,0.0,0.6748046875,0.0,101.26431274414062,51.689823150634766,0.0,208.0,208.0,7.576637268066406,0.9970166015625,0.0008487701416015625,0.0008656978607177734,-0.0003466606140136719,0.0012609588100465463,110,P003,0.0,0.0,0.0,0.0,0.0,0.0,0.0,0.0,0.0,0.0,0.0,0.0,0.0,0.0,0.0,0.0,0.0,0.0,0.110595703125,1.141845703125,0.42333984375,0.0,0.0,0.0,0.0,0.0
133.3980859375,54.608273184954456,831.0360100450276,3305,0.0508203125,0.0,0.0,0.0,0.0,0.0,0.0859375,0.0,0.0,58.62890625,0.0,0.0,15.12353515625,0.0,0.0,0.0,0.0,0.0,22.857421875,0.0,0.0,0.0,0.0,0.784912109375,0.0,100.95744323730469,51.584381103515625,0.0,208.0,208.0,7.577658653259277,0.99724609375,0.027016162872314453,0.030100226402282715,-0.010040521621704102,0.04167383783920083,111,P003,0.0,0.0,0.0,0.0,0.0,0.0,0.0,0.0,0.0,0.0,0.0,0.0,0.0,0.0,0.0,0.0,0.0,0.0,0.097412109375,2.018798828125,0.40307617187500006,0.0,0.0,0.0,0.0,0.0
132.6571826171875,56.22824714521422,885.8571176505088,3412,0.05551513671875,0.0,0.0,0.0,0.0,0.0,0.1494140625,0.0,0.0,55.71826171874999,0.0,0.0,16.172119140625,0.0,0.0,0.0,0.0,0.0,21.93798828125,0.0,0.0,0.0,0.0,0.702880859375,0.0,98.27473449707031,51.27498245239258,0.0,208.0,208.0,7.573275566101074,0.99713134765625,0.03825187683105469,0.04928481578826904,-0.012095928192138672,0.06354927715726723,112,P003,0.0,0.0,0.0,0.0,0.0,0.0,0.0,0.0,0.0,0.0,0.0,0.0,0.0,0.0,0.0,0.0,0.0,0.0,0.10644531250000001,4.596923828125,0.615966796875,0.0,0.0,0.0,0.0,0.0
131.87709228515624,57.597434165961126,951.6889884506226,3572,0.06043212890625,0.0,0.0,0.0,0.0,0.0,0.3369140625,0.0,0.0,51.742431640625,0.0,0.0,17.2919921875,0.0,0.0,0.0,0.0,0.0,21.744384765625,0.0,0.0,0.0,0.0,0.374755859375,0.0,94.65718841552734,50.16121292114258,0.0,208.0,208.0,7.55660343170166,0.99753173828125,0.018802642822265625,0.026882052421569824,-0.005270481109619141,0.03322592497771247,113,P003,0.0,0.0,0.0,0.0,0.0,0.0,0.0,0.0,0.0,0.0,0.0,0.0,0.0,0.0,0.0,0.0,0.0,0.0,0.133056640625,7.786376953125,0.590087890625,0.0,0.0,0.0,0.0,0.0
131.83018310546876,58.745014271622345,982.7002853264752,3653,0.0624169921875,0.0,0.0,0.0,0.0,0.0,0.45263671875,0.0,0.0,50.17675781249999,0.0,0.0,17.963623046875,0.0,0.0,0.0,0.0,0.0,20.803466796875,0.0,0.0,0.0,0.0,0.23315429687500003,0.0,92.98745727539062,49.3053092956543,0.0,208.0,208.0,7.540266036987305,0.997802734375,0.0672001838684082,0.11251085996627808,-0.015560388565063477,0.13197228502452726,114,P003,0.0,0.0,0.0,0.0,0.0,0.0,0.0,0.0,0.0,0.0,0.0,0.0,0.0,0.0,0.0,0.0,0.0,0.0,0.145263671875,9.68017578125,0.544921875,0.0,0.0,0.0,0.0,0.0
132.67404541015625,59.23000776231021,981.0618483589591,3693,0.065078125,0.0,0.0,0.0,0.0,0.0,0.682861328125,0.0,0.0,43.77685546875,0.0,0.0,17.61376953125,0.06591796875,0.0,0.0,0.0,0.0,23.6201171875,0.0,0.0,0.0,0.0,0.0302734375,0.0,93.58617401123047,47.8437614440918,0.0,208.0,208.0,7.531730651855469,0.99857421875,0.07109737396240234,0.16462182998657227,-0.009068727493286133,0.17954783571746297,115,P003,0.0,0.0,0.0,0.0,0.0,0.0,0.0,0.0,0.0,0.0,0.0,0.0,0.0,0.0,0.0,0.0,0.0,0.0,0.19189453125,13.520996093750002,0.497314453125,0.0,0.0,0.0,0.0,0.0
132.1547216796875,61.68069421416152,1039.977968063259,3665,0.06691650390625,0.0,0.0,0.0,0.0,0.0,0.793212890625,0.0,0.0,36.90478515625,0.0,0.0,16.341064453125,1.6015624999999998,2.53173828125,0.0,0.0,0.0,23.973876953125,0.0,0.0,0.0,0.0,0.0087890625,0.0,96.37237548828125,47.13798904418945,0.0,208.0,208.0,7.5107293128967285,0.99909423828125,0.024794578552246094,0.07813924551010132,-1.2874603271484375e-05,0.08197873492697237,116,P003,0.0,0.0,0.0,0.0,0.0,0.0,0.0,0.0,0.0029296875,0.0,0.0,0.0,0.0,0.0,0.0,0.0,0.0,0.0,0.239501953125,17.141357421875,0.461181640625,0.0,0.0,0.0,0.0,0.0
131.11890869140626,62.68817596750814,1120.1617798723637,3691,0.072431640625,0.0,0.0,0.0,0.0,0.0,0.82666015625,0.0,0.0,35.285400390625,0.0,0.0,16.500244140625,2.0986328125,3.408935546875,0.0,0.0,0.0,23.221923828125,0.0,0.0,0.0,0.0,0.005126953125,0.0,98.02082061767578,47.03958511352539,0.0,208.0,208.0,7.513364791870117,0.99906982421875,0.003681659698486328,0.013038575649261475,0.0002181529998779297,0.01355015364593068,117,P003,0.0,0.0,0.0,0.0,0.0,0.0,0.0,0.0,0.03173828125,0.0,0.0,0.0,0.0,0.0,0.0,0.0,0.0,0.0,0.25830078125,17.94384765625,0.41918945312500006,0.0,0.0,0.0,0.0,0.0
128.86081298828125,63.642416532934625,1237.9328160095213,3814,0.07613037109375,0.0,0.0,0.0,0.0,0.0,0.9594726562499999,0.0,0.0,35.359375,0.0,0.0,18.088134765625,2.24267578125,3.3085937500000004,0.0,0.0,0.0,22.5029296875,0.0,0.0,0.0,0.0,0.00390625,0.0,98.76769256591797,47.14373016357422,0.0,208.0,208.0,7.517847061157227,0.9990966796875,0.02099895477294922,0.08490467071533203,0.0028748512268066406,0.08751013644379489,118,P003,0.0,0.0,0.0,0.0,0.0,0.0,0.0,0.0,0.05810546875,0.0,0.0,0.0,0.0,0.0,0.0,0.0,0.0,0.0,0.22290039062500003,16.869140625,0.384765625,0.0,0.0,0.0,0.0,0.0
129.1240966796875,63.76752248780596,1355.4428885005952,3999,0.0795263671875,0.0,0.0,0.0,0.0,0.0,1.045166015625,0.0,0.0,34.647705078125,0.0,0.0,18.346923828125,2.503173828125,3.555419921875,0.0,0.0,0.0,22.241943359375,0.0,0.0,0.0,0.0,0.00146484375,0.0,100.40471649169922,47.18549346923828,0.0,208.0,208.0,7.517743110656738,0.99893310546875,0.027202129364013672,0.1699765920639038,0.013073444366455078,0.17263520104311894,119,P003,0.0,0.0,0.0,0.0,0.0,0.0,0.0,0.0,0.20849609374999997,0.0,0.0,0.0,0.0,0.0,0.0,0.0,0.0,0.0,0.203369140625,16.90673828125,0.339599609375,0.0,0.0,0.0,0.0,0.0
135.0204736328125,61.781818059558766,1350.5673368281784,4158,0.07795166015625,0.0,0.0,0.0,0.0,0.0,1.008056640625,0.0,0.0,33.191650390625,0.0,0.0,16.860595703125,2.707763671875,1.98486328125,0.0,0.0,0.0,24.8095703125,0.0,0.0,0.0,0.0,0.000732421875,0.0,102.21508026123047,47.118370056152344,0.0,208.0,208.0,7.519054412841797,0.99895263671875,0.006755352020263672,0.13446277379989624,0.017729759216308594,0.1357947594008989,120,P003,0.0,0.0,0.0,0.0,0.0,0.0,0.0,0.0,0.33447265625,0.0,0.0,0.0,0.0,0.0,0.0,0.0,0.0,0.0,0.178955078125,18.61376953125,0.3095703125,0.0,0.0,0.0,0.0,0.0
138.202041015625,60.69523046102607,1229.3432324767114,4125,0.0738134765625,0.0,0.0,0.0,0.0,0.0,1.0703125,0.0,0.0,32.215087890625,0.0,0.0,15.53955078125,2.697509765625,1.2421875,0.0,0.0,0.0,26.475341796875,0.0,0.0,0.0,0.0,0.0009765625,0.0,103.24861145019531,47.16667175292969,0.0,208.0,208.0,7.515073776245117,0.9990966796875,-0.0011053085327148438,0.045430392026901245,0.00770258903503418,0.04609199610033236,121,P003,0.0,0.0,0.0,0.0,0.0,0.0,0.0,0.0,0.35986328125,0.0,0.0,0.0,0.0,0.0,0.0,0.0,0.0,0.0,0.173828125,19.935791015625,0.28955078125,0.0,0.0,0.0,0.0,0.0
139.11136962890626,60.46818856029002,1184.546774852538,4114,0.0725927734375,0.0,0.0,0.0,0.0,0.0,1.103759765625,0.0,0.0,31.8134765625,0.0,0.0,15.132568359375002,2.706298828125,1.074462890625,0.0,0.0,0.0,27.206054687499996,0.0,0.0,0.0,0.0,0.000244140625,0.0,103.5074234008789,47.193138122558594,0.0,208.0,208.0,7.5143208503723145,0.99908203125,-0.005366802215576172,0.0662565529346466,0.013150930404663086,0.06776193875112366,122,P003,0.0,0.0,0.0,0.0,0.0,0.0,0.0,0.0,0.3662109375,0.0,0.0,0.0,0.0,0.0,0.0,0.0,0.0,0.0,0.173583984375,20.137939453125,0.285400390625,0.0,0.0,0.0,0.0,0.0
140.81913330078126,59.84810884607764,1102.4683149951693,3910,0.0741357421875,0.0,0.0,0.0,0.0,0.0,0.94580078125,0.0,0.0,31.27978515625,0.0,0.0,14.338378906249998,2.59814453125,0.89990234375,0.0,0.0,0.0,27.5634765625,0.0,0.0,0.0,0.0,0.000244140625,0.0,104.1607894897461,47.17465591430664,0.0,208.0,208.0,7.517246246337891,0.9992724609375,-0.03041362762451172,0.1474849097430706,0.038604736328125,0.15545775314910543,123,P003,0.0,0.0,0.0,0.0,0.0,0.0,0.0,0.0,0.362060546875,0.0,0.0,0.0,0.0,0.0,0.0,0.0,0.0,0.0,0.177978515625,21.5498046875,0.284423828125,0.0,0.0,0.0,0.0,0.0
143.9940478515625,57.96752402444884,947.6792516058921,3698,0.0694775390625,0.0,0.0,0.0,0.0,0.0,0.703857421875,0.0,0.0,31.076171875000004,0.0,0.0,12.645263671875002,2.174072265625,0.67626953125,0.0,0.0,0.0,26.67236328125,0.0,0.0,0.0,0.0,0.00146484375,0.0,105.9710464477539,47.22047805786133,0.0,208.0,208.0,7.525489807128906,0.999609375,-0.04751920700073242,0.12447795644402504,0.04318118095397949,0.1400623113583357,124,P003,0.0,0.0,0.0,0.0,0.0,0.0,0.0,0.0,0.339111328125,0.0,0.0,0.0,0.0,0.0,0.0,0.0,0.0,0.0,0.185791015625,25.35498046875,0.170654296875,0.0,0.0,0.0,0.0,0.0
144.22541259765626,57.34798040595053,876.0151479091109,3447,0.0663671875,0.0,0.0,2.1357421875,0.0,0.0,0.542236328125,0.0,0.0,35.809814453125,0.0,0.0,11.3681640625,1.7861328125,0.59228515625,0.0,0.0,0.0,24.0732421875,0.0,0.0,0.0,0.0,0.00048828125,0.0,107.82752990722656,47.22665786743164,0.0,208.0,208.0,7.528368949890137,0.99981201171875,-0.06350994110107422,0.11166514456272125,0.04813838005065918,0.13718571632198834,125,P003,0.0,0.0,0.0,0.0,0.0,0.0,0.0,0.0,0.282470703125,0.0,0.0,0.0,0.0,0.0,0.0,0.0,0.0,0.0,0.1806640625,23.197509765625,0.03125,0.0,0.0,0.0,0.0,0.0
146.116455078125,56.73815304079261,810.9573898713528,3353,0.062998046875,0.0,0.0,4.36865234375,0.0,0.0,0.41088867187499994,0.0,0.0,42.064208984375,0.0,0.0,10.516845703125,1.378662109375,0.57421875,0.0,0.0,0.0,20.032470703125,0.0,0.0,0.0,0.0,0.0,0.0,108.32627868652344,47.686702728271484,0.0,208.0,208.0,7.543811321258545,0.9991943359375,-0.1092066764831543,0.12701880931854248,0.06895995140075684,0.18115007868171443,126,P003,0.0,0.0,0.0,0.0,0.0,0.0,0.0,0.0,0.137939453125,0.0,0.0,0.0,0.0,0.0,0.0,0.0,0.0,0.0,0.149658203125,20.366455078125,0.0,0.0,0.0,0.0,0.0,0.0
148.13642822265626,55.5983993026404,778.6296783992705,3204,0.060205078125,0.0,0.0,6.552978515625001,0.0,0.0,0.379150390625,0.0,0.0,50.49169921875,0.0,0.0,9.817138671875,0.89013671875,0.595458984375,0.0,0.0,0.0,14.123046875,0.0,0.05859375,0.0,0.0,0.0009765625,0.0,105.4002456665039,48.76441955566406,0.0,208.0,208.0,7.553792476654053,0.99837890625,-0.204986572265625,0.12379622459411621,0.10222363471984863,0.2603740991886563,127,P003,0.0,0.0,0.0,0.0,0.0,0.0,0.0,0.0,0.000244140625,0.0,0.0,0.0,0.0,0.0,0.0,0.0,0.0,0.0,0.13818359375,16.952392578125,0.0,0.0,0.0,0.0,0.0,0.0
153.669130859375,53.0771445139281,721.6809110946416,3096,0.0565771484375,0.0,0.0,4.735107421875,0.0,0.0,0.343994140625,0.0,0.0,65.29833984375,0.0,0.0,8.79541015625,0.367919921875,0.026611328125000003,0.0,0.0,0.0,7.22216796875,0.0,1.9384765625000002,0.0,0.0,0.006103515625,0.0,102.330078125,50.308502197265625,0.0,208.0,208.0,7.5716047286987305,0.99710205078125,-0.20571327209472656,0.08884072303771973,0.1128774881362915,0.25090227522631686,128,P003,0.0,0.0,0.0,0.317626953125,0.0,0.0,0.0,0.0,0.0,0.0,0.0,0.0,0.39404296875,0.0,0.0,0.0,0.0,0.0,0.14208984375,10.412109375,0.0,0.0,0.0,0.0,0.0,0.0
161.1684765625,50.01021037763264,662.9507915878296,3074,0.053427734375,0.0,0.0,0.0,0.0,0.0,0.297607421875,0.0,0.0,77.20361328125,0.0,0.0,7.722412109375,0.08447265625,0.0,0.0,0.0,0.0,3.881103515625,0.0,3.4252929687500004,0.0,0.0,0.01123046875,0.0,101.23974609375,51.335113525390625,0.0,208.0,208.0,7.560267925262451,0.99662841796875,-0.1269540786743164,0.02663320302963257,0.0988762378692627,0.1631048006983276,129,P003,0.0,0.0,0.0,0.44091796874999994,0.0,0.24926757812500003,0.0,0.0,0.0,0.0,0.0,0.0,0.546875,0.0,0.0,0.0,0.0,0.0,0.135986328125,6.001220703125,0.0,0.0,0.0,0.0,0.0,0.0
161.9294677734375,49.1779697208931,703.0595872188568,3193,0.05370361328125,0.0,0.0,0.0,0.0,0.0,0.41455078125,0.0,0.0,78.22998046875,0.0,0.0,7.15771484375,0.173095703125,0.0,0.0,0.0,0.0,3.6303710937499996,0.0,5.03173828125,0.0,0.0,0.126220703125,0.0,101.5284652709961,52.03571319580078,0.0,208.0,208.0,7.561497688293457,0.99643310546875,-0.10153341293334961,0.005376756191253662,0.08250439167022705,0.13093860429189133,130,P003,0.0,0.0,0.0,0.602294921875,0.0,0.583740234375,0.0,0.0,0.0,0.0,0.0,0.0,0.7431640625,0.0,0.0,0.0,0.0,0.0,0.119873046875,3.1872558593750004,0.0,0.0,0.0,0.0,0.0,0.0
161.10318115234375,48.845008287509096,629.1124064907076,3239,0.05040283203125,0.0,0.0,0.0,0.0,0.0,0.357421875,0.0,0.0,78.032470703125,0.0,0.0,6.620849609375,0.354248046875,0.0,0.0,0.0,0.0,4.14892578125,0.0,6.490234374999999,0.0,0.0,0.189208984375,0.0,103.12220764160156,52.41997146606445,0.0,208.0,208.0,7.553858757019043,0.996064453125,-0.0355682373046875,0.0003383159637451172,0.025848865509033203,0.04397019229839659,131,P003,0.0,0.0,0.0,0.7817382812500001,0.0,0.9296875,0.0,0.0,0.0,0.0,0.0,0.0,0.9614257812500001,0.0,0.0,0.0,0.0,0.0,0.0703125,1.0634765625,0.0,0.0,0.0,0.0,0.0,0.0
160.418232421875,48.68613097401988,590.7301462287666,3243,0.0500634765625,0.0,0.0,0.0,0.0,0.0,0.30224609375,0.0,0.0,77.749267578125,0.0,0.0,6.222412109375,0.45849609375,0.0,0.0,0.0,0.0,4.702392578125,0.0,6.98583984375,0.0,0.0,0.2060546875,0.0,103.29418182373047,52.333091735839844,0.0,208.0,208.0,7.552155494689941,0.99634521484375,-0.007900238037109375,2.5093555450439453e-05,0.005441427230834961,0.009592889087130485,132,P003,0.0,0.0,0.0,0.8471679687500001,0.0,1.046630859375,0.0,0.0,0.0,0.0,0.0,0.0,1.04443359375,0.0,0.0,0.0,0.0,0.0,0.04541015625,0.3896484375,0.0,0.0,0.0,0.0,0.0,0.0
160.10338623046874,48.30211752987007,572.5229621032713,3125,0.047841796875,0.0,0.0,0.0,0.0,0.0,0.21899414062500003,0.0,0.0,79.295654296875,0.0,0.0,5.895751953125,0.228271484375,0.0,0.0,0.0,0.0,3.634521484375,0.0,6.990722656249999,0.0,0.0,0.23291015624999997,0.0,103.88926696777344,51.85638427734375,0.0,208.0,208.0,7.57621431350708,0.99675537109375,-0.07955217361450195,3.2782554626464844e-06,0.04784238338470459,0.09283017820443887,133,P003,0.0,0.0,0.0,0.814208984375,0.0,1.259521484375,0.0,0.0,0.0,0.0,0.0,0.0,1.03173828125,0.0,0.0,0.0,0.0,0.0,0.0380859375,0.359619140625,0.0,0.0,0.0,0.0,0.0,0.0
158.97459228515626,51.216829504251415,442.6451190247477,2555,0.0416943359375,0.0,0.0,0.0,0.0,0.0,0.019287109375,0.0,0.0,81.4404296875,0.0,0.0,4.386962890625,0.0,0.0,0.0,0.0,0.0,0.611572265625,0.0,8.16650390625,0.0,0.0,0.257568359375,0.0,105.06193542480469,50.7056999206543,0.0,208.0,208.0,7.580626487731934,0.99792724609375,-0.09299087524414062,5.960464477539063e-08,0.04342019557952881,0.10262853532443797,134,P003,0.0,0.0,0.0,0.9169921875,0.0,2.552490234375,0.00830078125,0.023193359375,0.0,0.0,0.0,0.0,1.2275390625,0.0,0.0,0.0,0.0,0.119873046875,0.0,0.269287109375,0.0,0.0,0.0,0.0,0.0,0.0
162.27966796875,48.47269053016869,291.6696126393736,1861,0.0329443359375,0.0,0.0,0.0,0.0,0.0,0.000732421875,0.0,0.0,82.86962890625,0.0,0.0,1.67724609375,0.0,0.0,0.0,0.0,0.0,0.395751953125,0.0,9.21240234375,0.0,0.0,0.056396484375,0.0,104.58238220214844,50.021728515625,0.0,208.0,208.0,7.574805736541748,0.9978955078125,-0.1118922233581543,-5.960464477539063e-08,0.04252517223358154,0.11970070977872445,135,P003,0.0,0.0,0.0,1.190185546875,0.0,2.114013671875,0.0224609375,0.13623046875,0.0,0.0,0.0,0.0,1.686767578125,0.0,0.0,0.0,0.0,0.1357421875,0.0,0.50244140625,0.0,0.0,0.0,0.0,0.0,0.0
165.2822509765625,44.47637185879899,209.25547702863216,1961,0.03106689453125,0.0,0.0,0.0,0.0,0.0,0.0,0.0,0.0,81.894775390625,0.0,0.0,0.0,0.0,0.0,0.0,0.0,0.0,0.373291015625,0.0,11.9619140625,0.0,0.0,0.0,0.0,105.08263397216797,50.16960144042969,0.0,208.0,208.0,7.565688133239746,0.9980029296875,-0.11394453048706055,0.0,0.038550734519958496,0.12028929777808577,136,P003,0.0,0.0,0.0,1.689208984375,0.0,0.513671875,0.0,0.069580078125,0.0,0.0,0.0,0.0,2.4970703125,0.0,0.0,0.0,0.0,0.152099609375,0.0,0.848388671875,0.0,0.0,0.0,0.0,0.0,0.0
160.307109375,48.17305550414282,184.77713638494018,2056,0.03307373046875,0.0,0.0,0.0,0.0,0.0,0.0,0.0,0.0,76.41845703125,0.0,0.0,0.0,0.0,0.0,0.0,0.0,0.0,0.080322265625,0.0,16.36962890625,0.0,0.0,0.0,0.0,107.40251159667969,50.48616027832031,0.0,208.0,208.0,7.560052394866943,0.99789306640625,-0.1579141616821289,0.0,0.054773569107055664,0.16714372956379475,137,P003,0.0,0.0,0.0,2.292236328125,0.0,0.0,0.0,0.0,0.0,0.0,0.0,0.0,3.4045410156249996,0.0,0.0,0.0,0.0,0.071533203125,0.0,1.36328125,0.0,0.0,0.0,0.0,0.0,0.0
151.77177490234374,56.090768685781356,183.48304383637904,2047,0.03198486328125,0.0,0.0,0.0,0.0,0.0,0.0,0.0,0.0,70.620361328125,0.0,0.0,0.0,0.0,0.0,0.0,0.0,0.0,0.036865234375,0.0,23.97705078125,0.0,0.0,0.0,0.0,109.1070327758789,50.60898971557617,0.0,208.0,208.0,7.546638488769531,0.99763916015625,-0.11934947967529297,-2.980232238769531e-07,0.05032169818878174,0.12952440545107638,138,P003,0.0,0.0,0.0,2.797607421875,0.0,0.0,0.0,0.0,0.0,0.0,0.0,0.0,0.0,0.0,0.0,0.0,0.0,0.0,0.0,2.568115234375,0.0,0.0,0.0,0.0,0.0,0.0
147.11630859375,61.13981529497131,173.376562477088,2068,0.02978271484375,0.0,0.0,0.0,0.0,0.0,0.0,0.0,0.0,67.023193359375,0.0,0.0,0.0,0.0,0.0,0.0,0.0,0.0,0.11279296875,0.0,28.769042968750004,0.0,0.0,0.0,0.0,110.17333221435547,50.53765106201172,0.0,208.0,208.0,7.4881792068481445,0.99901123046875,-0.08027505874633789,-4.112720489501953e-06,0.04348635673522949,0.09129703333485766,139,P003,0.0,0.0,0.0,0.0,0.0,0.0,0.0,0.0,0.0,0.0,0.0,0.0,0.0,0.0,0.0,0.0,0.0,0.0,0.0,4.082763671875,0.0,0.0,0.0,0.0,0.0,0.01220703125
143.2388720703125,64.31646421438506,178.13876695751543,2029,0.0307861328125,0.0,0.0,0.0,0.0,0.0,0.0,0.0,0.0,64.38720703125,0.0,0.0,0.0,0.0,0.0,0.0,0.0,0.0,0.43359375000000006,0.0,29.513427734374996,0.0,0.0,0.0,0.0,110.21737670898438,50.73975372314453,0.0,208.0,208.0,7.431560516357422,0.9972021484375,-0.08813095092773438,0.0005764365196228027,0.06167447566986084,0.10756922301309113,140,P003,0.0,0.0,0.0,0.0,0.0,0.0,0.0,0.0,0.0,0.0,0.0,0.0,0.0,0.0,0.0,0.0,0.0,0.0,0.0,5.586669921875,0.0,0.0,0.0,0.0,0.0,0.0791015625
138.76493896484374,68.48811215505692,182.03730165466663,1526,0.03043212890625,0.0,0.0,0.0,0.0,0.0,0.0,0.0,0.0,61.94189453125,0.0,0.0,0.0,0.0,0.0,0.0,0.0,0.0,0.915283203125,0.0,29.3623046875,0.0,0.0,0.0,0.0,112.2947006225586,50.4810905456543,0.0,208.0,208.0,7.384119510650635,0.99702392578125,-0.1497359275817871,0.013615727424621582,0.12034380435943604,0.19258470159849667,141,P003,0.0,0.0,0.0,0.0,0.0,0.0,0.0,0.0,0.0,0.0,0.0,0.0,0.0,0.0,0.0,0.0,0.0,0.0,0.0,7.701171875,0.0,0.0,0.0,0.0,0.0,0.079345703125
140.37622314453125,73.48143530554836,160.69474576177595,955,0.0219189453125,0.0,0.0,0.0,0.0,0.0,0.0,0.0,0.0,71.2060546875,0.0,0.0,0.0,0.0,0.0,0.0,0.0,0.0,0.165283203125,0.0,15.733398437500002,0.0,0.0,0.0,0.0,116.1557846069336,50.238277435302734,0.0,208.0,208.0,7.383407115936279,0.9954736328125,-0.15700387954711914,0.045538127422332764,0.10580933094024658,0.19472943731239387,142,P003,0.0,0.0,0.0,0.0,0.0,0.0,0.0,0.0,0.0,0.0,0.0,0.0,0.0,0.0,0.0,0.0,0.0,0.0,0.0,12.77197265625,0.0,0.0,0.0,0.0,0.0,0.123291015625
141.88777587890624,77.6809252232465,231.73299308106903,1686,0.02505126953125,0.0,0.0,0.2822265625,0.0,0.0,0.0,0.0,0.0,75.771484375,0.0,0.0,0.0,0.0,0.10302734375,0.0,0.0,0.0,1.385986328125,0.0,5.467529296875,0.0,0.0,0.0,0.0,111.50616455078125,52.24530792236328,0.0,208.0,208.0,7.460159778594971,0.99445068359375,-0.14823627471923828,0.029691994190216064,0.14324724674224854,0.20826757155367212,143,P003,0.0,0.0,0.0,0.0,0.0,0.0,0.0,0.0,0.0,0.0,0.0,0.0,0.0,0.0,0.767578125,0.0,0.0,0.0,0.89306640625,15.000732421874998,0.0,0.0,0.0,0.0,0.154052734375,0.17431640625
145.7216162109375,76.16065499112337,324.8425799899042,2698,0.02951416015625,0.0,0.0,1.293701171875,0.0,0.0,0.0,0.0,0.0,75.109619140625,0.0,0.1474609375,1.095703125,0.0,0.12890625,0.0,0.0,0.0,4.577392578125,0.0,0.0,0.0,0.0,0.013916015624999998,0.0,109.1475601196289,52.048545837402344,0.0,208.0,208.0,7.469237327575684,0.9953076171875,-0.12486124038696289,0.005157053470611572,0.16221046447753906,0.20476610885956847,144,P003,0.0,0.0,0.0,0.0,0.0,0.0,0.0,0.0,0.0,0.0,0.0,0.0,0.0,0.0,3.060791015625,0.0,0.0,0.0,0.7905273437500001,13.565185546875,0.0,0.0,0.0,0.0,0.12451171874999999,0.09228515625
145.0026220703125,76.48254650495471,477.77589125154014,3321,0.03773681640625,0.0,0.79150390625,3.108154296875,0.0,0.0,0.0,0.0,0.0,65.190673828125,0.0,0.1484375,1.13134765625,0.0,0.27099609375,0.0,0.0,0.0,9.820556640625,0.0,0.0,0.0,0.0,0.058837890625,0.0,109.25851440429688,50.13356018066406,0.0,208.0,208.0,7.540807723999023,0.998544921875,-0.11068248748779297,-0.003038167953491211,0.15919852256774902,0.1939175419830634,145,P003,0.0,0.0,0.0,0.0,0.06225585937499999,0.61328125,0.0,0.0,0.0,0.096435546875,1.8991699218750002,0.85888671875,0.0,0.0,3.025146484375,0.0,0.0,0.0,0.710693359375,12.098876953125,0.0,0.0,0.0,0.0,0.0966796875,0.01806640625
147.89949462890624,77.49271569054838,670.8919980701867,3842,0.0466259765625,0.0,3.5129394531249996,4.35693359375,0.0,0.0,0.0,0.0,0.0,57.85449218749999,0.0,0.15283203125,1.00830078125,0.0,0.588134765625,0.0,0.0,0.0,10.475830078125,0.0,0.0,0.0,0.0,0.34423828125,0.0,105.57255554199219,49.46244812011719,0.0,208.0,208.0,7.531791687011719,0.9973779296875,-0.0813286304473877,-0.004622399806976318,0.12181895971298218,0.14654545934956997,146,P003,0.0,0.0,0.0,0.0,0.271240234375,0.879150390625,0.0,0.0,0.0,0.11328124999999999,3.65966796875,2.31689453125,0.0,0.0,2.988037109375,0.0,0.0,0.0,0.657958984375,10.73583984375,0.0,0.0,0.0,0.0,0.084228515625,0.0
146.0549755859375,78.91570630310396,846.8201403699817,3895,0.05828369140625,0.0,6.484375000000001,5.270751953125,0.0,0.0,0.0,0.0,0.0,53.63598632812499,0.0,0.173095703125,0.912109375,0.0,0.859619140625,0.0,0.0,0.0,6.61328125,0.0,0.0,0.0,0.0,0.64892578125,0.0,108.24446105957031,48.838043212890625,0.0,208.0,208.0,7.540661811828613,0.99816162109375,-0.06953263282775879,-0.004902184009552002,0.10607528686523438,0.1269282668264449,147,P003,0.0,0.0,0.0,0.0,0.3359375,1.47509765625,0.0,0.0,0.0,0.135986328125,5.96240234375,3.794189453125,0.0,0.0,3.14404296875,0.0,0.0,0.0,0.64501953125,9.8330078125,0.0,0.0,0.0,0.0,0.076171875,0.0
144.67399658203124,79.22936651367466,913.4428364179372,3874,0.0641552734375,0.0,7.37109375,5.239013671875,0.0,0.0,0.0,0.0,0.0,54.841064453125,0.0,0.189208984375,0.8505859375000001,0.0,0.590087890625,0.0,0.0,0.0,4.127685546875,0.0,0.0,0.0,0.0,0.883056640625,0.477294921875,107.06645202636719,48.49188232421875,0.0,208.0,208.0,7.531774997711182,0.9985107421875,-0.023371458053588867,-0.0017775893211364746,0.03591686487197876,0.04288829744321013,148,P003,0.0,0.0,0.0,0.0,0.372314453125,1.9091796875,0.0,0.0,0.0,0.158935546875,5.022216796875,4.53857421875,0.0,0.0,3.386474609375,0.0,0.0,0.0,0.6337890625,9.2470703125,0.0,0.092529296875,0.0,0.0,0.06982421875,0.0
143.88233642578126,79.28965961945138,923.7543111032246,3926,0.067021484375,0.0017089843750000002,7.170898437500001,5.082275390625,0.0,0.0,0.0,0.0,0.0,55.411865234375,0.0,0.197021484375,0.84033203125,0.0,0.3427734375,0.0,0.0,0.0,3.76513671875,0.0,0.0,0.0,0.0,0.9421386718750001,1.012451171875,106.41423797607422,48.448238372802734,0.0,208.0,208.0,7.528250217437744,0.99821044921875,-0.06940793991088867,-0.005511879920959473,0.10713735222816467,0.12777423521742726,149,P003,0.0,0.0,0.0,0.0,0.38720703125,1.9799804687499998,0.0,0.0,0.0,0.169189453125,4.507080078125,4.8349609375,0.0,0.0,3.54541015625,0.0,0.0,0.0,0.62646484375,9.02392578125,0.0,0.090087890625,0.0,0.0,0.069091796875,0.0
143.9916748046875,79.91028031136622,948.9120159616413,3898,0.07139892578125,0.006591796875,7.427490234375,5.052001953125,0.0,0.0,0.0,0.0,0.0,57.218994140625,0.0,0.23315429687500003,0.9003906250000001,0.0,0.11328124999999999,0.0,0.0,0.0,2.138427734375,0.0,0.0,0.0,0.0,1.03759765625,1.37841796875,104.89823913574219,48.41643142700195,0.0,208.0,208.0,7.540301322937012,0.99840576171875,-0.0353240966796875,-0.002873361110687256,0.054664477705955505,0.0651479326853372,150,P003,0.0,0.0,0.0,0.0,0.35595703125,2.36669921875,0.0,0.0,0.0,0.188720703125,4.05224609375,4.798583984375,0.0,0.0,3.747802734375,0.0,0.0,0.0,0.59716796875,8.2294921875,0.0,0.094482421875,0.0,0.0,0.0625,0.0
146.208515625,72.07581144498396,1916.3786518245697,4828,0.09157958984375,0.0,0.0,0.0,0.0,0.0,1.4541015625,0.0,0.0,58.63061523437501,0.0,0.0,29.482421874999996,0.0,0.0,0.0,0.0,0.0,0.0,0.0,0.0,0.0,0.0,10.1142578125,0.0,109.83660125732422,47.652225494384766,0.0,208.0,208.0,7.246998310089111,0.99937744140625,-0.008899211883544922,-0.009268045425415039,-0.11554563045501709,0.11625783997392673,0,P004,0.0,0.0,0.0,0.0,0.0,0.0,0.0,0.0,0.318603515625,0.0,0.0,0.0,0.0,0.0,0.0,0.0,0.0,0.0,0.0,0.0,0.0,0.0,0.0,0.0,0.0,0.0
135.4820947265625,75.45837659495793,2279.019292857147,4932,0.1049365234375,0.0,0.0,0.0,0.0,0.0,4.049560546875,0.0,0.0,50.521484375,0.0,0.0,34.94921875,0.0,0.0,0.0,0.0,0.0,0.0,0.0,0.0,0.0,0.0,10.153564453125,0.0,107.31550598144531,47.72248458862305,0.0,208.0,208.0,7.207850456237793,0.999130859375,-0.00855875015258789,-0.008913278579711914,-0.11112499237060547,0.11180993993639876,1,P004,0.0,0.0,0.0,0.0,0.0,0.0,0.0,0.0,0.326171875,0.0,0.0,0.0,0.0,0.0,0.0,0.0,0.0,0.0,0.0,0.0,0.0,0.0,0.0,0.0,0.0,0.0
122.7946728515625,78.74723605603717,2392.8863842429155,4902,0.11252197265625,0.0,0.0,0.0,0.0,0.0,8.830078125,0.0,0.0,42.367919921875,0.0,0.0,38.2763671875,0.0,0.0,0.0,0.0,0.0,0.0,0.0,0.0,0.0,0.0,10.228515625,0.0,105.98938751220703,47.3137321472168,0.0,208.0,208.0,7.1433563232421875,0.99923828125,-0.012812137603759766,-0.013343214988708496,-0.1663529872894287,0.1673783398063483,2,P004,0.0,0.0,0.0,0.0,0.0,0.0,0.0,0.0,0.297119140625,0.0,0.0,0.0,0.0,0.0,0.0,0.0,0.0,0.0,0.0,0.0,0.0,0.0,0.0,0.0,0.0,0.0
125.162197265625,75.14865775487624,2200.712720119261,4889,0.1045263671875,0.0,0.0,0.0,0.0,0.0,9.125732421875,0.0,0.0,44.63720703125,0.0,0.0,36.132080078125,0.0,0.0,0.0,0.0,0.0,0.0,0.0,0.0,0.0,0.0,9.83154296875,0.0,105.48751068115234,47.04316329956055,0.0,208.0,208.0,7.077475547790527,0.99919921875,0.06352853775024414,0.04542088508605957,-0.11714673042297363,0.14079164875616054,3,P004,0.0,0.0,0.0,0.0,0.0,0.0,0.0,0.0,0.2734375,0.0,0.0,0.0,0.0,0.0,0.0,0.0,0.0,0.0,0.0,0.0,0.0,0.0,0.0,0.0,0.0,0.0
107.257265625,73.52156452456913,2667.3809582923354,4950,0.120234375,0.0,0.0,0.0,0.0,0.0,9.9228515625,0.0,0.0,42.553955078125,0.0,0.0,42.539794921875,0.0,0.0,0.0,0.0,0.0,0.0,0.0,0.0,0.0,0.0,4.678955078125,0.0,110.61760711669922,47.564552307128906,0.0,208.0,208.0,7.271904945373535,0.9992041015625,0.0681157112121582,0.06361699104309082,-0.048726558685302734,0.10517199810133439,4,P004,0.0,0.0,0.0,0.0,0.0,0.0,0.0,0.0,0.304443359375,0.0,0.0,0.0,0.0,0.0,0.0,0.0,0.0,0.0,0.0,0.0,0.0,0.0,0.0,0.0,0.0,0.0
99.21407958984375,71.57630156558886,2712.8309903441364,4950,0.1178515625,0.0,0.0,0.0,0.0,0.0,10.434326171875,0.0,0.0,43.619140625,0.0,0.0,43.493408203125,0.345703125,0.0,0.0,0.0,0.0,0.0,0.0,0.0,0.0,0.0,1.539306640625,0.0,115.23171997070312,48.990203857421875,0.0,208.0,208.0,7.4462995529174805,0.9991845703125,0.06029939651489258,0.06178843975067139,-0.014933586120605469,0.08761758100577832,5,P004,0.0,0.0,0.0,0.0,0.0,0.0,0.0,0.0,0.308349609375,0.0,0.0,0.0,0.0,0.0,0.0,0.0,0.0,0.0,0.0,0.0,0.259765625,0.0,0.0,0.0,0.0,0.0
97.70380126953125,72.65365488109735,2640.641250235654,4921,0.11669189453125,0.0,0.0,0.0,0.0,0.0,11.2001953125,0.0,0.0,43.869140625,0.0,0.0,43.307861328125,0.01904296875,0.0,0.0,0.0,0.0,0.0,0.0,0.0,0.0,0.0,1.00927734375,0.0,101.28016662597656,51.66841506958008,0.0,208.0,208.0,7.509278774261475,0.99657470703125,0.02655792236328125,0.09829449653625488,0.007279396057128906,0.10207899341454363,6,P004,0.0,0.0,0.0,0.0,0.0,0.0,0.0,0.0,0.32177734375,0.0,0.0,0.0,0.0,0.0,0.0,0.0,0.0,0.0,0.0,0.0,0.272705078125,0.0,0.0,0.0,0.0,0.0
111.62818115234376,73.11743263637183,2339.7770645880696,4817,0.102109375,0.0,0.0,0.0,0.0,0.0,8.704345703125,0.0,0.0,52.92431640625001,0.0,0.0,37.113525390625,0.0,0.0,0.0,0.0,0.0,0.0,0.0,0.0,0.0,0.0,0.675537109375,0.0,93.39910888671875,49.41259002685547,0.0,208.0,208.0,7.5271406173706055,0.9975927734375,0.009761333465576172,0.12276220321655273,0.014516592025756836,0.12400231293669742,7,P004,0.0,0.0,0.0,0.0,0.0,0.0,0.0,0.0,0.327392578125,0.0,0.0,0.0,0.0,0.0,0.0,0.0,0.0,0.0,0.0,0.0,0.2548828125,0.0,0.0,0.0,0.0,0.0
119.8701708984375,69.24794516828197,1996.7038512933495,4656,0.0919482421875,0.0,0.0,0.0,0.0,0.0,5.912109375,0.0,0.0,60.959716796875,0.0,0.0,32.26318359375,0.0,0.0,0.0,0.0,0.0,0.0,0.0,0.0,0.0,0.0,0.266845703125,0.0,96.75544738769531,47.60890197753906,0.0,208.0,208.0,7.530483245849609,0.99911865234375,-0.008635520935058594,0.11011499166488647,0.01530313491821289,0.11150815911628566,8,P004,0.0,0.0,0.0,0.0,0.0,0.0,0.0,0.0,0.325439453125,0.0,0.0,0.0,0.0,0.0,0.0,0.0,0.0,0.0,0.0341796875,0.0,0.238525390625,0.0,0.0,0.0,0.0,0.0
120.4986767578125,66.88091448150094,1896.7654237270356,4484,0.09197265625,0.0,0.0,2.16455078125,0.0,0.0,4.21435546875,0.0,0.0,59.54467773437499,0.0,0.0,28.29150390625,0.0,0.0,0.0,0.0,0.0,0.0,0.0,0.0,0.0,0.0,0.11767578125,0.0,100.6374282836914,47.05471420288086,0.0,208.0,208.0,7.515639305114746,0.99955322265625,-0.03512096405029297,0.18626755475997925,0.02857828140258789,0.19169194620538793,9,P004,0.0,0.0,0.0,0.0,0.0,0.0,0.0,0.0,0.340576171875,0.0,0.0,0.0,0.0,0.0,0.0,0.0,0.0,0.0,0.11962890625000001,5.042724609375,0.164306640625,0.0,0.0,0.0,0.0,0.0
126.4027978515625,65.2201146088682,1656.7581396712724,4227,0.086708984375,0.0,0.0,7.079345703125001,0.0,0.0,2.75634765625,0.0,0.0,47.948486328125,0.0,0.0,22.216552734375,0.0,0.0,0.0,0.0,0.0,0.229248046875,0.0,0.0,0.0,0.0,0.04345703125,0.0,102.75006103515625,46.91782760620117,0.0,208.0,208.0,7.513628005981445,0.99936767578125,-0.025658607482910156,0.10077774524688721,0.016330480575561523,0.10526729155268194,10,P004,0.0,0.0,0.0,0.0,0.0,0.0,0.543701171875,0.0,0.365478515625,0.0,0.0,0.0,0.0,0.0,0.0,0.0,0.0,0.0,0.17138671875,18.64599609375,0.0,0.0,0.0,0.0,0.0,0.0
130.6775537109375,64.2681206441035,1467.606272827053,3999,0.08206787109375,0.0,0.0,8.537841796875,0.0,0.0,2.03564453125,0.0,0.0,41.3046875,0.0,0.0,19.167236328125,0.0,0.0,0.0,0.0,0.0,0.594970703125,0.0,0.0,0.0,0.0,0.031982421875,0.0,103.19779968261719,47.01327133178711,0.0,208.0,208.0,7.514957904815674,0.99939697265625,-0.030639171600341797,0.10830956697463989,0.017986774444580078,0.11398791685748712,11,P004,0.0,0.0,0.0,0.0,0.0,0.0,0.236328125,0.0,0.378662109375,0.0,0.0,0.0,0.0,0.0,0.0,0.0,0.0,0.0,0.17431640625,27.538330078125,0.0,0.0,0.0,0.0,0.0,0.0
134.1445556640625,63.22790558044505,1305.634836349672,3739,0.0777978515625,0.0,0.0,9.45703125,0.0,0.0,1.568115234375,0.0,0.0,37.026611328125,0.0,0.0,17.105224609375,0.0,0.0,0.0,0.0,0.0,0.940673828125,0.0,0.0,0.0,0.0,0.024658203125,0.0,103.14832305908203,47.36763381958008,0.0,208.0,208.0,7.522134304046631,0.9992333984375,-0.03497505187988281,0.11521276831626892,0.019533872604370117,0.1219787211607931,12,P004,0.0,0.0,0.0,0.0,0.0,0.0,0.14208984375,0.0,0.379150390625,0.0,0.0,0.0,0.0,0.0,0.0,0.0,0.0,0.0,0.177978515625,33.178466796875,0.0,0.0,0.0,0.0,0.0,0.0
136.24034912109374,61.88985955073856,1246.054146356052,3700,0.07813720703125,0.0,0.0,10.757080078125,0.0,0.0,1.303955078125,0.0,0.0,33.897216796875,0.0,0.0,16.059326171875,0.0,0.0,0.0,0.0,0.0,1.14794921875,0.0,0.0,0.0,0.0,0.01953125,0.0,103.6102066040039,47.809139251708984,0.0,208.0,208.0,7.531769752502441,0.99922119140625,-0.010432720184326172,0.03311052918434143,0.0056858062744140625,0.03517779393739378,13,P004,0.0,0.0,0.0,0.0,0.0,0.0,0.44287109375,0.0,0.361328125,0.0,0.0,0.0,0.0,0.0,0.0,0.0,0.0,0.0,0.154296875,35.8564453125,0.0,0.0,0.0,0.0,0.0,0.0
135.8667041015625,60.987846996158986,1280.7863189897298,3923,0.078564453125,0.0,0.0,11.013427734375,0.0,0.0,1.437255859375,0.0,0.0,34.367919921875,0.0,0.0,16.11865234375,0.00732421875,0.0,0.0,0.0,0.0,1.279541015625,0.0,0.0,0.0,0.0,0.033935546875,0.0,103.97000122070312,47.809818267822266,0.0,208.0,208.0,7.531833171844482,0.99965087890625,-0.014225959777832031,0.044388338923454285,0.007672309875488281,0.04723946340518123,14,P004,0.0,0.0,0.0,0.0,0.0,0.0,1.319091796875,0.0,0.3515625,0.0,0.0,0.0,0.0,0.0,0.0,0.0,0.0,0.0,0.136474609375,33.934814453125,0.0,0.0,0.0,0.0,0.0,0.0
135.52719482421875,60.7202063941082,1248.0747207068443,4051,0.0784423828125,0.0,0.0,11.1494140625,0.0,0.0,1.388916015625,0.0,0.0,33.850830078125,0.0,0.0,15.964599609375,0.131103515625,0.0,0.0,0.0,0.0,1.327392578125,0.0,0.0,0.0,0.0,0.02587890625,0.0,104.68138885498047,47.95802688598633,0.0,208.0,208.0,7.534510612487793,0.9996142578125,-0.03473091125488281,0.10509439557790756,0.018402099609375,0.11220385665614896,15,P004,0.0,0.0,0.0,0.0,0.0,0.0,2.65478515625,0.0,0.32763671875,0.0,0.0,0.0,0.0,0.0,0.0,0.0,0.0,0.0,0.123779296875,33.0556640625,0.0,0.0,0.0,0.0,0.0,0.0
137.238466796875,60.23765157100592,1173.4709923703135,3984,0.078701171875,0.0,0.0,12.565917968750002,0.0,0.0,1.286865234375,0.0,0.0,30.18115234375,0.0,0.0,14.806396484375,0.123291015625,0.0,0.0,0.0,0.0,1.26611328125,0.0,0.0,0.0,0.0,0.01513671875,0.0,105.3278579711914,48.56211853027344,0.0,208.0,208.0,7.55013370513916,0.99886474609375,-0.03578472137451172,0.1039919275790453,0.01856827735900879,0.11153317089340693,16,P004,0.0,0.0,0.0,0.0,0.0,0.0,3.09912109375,0.0,0.30908203125,0.0,0.0,0.0,0.0,0.0,0.0,0.0,0.0,0.0,0.10742187500000001,36.239501953125,0.0,0.0,0.0,0.0,0.0,0.0
138.6752880859375,59.349253888931635,1120.9941791931153,3809,0.0781201171875,0.0,0.0,14.342041015625002,0.0,0.0,1.25341796875,0.0,0.0,30.521240234375004,0.0,0.0,13.63427734375,0.021484375,0.0,0.0,0.0,0.0,1.0146484375,0.0,0.0,0.0,0.0,0.01611328125,0.0,106.95597839355469,49.14992141723633,0.0,208.0,208.0,7.561832904815674,0.99829345703125,-0.06854486465454102,0.18781333230435848,0.03470873832702637,0.20292102596337994,17,P004,0.0,0.0,0.0,0.0,0.0,0.0,2.321044921875,0.0,0.233642578125,0.0,0.0,0.0,0.0,0.0,0.0,0.0,0.0,0.0,0.094482421875,36.547607421875,0.0,0.0,0.0,0.0,0.0,0.0
142.4818115234375,59.19805118334456,1002.8661551937105,3645,0.06935302734375,0.0,0.0,15.57568359375,0.0,0.0,1.14599609375,0.0,0.0,44.54931640625,0.0,0.0,11.701171875,0.0,0.0,0.0,0.0,0.0,0.7548828125,0.0,0.0,0.0,0.0,0.004638671875,0.0,110.7230453491211,49.52089309692383,0.0,208.0,208.0,7.552731513977051,0.997861328125,-0.07461071014404297,0.18437981605529785,0.03669261932373047,0.20225979073859457,18,P004,0.0,0.0,0.0,0.0,0.0,0.0,1.4443359375,0.0,0.0400390625,0.0,0.0,0.0,0.0,0.0,0.0,0.0,0.0,0.0,0.07373046875,24.710205078125,0.0,0.0,0.0,0.0,0.0,0.0
152.34060546875,57.40154949475696,835.1123426985739,3326,0.0563037109375,0.0,0.0,12.21533203125,0.0,0.0,0.9492187500000001,0.0,0.0,61.60717773437499,0.0,0.0,10.01025390625,0.0,0.0,0.0,0.0,0.0,0.550048828125,0.0,0.187255859375,0.0,0.0,0.00048828125,0.0,109.0027084350586,50.73063278198242,0.0,208.0,208.0,7.537164688110352,0.996875,-0.0832676887512207,0.15077131986618042,0.04201149940490723,0.17728639250210032,19,P004,0.0,0.0,0.0,0.346435546875,0.0,0.0,0.982421875,0.0,0.0,0.0,0.0,0.0,0.50634765625,0.0,0.0,0.0,0.0,0.0,0.056396484375,12.588623046875,0.0,0.0,0.0,0.0,0.0,0.0
154.08626220703124,56.819752164874245,777.8063845729828,3241,0.05333984375,0.0,0.0,8.743408203125,0.0,0.0,0.796142578125,0.0,0.0,70.323486328125,0.0,0.0,8.639404296875,0.0,0.0,0.0,0.0,0.0,0.3115234375,0.0,2.129150390625,0.0,0.0,0.000244140625,0.0,100.04569244384766,50.93967056274414,0.0,208.0,208.0,7.5585103034973145,0.99706787109375,-0.10184097290039062,0.057268500328063965,0.0852959156036377,0.14466049256720526,20,P004,0.0,0.0,0.0,0.39453125,0.0,0.55859375,0.58349609375,0.0,0.0,0.0,0.0,0.0,0.44970703125000006,0.0,0.0,0.0,0.0,0.0,0.040771484375,7.029541015625,0.0,0.0,0.0,0.0,0.0,0.0
161.01607666015624,53.315641144621836,689.4990820175169,3066,0.048271484375,0.0,0.0,4.166259765625,0.0,0.0,0.6396484375,0.0,0.0,78.2451171875,0.0,0.0,7.275634765625,0.0,0.0,0.0,0.0,0.0,0.0,0.0,3.57275390625,0.0,0.0,0.0017089843750000002,0.0,99.08843994140625,50.97847366333008,0.0,208.0,208.0,7.564301490783691,0.99685302734375,-0.09186840057373047,0.03184175491333008,0.0822298526763916,0.12733989575587476,21,P004,0.0,0.0,0.0,0.4462890625,0.0,0.88916015625,0.167236328125,0.0,0.0,0.0,0.0,0.0,0.51806640625,0.0,0.0,0.0,0.0,0.0,0.029052734375,4.049072265625,0.0,0.0,0.0,0.0,0.0,0.0
167.84813720703124,49.155541423460264,624.706045865244,2801,0.04379150390625,0.0,0.0,0.5634765625,0.0,0.0,0.5478515625,0.0,0.0,84.013427734375,0.0,0.0,5.42822265625,0.0,0.0,0.0,0.0,0.0,0.0,0.0,4.88427734375,0.0,0.0,0.0,0.0,99.3099136352539,51.11446762084961,0.0,208.0,208.0,7.5687971115112305,0.9968896484375,-0.15144014358520508,-4.762411117553711e-05,0.14926362037658691,0.21263524572631262,22,P004,0.0,0.0,0.0,0.53271484375,0.0,1.210693359375,0.020263671875,0.0,0.0,0.0,0.0,0.0,0.6259765625,0.0,0.0,0.0,0.0,0.0,0.019287109375,2.15380859375,0.0,0.0,0.0,0.0,0.0,0.0
169.9131103515625,49.969270576493386,464.7262351093235,2056,0.03544921875,0.0,0.0,0.20678710937500003,0.0,0.0,0.33154296875,0.0,0.0,84.434326171875,0.0,0.0,3.005615234375,0.0,0.0,0.0,0.0,0.0,0.0,0.0,7.426025390625,0.0,0.0,0.0,0.0,103.34941101074219,50.8937873840332,0.0,208.0,208.0,7.581818580627441,0.99745849609375,-0.10941743850708008,-0.001675426959991455,0.08595728874206543,0.1391532909881607,23,P004,0.0,0.0,0.0,0.9011230468749999,0.0,1.93359375,0.0,0.0,0.0,0.0,0.0,0.0,1.103515625,0.0,0.0,0.0,0.003662109375,0.0,0.0,0.65380859375,0.0,0.0,0.0,0.0,0.0,0.0
165.89454833984374,54.35194200013143,412.2423607318641,2142,0.03885986328125,0.0,0.0,0.249755859375,0.0,0.0,0.11767578125,0.0,0.0,80.343505859375,0.0,0.0,1.94970703125,0.0,0.0,0.0,0.0,0.0,0.0,0.0,10.452880859375,0.0,0.0,0.0,0.0,103.57379150390625,50.54794692993164,0.0,208.0,208.0,7.583064079284668,0.9975830078125,-0.06814146041870117,-0.0010434985160827637,0.046056389808654785,0.08225289392692056,24,P004,0.0,0.0,0.0,1.349365234375,0.0,2.768798828125,0.0,0.0,0.0,0.0,0.0,0.0,1.720703125,0.0,0.0,0.0,0.00390625,0.0,0.0,1.043701171875,0.0,0.0,0.0,0.0,0.0,0.0
164.10321044921875,55.41186541310627,287.89128182525036,2007,0.03536865234375,0.0,0.0034179687500000004,0.12451171874999999,0.0,0.0,0.0,0.0,0.0,78.1455078125,0.0,0.0,0.0,0.0,0.0,0.0,0.0,0.0,0.0,0.0,12.949462890625,0.0,0.0,0.0,0.0,103.85783386230469,50.66469955444336,0.0,208.0,208.0,7.580670356750488,0.99756103515625,-0.15404844284057617,-0.001919567584991455,0.08783864974975586,0.17734214352820904,25,P004,0.0,0.0,0.0,1.67236328125,0.0,3.5100097656250004,0.0,0.0,0.0,0.0,0.0,0.0,2.18603515625,0.0,0.0,0.0,0.0,0.0,0.0,1.40869140625,0.0,0.0,0.0,0.0,0.0,0.0
157.92781005859376,59.082300095785484,262.4565281978606,2169,0.036005859375,0.0,0.0,0.047119140625,0.0,0.0,0.0,0.0,0.0,71.5078125,0.0,0.0,0.0,0.0,0.0,0.0,0.0,0.0,0.0,0.0,17.973876953125,0.0,0.0,0.0,0.0,104.96317291259766,50.919734954833984,0.0,208.0,208.0,7.575531482696533,0.9973876953125,-0.24179840087890625,-0.002116680145263672,0.11032438278198242,0.26578641131302966,26,P004,0.0,0.0,0.0,2.53369140625,0.0,3.0615234375,0.0,0.0,0.0,0.0,0.0,0.0,2.314697265625,0.0,0.0,0.0,0.0,0.0,0.0,2.561279296875,0.0,0.0,0.0,0.0,0.0,0.0
153.15470947265624,64.67567327000384,246.60886892089843,1825,0.03135986328125,0.0,0.0,0.126220703125,0.0,0.0,0.0,0.0,0.0,71.688232421875,0.0,0.0,0.0,0.0,0.0,0.0,0.0,0.0,0.0,0.0,20.736572265625,0.0,0.0,0.0,0.0,106.18548583984375,50.965579986572266,0.0,208.0,208.0,7.572309494018555,0.99738037109375,-0.2788209915161133,-0.0016977190971374512,0.10414886474609375,0.29764242571928723,27,P004,0.0,0.0,0.0,0.0,0.0,2.3388671875,0.0,0.0,0.0,0.0,0.0,0.0,0.0,0.0,0.0,0.0,0.0,0.0,0.0,5.078125,0.0,0.0,0.0,0.0,0.0,0.031982421875
148.391015625,72.19979939419676,259.1094300066888,1274,0.02986083984375,0.0,0.3603515625,0.6005859375,0.0,0.0,0.0,0.0,0.0,73.45361328125,0.0,0.0,0.0,0.0,0.0,0.0,0.0,0.0,0.0,0.0,15.837402343750002,0.0,0.0,0.0,0.0,107.35912322998047,50.946659088134766,0.0,208.0,208.0,7.548947334289551,0.99694580078125,-0.2770357131958008,-0.001197516918182373,0.08830118179321289,0.2907702170765661,28,P004,0.0,0.0,0.0,0.0,0.0,0.99951171875,0.0,0.0,0.0,0.0,0.0,0.0,0.0,0.0,0.0,0.0,0.0,0.0,0.0,8.63134765625,0.0,0.0,0.0,0.0,0.0,0.1171875
153.40462890625,71.722339446253,444.8755879709661,2660,0.037822265625,0.0,2.509521484375,1.499267578125,0.0,0.0,0.0,0.0,0.0,82.128173828125,0.0,0.0,0.0,0.0,0.0,0.0,0.0,0.0,0.234130859375,0.0,0.0,0.0,0.0,0.0,0.0,108.01976776123047,50.35970687866211,0.0,208.0,208.0,7.551109790802002,0.99734130859375,-0.21737432479858398,-0.0006965398788452148,0.061730146408081055,0.22597055831458715,29,P004,0.0,0.0,0.0,0.0,0.0,0.8750000000000001,0.0,0.0,0.0,0.0,0.0,0.0,0.0,0.0,0.9091796875,0.0,0.0,0.0,0.76611328125,10.811767578125,0.0,0.0,0.0,0.0,0.13232421875,0.134521484375
143.25234375,74.62031454076757,776.9322184599878,4103,0.0549609375,0.0,5.45947265625,4.100830078125,0.0,0.0,0.0,0.0,0.0,68.429931640625,0.0,0.13671875,1.408935546875,0.0,0.151611328125,0.0,0.0,0.0,3.4296874999999996,0.0,0.0,0.0,0.0,0.111083984375,0.10986328125,105.82398223876953,50.283958435058594,0.0,208.0,208.0,7.556125640869141,0.99711669921875,-0.13774633407592773,-0.000348508358001709,0.0363231897354126,0.1424554250352982,30,P004,0.0,0.0,0.0,0.0,0.06176757812499999,1.265625,0.0,0.0,0.0,0.095458984375,1.4326171875,0.953125,0.0,0.0,2.15625,0.0,0.0,0.0,0.723876953125,9.76416015625,0.0,0.0380859375,0.0,0.0,0.10839843750000001,0.0625
136.49994140625,75.73555381275489,912.7364291851459,4240,0.06328125,0.0,6.944824218749999,5.72998046875,0.0,0.0,0.131103515625,0.0,0.0,58.92163085937499,0.0,0.155029296875,1.58154296875,0.0,0.7824707031249999,0.0,0.0,0.0,4.3154296875,0.0,0.0,0.0,0.0,0.00146484375,0.559814453125,106.91187286376953,50.4072265625,0.0,208.0,208.0,7.5649871826171875,0.9971533203125,-0.1925368309020996,-0.00044161081314086914,0.048024892807006836,0.19843642962686686,31,P004,0.0,0.0,0.0,0.0,0.3974609375,1.4462890625,0.0,0.0,0.0,0.111572265625,3.506591796875,3.2954101562499996,0.0,0.0,2.337158203125,0.0,0.0,0.0,0.678955078125,8.939453125,0.0,0.04931640625,0.0,0.0,0.093017578125,0.021484375
138.92056640625,75.51271877730348,951.7541763899264,4117,0.0657373046875,0.0009765625,6.24658203125,5.71875,0.0,0.0,0.15771484375,0.0,0.0,57.4013671875,0.0,0.1787109375,1.8041992187500002,0.0,0.9677734375,0.0,0.0,0.0,4.5263671875,0.0,0.0,0.0,0.0,0.0034179687500000004,1.024658203125,106.1977767944336,50.00533676147461,0.0,208.0,208.0,7.575608253479004,0.9980615234375,-0.15042996406555176,-0.0003561973571777344,0.03573942184448242,0.15461761619911982,32,P004,0.0,0.0,0.0,0.0,0.489013671875,1.8999023437499998,0.0,0.0,0.0,0.1376953125,4.23388671875,4.469970703125,0.0,0.0,2.737060546875,0.0,0.0,0.0,0.56787109375,7.2978515625,0.0,0.068603515625,0.0,0.0,0.067626953125,0.0
144.80608642578125,73.58002165987138,877.8633052827776,3851,0.06185546875,0.00634765625,4.60302734375,4.4560546875,0.0,0.0,0.103759765625,0.0,0.0,63.42797851562501,0.0,0.2041015625,1.9990234375,0.0,0.774169921875,0.0,0.0,0.0,4.501708984375,0.0,0.0,0.0,0.0,0.002197265625,1.215087890625,103.01570129394531,50.32118606567383,0.0,208.0,208.0,7.571187973022461,0.99799072265625,-0.16607284545898438,-0.0004495978355407715,0.03795421123504639,0.17035525905451804,33,P004,0.0,0.0,0.0,0.0,0.3271484375,2.2265625,0.0,0.0,0.0,0.15869140625,3.2641601562499996,3.91943359375,0.0,0.0,3.1650390624999996,0.0,0.0,0.0,0.42578125000000006,5.090087890625,0.0,0.085205078125,0.0,0.0,0.04443359375,0.0
158.29215576171876,69.92529250720318,759.5007428193031,3393,0.05334228515625,0.0,3.1484375,3.1640625,0.0,0.0,0.11083984375,0.0,0.0,71.812744140625,0.0,0.223876953125,2.099853515625,0.0,0.788818359375,0.0,0.0,0.0,3.728271484375,0.0,0.0,0.0,0.0,0.0,0.9211425781249999,101.76884460449219,50.99681091308594,0.0,208.0,208.0,7.563584327697754,0.997041015625,-0.12871146202087402,-0.0004194974899291992,0.028487086296081543,0.13182689603922013,34,P004,0.0,0.0,0.0,0.0,0.120849609375,2.7705078125,0.0,0.0,0.0,0.17333984375,2.6630859375,3.041748046875,0.0,0.0,3.6188964843749996,0.0,0.0,0.0,0.219970703125,1.262451171875,0.0,0.115966796875,0.0,0.0,0.01513671875,0.0
169.9230517578125,65.78435868443736,503.62717651154986,2335,0.03986572265625,0.0,2.05859375,1.93017578125,0.0,0.0,0.12548828125,0.0,0.0,76.9990234375,0.0,0.237548828125,2.130126953125,0.0,0.5537109375,0.0,0.0,0.0,2.96044921875,0.0,0.0,0.0,0.0,0.0,0.329833984375,103.18582153320312,51.44142532348633,0.0,208.0,208.0,7.561509609222412,0.99650146484375,-0.04731869697570801,-0.00017577409744262695,0.010286152362823486,0.04842411496809652,35,P004,0.0,0.0,0.0,0.0,0.03369140625,3.67138671875,0.0,0.0,0.0,0.183837890625,2.3603515625,2.323974609375,0.0,0.0,3.94921875,0.0,0.0,0.0,0.0,0.0,0.0,0.152587890625,0.0,0.0,0.0,0.0
174.9901318359375,63.54678306547784,401.5044175292015,2046,0.03083740234375,0.0,1.404296875,1.5810546875000002,0.0,0.0,0.09765625,0.0,0.0,79.59228515625,0.0,0.246337890625,1.70703125,0.0,0.31884765625,0.0,0.0,0.0,2.798828125,0.0,0.0,0.0,0.0,0.000244140625,0.132568359375,104.6216812133789,51.326316833496094,0.0,208.0,208.0,7.56985330581665,0.99673828125,-0.06907939910888672,-0.00028139352798461914,0.014853298664093018,0.07065877896459291,36,P004,0.0,0.0,0.0,0.0,0.00390625,4.195556640625,0.0,0.0,0.0,0.1884765625,2.20458984375,1.8203125,0.0,0.0,3.5427246093750004,0.0,0.0,0.0,0.0,0.0,0.0,0.165283203125,0.0,0.0,0.0,0.0
185.12208984375,57.882804602743875,283.8364651607931,1100,0.02349365234375,0.0,1.377685546875,1.105712890625,0.0,0.0,0.0,0.0,0.0,87.762939453125,0.0,0.027587890624999997,0.34326171875,0.0,0.1015625,0.0,0.0,0.0,0.77880859375,0.0,0.0,0.0,0.0,0.0,0.7197265625,104.49772644042969,50.56625747680664,0.0,208.0,208.0,7.580629348754883,0.9976513671875,-0.11819601058959961,-0.0005652904510498047,0.024980604648590088,0.12080830716966426,37,P004,0.0,0.0,0.0,0.0,0.0,5.016845703125,0.0,0.0,0.0,0.0,0.753662109375,0.514404296875,0.0,0.0,1.3427734375,0.0,0.0,0.0,0.0,0.0,0.0,0.155029296875,0.0,0.0,0.0,0.0
188.2075927734375,56.84592428124336,255.05205907329918,1121,0.023994140625,0.085205078125,1.30322265625,1.9467773437499998,0.0,0.01611328125,0.0,0.0048828125,0.020263671875,87.251708984375,0.0,0.00927734375,0.06103515625,0.0,0.0,0.0,0.0,0.0,0.0,0.0,0.0,0.0,0.0,0.000732421875,2.258544921875,103.37814331054688,49.78472900390625,0.0,208.0,208.0,7.576336860656738,0.99798828125,-0.07588887214660645,-0.000431060791015625,0.015771150588989258,0.07751152120807658,38,P004,0.0,0.0,0.0,0.0,0.0,6.8955078125,0.0,0.0,0.0,0.0,0.0,0.0,0.0,0.0,0.0,0.0,0.0,0.0,0.0,0.0,0.0,0.146728515625,0.0,0.0,0.0,0.0
185.64419921875,60.8003438642183,384.8129074227752,1425,0.03107666015625,0.07763671875,1.578125,4.54248046875,0.00927734375,0.085205078125,0.089599609375,0.020263671875,0.05859375,82.315185546875,0.0,0.035888671875,0.767578125,0.0,0.0,0.0,0.0,0.02001953125,0.0478515625,0.0,0.0,0.15771484375,0.26318359375,0.092041015625,2.3662109375,102.55661010742188,49.44609832763672,0.0,208.0,208.0,7.570640563964844,0.9978369140625,-0.08261609077453613,-0.0005440711975097656,0.016946494579315186,0.0843379994241096,39,P004,0.0,0.0,0.0,0.0,0.0,7.3359375,0.0,0.0,0.0,0.0,0.0,0.0,0.0,0.0,0.0,0.0,0.0,0.0,0.0,0.0,0.0,0.13720703125,0.0,0.0,0.0,0.0
185.93693115234376,62.39279480915886,500.1680796335639,2127,0.035791015625,0.075439453125,1.607177734375,5.591064453125,0.009033203125,0.07373046875,0.23120117187500003,0.02880859375,0.80419921875,78.97314453125,0.0,0.091552734375,1.334716796875,0.0,0.0017089843750000002,0.0,0.0,0.016845703125,0.72265625,0.051513671875,0.0,0.13671875,1.116943359375,0.24853515625,2.18994140625,102.38807678222656,48.97439193725586,0.0,208.0,208.0,7.5664215087890625,0.9982861328125,-0.013037443161010742,-9.381771087646484e-05,0.0026544928550720215,0.01330526430617176,40,P004,0.0,0.0,0.0,0.0,0.0,6.556152343750001,0.0,0.0,0.0,0.0,0.0,0.0,0.0,0.0,0.0,0.0,0.0,0.0,0.0,0.0,0.0,0.138916015625,0.0,0.0,0.0,0.0
187.24333984375,61.64925248223924,551.9737424002589,2519,0.0385498046875,0.071044921875,1.519287109375,5.520263671875,0.00830078125,0.066650390625,0.25830078125,0.029052734375,1.808837890625,77.592041015625,0.040771484375,0.088623046875,1.677734375,0.0,0.001953125,0.0,0.099609375,0.03662109375,1.39697265625,0.1708984375,0.0,0.125244140625,1.308837890625,0.289794921875,2.059326171875,102.51446533203125,48.858192443847656,0.0,208.0,208.0,7.563560485839844,0.99835693359375,-0.05691957473754883,-0.00044095516204833984,0.011522233486175537,0.058075763398067255,41,P004,0.0,0.0,0.0,0.0,0.0,5.6953125,0.0,0.0,0.0,0.0,0.0,0.0,0.0,0.0,0.0,0.0,0.0,0.0,0.0,0.0,0.0,0.134521484375,0.0,0.0,0.0,0.0
190.31378662109375,61.51081894299941,550.9772941749336,2543,0.03770263671875,0.078125,1.6286621093749998,5.675537109375,0.0078125,0.068603515625,0.24731445312500003,0.03857421875,1.662109375,77.858154296875,0.014404296875,0.087646484375,1.646728515625,0.0,0.006591796875,0.0,0.07666015625,0.02880859375,1.308349609375,0.156494140625,0.0,0.13037109375,1.33251953125,0.309814453125,2.196533203125,102.56109619140625,48.8829231262207,0.0,208.0,208.0,7.565584182739258,0.998330078125,-0.12482571601867676,-0.0011731982231140137,0.02491617202758789,0.12729356386775573,42,P004,0.0,0.0,0.0,0.0,0.0,5.2919921875,0.0,0.0,0.0,0.0,0.0,0.0,0.0,0.0,0.0,0.0,0.0,0.0,0.0,0.0,0.0,0.148193359375,0.0,0.0,0.0,0.0
196.66265625,58.01636077986665,501.7540427206994,2045,0.0360009765625,0.1044921875,2.045654296875,6.204345703125,0.009521484375,0.079833984375,0.15380859375,0.071044921875,0.31884765625,79.935546875,0.0,0.100830078125,1.3037109375,0.0,0.01806640625,0.0,0.0,0.017822265625,0.8940429687499999,0.01171875,0.0,0.157958984375,0.838134765625,0.3125,2.7392578125,102.12500762939453,49.15462112426758,0.0,208.0,208.0,7.570552825927734,0.998271484375,-0.14028167724609375,-0.001785576343536377,0.02750396728515625,0.14296365087069776,43,P004,0.0,0.0,0.0,0.0,0.0,4.490234375,0.0,0.0,0.0,0.0,0.0,0.0,0.0,0.0,0.0,0.0,0.0,0.0,0.0,0.0,0.0,0.192626953125,0.0,0.0,0.0,0.0
206.0184912109375,50.21101877199857,412.6288967514037,1563,0.03067626953125,0.150146484375,2.3662109375,5.131103515625,0.01123046875,0.087158203125,0.036865234375,0.13623046875,0.0478515625,82.8994140625,0.0,0.036865234375,0.9326171875000001,0.0,0.02197265625,0.0,0.0,0.02099609375,0.733642578125,0.00146484375,0.0,0.134765625,0.053955078125,0.11938476562499999,3.64306640625,102.84461212158203,49.471317291259766,0.0,208.0,208.0,7.57582950592041,0.99831298828125,-0.14295363426208496,-0.0027201175689697266,0.027386009693145752,0.1455786183312647,44,P004,0.0,0.0,0.0,0.0,0.0,3.169189453125,0.0,0.0,0.0,0.0,0.0,0.0,0.0,0.0,0.0,0.0,0.0,0.0,0.0,0.0,0.0,0.265869140625,0.0,0.0,0.0,0.0
211.43612548828125,48.030949109824,411.1388066493928,1592,0.02873291015625,0.209716796875,2.8037109375,3.88818359375,0.0,0.025146484375,0.00048828125,0.21264648437500003,0.027343750000000003,84.234130859375,0.0,0.0302734375,0.494384765625,0.0,0.025634765625,0.0,0.0,0.0,0.89111328125,0.005126953125,0.0,0.0,0.0,0.126220703125,4.331298828125,102.60273742675781,49.8475456237793,0.0,208.0,208.0,7.5796098709106445,0.9980908203125,-0.061234474182128906,-0.0016445517539978027,0.0113677978515625,0.06230242536873968,45,P004,0.0,0.0,0.0,0.0,0.0,2.3330078125,0.0,0.0,0.0,0.0,0.0,0.0,0.0,0.0,0.0,0.0,0.0,0.0,0.0,0.0,0.0,0.361572265625,0.0,0.0,0.0,0.0
213.07585205078124,47.21638484605992,418.4046422804833,1596,0.02871826171875,0.231689453125,3.056640625,4.0869140625,0.0,0.015625,0.0,0.24169921875,0.024169921875,84.05029296875,0.0,0.006835937500000001,0.380615234375,0.0,0.02880859375,0.0,0.0,0.0,0.8408203125,0.006103515625,0.0,0.0,0.0,0.19189453125,4.57763671875,102.66527557373047,50.02178955078125,0.0,208.0,208.0,7.579929351806641,0.997998046875,-0.10728025436401367,-0.003977358341217041,0.019097566604614258,0.1090393938262663,46,P004,0.0,0.0,0.0,0.0,0.0,1.8591308593750002,0.0,0.0,0.0,0.0,0.0,0.0,0.0,0.0,0.0,0.0,0.0,0.0,0.0,0.0,0.0,0.401123046875,0.0,0.0,0.0,0.0
213.5012939453125,47.64381383110068,497.42009313296677,1848,0.03154296875,0.23583984375,3.4472656249999996,5.60205078125,0.0,0.028564453125,0.000244140625,0.2578125,0.035888671875,82.224853515625,0.0,0.04345703125,0.666015625,0.0,0.034912109375,0.0,0.0,0.0,1.401611328125,0.006103515625,0.0,0.013671875000000002,0.0,0.2763671875,5.254150390625,102.79651641845703,50.17729187011719,0.0,208.0,208.0,7.581845283508301,0.99787353515625,-0.08845877647399902,-0.004791915416717529,0.01461493968963623,0.08978593459317334,47,P004,0.0,0.0,0.0,0.0,0.0,0.0,0.0,0.0,0.0,0.0,0.0,0.0,0.0,0.0,0.0,0.0,0.0,0.0,0.0,0.0,0.0,0.47119140625,0.0,0.0,0.0,0.0
209.16896728515624,51.803643009545695,593.7957758659126,2446,0.03775146484375,0.2236328125,3.98876953125,7.25439453125,0.012939453125,0.10327148437500001,0.0107421875,0.24560546875,0.05517578124999999,77.731689453125,0.0,0.03955078125,1.12451171875,0.0,0.09375,0.0,0.0,0.02197265625,2.316650390625,0.005859375,0.0,0.236083984375,0.158447265625,0.385009765625,5.44140625,102.815673828125,50.09804916381836,0.0,208.0,208.0,7.580487251281738,0.99794921875,-0.14632153511047363,-0.012437999248504639,0.020797669887542725,0.14831466055364376,48,P004,0.0,0.0,0.0,0.0,0.0,0.0,0.0,0.0,0.0,0.0,0.0,0.0,0.0,0.0,0.0,0.0,0.0,0.0,0.0,0.0,0.0,0.550537109375,0.0,0.0,0.0,0.0
203.50168701171876,56.56980073813615,759.4499547934532,3094,0.04417724609375,0.22265624999999997,4.965576171875,8.288330078125,0.01171875,0.10034179687500001,0.06005859375,0.23388671875,0.14013671875,71.1953125,0.0,0.11279296875,1.5825195312499998,0.0,0.17578125,0.038818359375,0.0,0.019287109375,4.118408203125,0.006103515625,0.0,0.23486328124999997,0.8466796875,0.85791015625,5.974365234375,103.87910461425781,49.97593688964844,0.0,208.0,208.0,7.573740482330322,0.99783447265625,-0.1372593641281128,-0.0181618332862854,0.014648139476776123,0.13922842101849667,49,P004,0.0,0.0,0.0,0.0,0.0,0.0,0.0,0.0,0.0,0.0,0.0,0.0,0.0,0.0,0.0,0.0,0.0,0.0,0.0,0.0,0.0,0.814453125,0.0,0.0,0.0,0.0
198.38927978515625,60.31039080524102,913.1789207302095,3437,0.051435546875,0.230224609375,5.8740234375,8.717041015625,0.0107421875,0.109130859375,0.123779296875,0.23046875,0.271728515625,64.532958984375,0.0,0.11669921875,2.037353515625,0.0034179687500000004,0.1796875,0.126708984375,0.0,0.0166015625,6.06494140625,0.048828125,0.0,0.226318359375,1.37158203125,1.263916015625,6.904052734375001,106.07038879394531,49.61105728149414,0.0,208.0,208.0,7.567700386047363,0.99787841796875,-0.07000946998596191,-0.011611402034759521,0.005713403224945068,0.07119545997701632,50,P004,0.152099609375,0.01953125,0.00732421875,0.0,0.0,0.0,0.0,0.0,0.0,0.0,0.0,0.0,0.0,0.0,0.0,0.0,0.0,0.0,0.0,0.0,0.0,1.36083984375,0.0,0.0,0.0,0.0
195.43058837890624,61.50864666568469,995.4342862577199,3676,0.0546240234375,0.23779296875,6.378906249999999,8.635498046875,0.010009765625,0.1240234375,0.1474609375,0.23291015624999997,0.332275390625,60.697998046875,0.0,0.111083984375,2.273193359375,0.019775390625,0.182861328125,0.162109375,0.0,0.01953125,7.192138671874999,0.057373046875,0.0,0.22705078125000003,1.544921875,1.458740234375,7.541748046875001,107.26751708984375,49.23136520385742,0.0,208.0,208.0,7.560895919799805,0.9981787109375,-0.003781914710998535,-0.000664830207824707,0.00028055906295776367,0.003850141747301145,51,P004,0.234375,0.11035156249999999,0.03564453125,0.0,0.11645507812499999,0.0,0.0,0.0,0.0,0.0,0.0,0.0,0.0,0.0,0.0,0.0,0.0,0.0,0.0,0.0,0.0,1.915771484375,0.0,0.0,0.0,0.0
196.77311279296876,60.09513010495946,979.863315941328,3580,0.0548291015625,0.24560546875,6.453369140625,8.04541015625,0.0107421875,0.1279296875,0.13037109375,0.239501953125,0.342529296875,61.411376953125,0.0,0.11962890625000001,2.183349609375,0.021728515625,0.184814453125,0.16162109375,0.0,0.0166015625,7.12255859375,0.013427734375000002,0.0,0.23583984375,1.210693359375,1.47216796875,7.782714843749999,107.79039001464844,49.11126708984375,0.0,208.0,208.0,7.557220458984375,0.99812744140625,-0.0470428466796875,-0.00857454538345337,0.003261089324951172,0.047928978247473594,52,P004,0.23706054687500003,0.11352539062500001,0.035888671875,0.0,0.12744140625,0.0,0.0,0.0,0.0,0.0,0.0,0.0,0.0,0.0,0.0,0.0,0.0,0.0,0.0,0.0,0.0,1.9541015625000002,0.0,0.0,0.0,0.0
196.95697021484375,59.24567796818807,1001.463312576002,3558,0.054423828125,0.26513671875,6.870361328125001,7.433349609375001,0.01171875,0.13623046875,0.0986328125,0.25341796875,0.425048828125,60.43359375,0.0,0.130126953125,2.04248046875,0.04736328125,0.19482421875,0.16796875,0.0,0.017578125,7.195312500000001,0.008056640625,0.0,0.255126953125,0.8923339843749999,1.486083984375,8.586181640625,108.54277038574219,48.7814826965332,0.0,208.0,208.0,7.549736976623535,0.9983447265625,-0.044263482093811035,-0.008567512035369873,0.0026961565017700195,0.0451655551214349,53,P004,0.286865234375,0.11572265625,0.036865234375,0.020263671875,0.282958984375,0.0,0.0,0.0,0.0,0.0,0.0,0.0,0.0,0.0,0.0,0.0,0.0,0.0,0.0,0.0,0.0,2.306396484375,0.0,0.0,0.0,0.0
194.8892724609375,60.03122303778338,1063.9985522088946,3616,0.05718017578125,0.273681640625,7.27392578125,7.6005859375,0.01171875,0.134765625,0.10742187500000001,0.259521484375,0.4931640625,58.232177734375,0.0,0.1279296875,2.08544921875,0.07958984375,0.20458984375000003,0.2119140625,0.0,0.01708984375,7.617919921874999,0.008544921875,0.0,0.254150390625,0.98193359375,1.55224609375,9.056640625,108.3446273803711,48.559791564941406,0.0,208.0,208.0,7.544754981994629,0.99834716796875,-0.07872140407562256,-0.01634526252746582,0.0039716362953186035,0.08049845316272553,54,P004,0.322509765625,0.1201171875,0.03662109375,0.02197265625,0.48046875,0.0,0.0,0.0,0.0,0.0,0.0,0.0,0.0,0.0,0.0,0.0,0.0,0.0,0.0,0.0,0.0,2.433349609375,0.0,0.0,0.0,0.0
186.90059814453124,63.54445582309412,1233.2656117565095,3962,0.0647021484375,0.27294921875,7.9775390625,8.93017578125,0.010498046875,0.12890625,0.145751953125,0.24951171875000003,0.531982421875,53.0419921875,0.0,0.114990234375,2.54052734375,0.144287109375,0.210205078125,0.275390625,0.028564453125,0.03076171875,9.109375,0.08740234375,0.0,0.22802734375,1.83935546875,1.792236328125,9.6083984375,106.86662292480469,48.38383865356445,0.0,208.0,208.0,7.546579837799072,0.99847412109375,-0.1208500862121582,-0.027554839849472046,0.004275202751159668,0.12402535988732162,55,P004,0.332275390625,0.119873046875,0.0390625,0.02294921875,1.0234375,0.0,0.0,0.0,0.0,0.031982421875,0.0,0.0,0.0,0.0,0.0,0.0,0.0,0.0,0.0,0.0,0.0,1.131591796875,0.0,0.0,0.0,0.0
167.4965380859375,69.50795633504502,1639.744157493776,4442,0.08563232421875,0.285888671875,9.577880859375,9.32275390625,0.00927734375,0.121826171875,0.25927734375,0.2509765625,1.1298828125,40.431884765625,0.162109375,0.203125,5.97314453125,0.244384765625,0.23095703125000003,0.29248046875,0.289306640625,0.039794921875,10.806640625,0.576904296875,0.0,0.203369140625,2.227783203125,2.14111328125,12.1484375,104.65303039550781,48.68034362792969,0.0,208.0,208.0,7.555541038513184,0.99870361328125,-0.14412879943847656,-0.03623521327972412,0.0026181936264038086,0.14863699555248364,56,P004,0.3583984375,0.1328125,0.041748046875,0.02490234375,2.43701171875,0.0,0.0,0.0,0.0,0.075927734375,0.0,0.0,0.0,0.0,0.0,0.0,0.0,0.0,0.0,0.0,0.0,0.0,0.0,0.0,0.0,0.0
143.76305908203125,62.81034215134767,1988.2649378722904,4621,0.10449462890625,0.3271484375,10.682861328125,9.722900390625,0.009765625,0.12646484375,0.330078125,0.265380859375,1.92578125,25.348876953125,0.226318359375,0.40478515624999994,8.39599609375,0.32958984375,0.284423828125,0.325927734375,0.295654296875,0.036865234375,10.739990234375,0.75439453125,0.0,0.19287109375,2.52734375,2.337158203125,20.34619140625,106.96601867675781,49.13072204589844,0.0,208.0,208.0,7.556545734405518,0.998349609375,-0.1007009744644165,-0.027193844318389893,0.00045746564865112305,0.10430915924172521,57,P004,0.39868164062499994,0.14892578125,0.046875,0.028320312499999997,3.2080078125,0.0,0.0,0.0,0.0,0.0888671875,0.0,0.0,0.1435546875,0.0,0.0,0.0,0.0,0.0,0.0,0.0,0.0,0.0,0.0,0.0,0.0,0.0
143.39122314453124,63.89081666193137,1812.557485013938,4540,0.09883056640625,0.38134765625,9.31103515625,9.798095703125,0.01025390625,0.135986328125,0.3310546875,0.294189453125,1.1015625,25.706298828125,0.179443359375,0.21459960937499997,8.630859375,0.328125,0.30078125,0.346435546875,0.347900390625,0.040771484375,10.572509765625,0.68017578125,0.0,0.20214843749999997,2.598876953125,2.486328125,21.40234375,107.52413940429688,48.979103088378906,0.0,208.0,208.0,7.549017906188965,0.99823486328125,-0.067391037940979,-0.01896423101425171,-0.0002505779266357422,0.07000897686741105,58,P004,0.42749023437500006,0.161865234375,0.05029296875,0.030029296875,3.674072265625,0.0,0.0,0.0,0.0,0.097412109375,0.0,0.0,0.15771484375,0.0,0.0,0.0,0.0,0.0,0.0,0.0,0.0,0.0,0.0,0.0,0.0,0.0
144.86386474609375,62.96934289349649,1599.7200366173684,4530,0.09102783203125,0.44384765625,7.516845703125,9.47607421875,0.01123046875,0.14990234375,0.23876953124999997,0.323974609375,1.092529296875,26.54931640625,0.0,0.126708984375,8.241943359375,0.306884765625,0.324951171875,0.359619140625,0.13818359375,0.04638671875,10.645751953125,0.18798828125,0.0,0.229736328125,2.501708984375,2.424072265625,23.844482421875,108.39107513427734,48.8238410949707,0.0,208.0,208.0,7.537239074707031,0.9983251953125,-0.022045373916625977,-0.006327897310256958,-0.00017195940017700195,0.022936223872475597,59,P004,0.442138671875,0.16650390625,0.0517578125,0.031982421875,3.8791503906249996,0.0,0.0,0.0,0.0,0.09814453124999999,0.0,0.0,0.1494140625,0.0,0.0,0.0,0.0,0.0,0.0,0.0,0.0,0.0,0.0,0.0,0.0,0.0
146.3733935546875,62.02728766554236,1429.3281377580404,4433,0.08438232421875,0.48071289062500006,6.450683593750001,8.30615234375,0.0126953125,0.159912109375,0.191650390625,0.347412109375,1.224609375,27.391845703125,0.0,0.13427734375,7.810546875,0.282958984375,0.328857421875,0.3623046875,0.00048828125,0.05053710937499999,11.370849609375,0.05517578124999999,0.0,0.25244140625,2.066650390625,2.284912109375,25.5986328125,108.99618530273438,48.66089630126953,0.0,208.0,208.0,7.525301933288574,0.99833984375,-0.034247636795043945,-0.009945273399353027,-0.0003502368927001953,0.035664152238825686,60,P004,0.44482421875,0.172119140625,0.052734375,0.031982421875,3.90185546875,0.0,0.0,0.0,0.0,0.09521484375,0.0,0.0,0.136962890625,0.0,0.0,0.0,0.0,0.0,0.0,0.0,0.0,0.0,0.0,0.0,0.0,0.0
146.150302734375,63.48040230237086,1419.305089700675,4482,0.08354248046875,0.50341796875,5.902099609375,7.802734375000001,0.011962890625,0.1591796875,0.2119140625,0.347900390625,1.161865234375,27.106689453125,0.0,0.132080078125,8.13330078125,0.280029296875,0.330810546875,0.369384765625,0.054443359375,0.0517578125,12.195556640625,0.123046875,0.0,0.24487304687499997,2.5400390625,2.30517578125,24.824951171875,108.80363464355469,48.55850601196289,0.0,208.0,208.0,7.5231523513793945,0.99826416015625,-0.024974822998046875,-0.007337719202041626,-0.00031703710556030273,0.026032372527260813,61,P004,0.44750976562499994,0.17626953125,0.052001953125,0.0322265625,4.240966796875,0.0,0.0,0.0,0.0,0.10131835937500001,0.0,0.0,0.156494140625,0.0,0.0,0.0,0.0,0.0,0.0,0.0,0.0,0.0,0.0,0.0,0.0,0.0
145.09354736328126,65.76492323636784,1466.6893375045713,4553,0.086376953125,0.502197265625,5.910888671875,7.04345703125,0.01123046875,0.153564453125,0.30859375,0.342529296875,1.050048828125,26.220947265625,0.015625,0.12548828125,8.78173828125,0.295166015625,0.327392578125,0.376953125,0.359619140625,0.047607421875,13.13134765625,0.603515625,0.0,0.23120117187500003,3.05859375,2.434326171875,22.971435546875,107.82998657226562,48.62055587768555,0.0,208.0,208.0,7.528468132019043,0.9981689453125,-0.0813283920288086,-0.024385839700698853,-0.001386404037475586,0.08491701033394243,62,P004,0.45263671875,0.179931640625,0.052734375,0.03369140625,4.693359375,0.0,0.0,0.0,0.0,0.10791015625,0.0,0.0,0.17626953125,0.0,0.0,0.0,0.0,0.0,0.0,0.0,0.0,0.0,0.0,0.0,0.0,0.0
144.44953125,68.26482491073111,1449.7024679269255,4562,0.0846484375,0.568115234375,5.161376953125,5.943603515625,0.011474609375,0.158447265625,0.367919921875,0.357177734375,0.7919921875,25.90771484375,0.154052734375,0.161865234375,9.852294921875,0.35302734375,0.354248046875,0.40429687499999994,0.473876953125,0.051513671875,13.442626953125,0.757568359375,0.0,0.21826171875,3.3994140625,2.576904296875,21.958984375,107.98501586914062,48.45800018310547,0.0,208.0,208.0,7.531481742858887,0.998310546875,-0.11154818534851074,-0.034570932388305664,-0.0027090907096862793,0.11681389554849977,63,P004,0.4814453125,0.193603515625,0.05615234374999999,0.03662109375,5.68505859375,0.0,0.0,0.0,0.0,0.120361328125,0.0,0.0,0.0,0.0,0.0,0.0,0.0,0.0,0.0,0.0,0.0,0.0,0.0,0.0,0.0,0.0
144.39962158203124,69.79563039209157,1269.1399360003415,4558,0.0780126953125,0.705810546875,3.5236816406250004,5.123779296875,0.012451171875,0.17431640625,0.31591796875,0.399658203125,0.878173828125,26.072021484375004,0.0,0.135986328125,10.51513671875,0.512451171875,0.42431640625,0.43969726562500006,0.287353515625,0.06030273437500001,12.96142578125,0.39086914062500006,0.0,0.21875000000000003,3.4748535156250004,2.672607421875,23.078125,108.57148742675781,48.026859283447266,0.0,208.0,208.0,7.5235981941223145,0.99855224609375,-0.0952301025390625,-0.030368506908416748,-0.002924680709838867,0.09999786197065123,64,P004,0.52880859375,0.214111328125,0.0625,0.039794921875,6.642822265624999,0.0,0.0,0.0,0.0,0.13427734375,0.0,0.0,0.0,0.0,0.0,0.0,0.0,0.0,0.0,0.0,0.0,0.0,0.0,0.0,0.0,0.0
145.24321533203124,70.32910747698492,1072.3443761965693,4452,0.07074951171875,0.880615234375,2.37353515625,3.57275390625,0.013427734375000002,0.195068359375,0.246337890625,0.456787109375,0.95556640625,26.592529296875,0.0,0.152587890625,10.913330078125,0.697021484375,0.486572265625,0.47412109375000006,0.000732421875,0.0703125,12.870361328124998,0.083251953125,0.0,0.21923828125,2.719970703125,2.66259765625,25.283935546875004,108.89942169189453,47.59896469116211,0.0,208.0,208.0,7.512111663818359,0.998720703125,-0.13965171575546265,-0.045723870396614075,-0.005134761333465576,0.14703618538115898,65,P004,0.566650390625,0.23193359375,0.06640625,0.04345703125,7.0263671875,0.0,0.0,0.0,0.0,0.14453125,0.0,0.0,0.0,0.0,0.0,0.0,0.0,0.0,0.0,0.0,0.0,0.0,0.0,0.0,0.0,0.0
144.31623046875,72.88814561196884,1000.884281062102,4378,0.06840576171875,1.198486328125,1.666259765625,1.5703124999999998,0.0146484375,0.21679687500000003,0.283935546875,0.52587890625,1.08447265625,26.273193359375004,0.0,0.167724609375,11.89404296875,0.8627929687500001,0.5859375,0.540283203125,0.0,0.072509765625,13.535400390625,0.116943359375,0.0,0.174560546875,2.493408203125,2.87158203125,25.921630859375,108.17261505126953,47.20341491699219,0.0,208.0,208.0,7.509984016418457,0.99880615234375,-0.19301533699035645,-0.0652022510766983,-0.008509933948516846,0.20390849132583416,66,P004,0.634521484375,0.2666015625,0.073974609375,0.0498046875,6.7294921875,0.0,0.0,0.0,0.0,0.1748046875,0.0,0.0,0.0,0.0,0.0,0.0,0.0,0.0,0.0,0.0,0.0,0.0,0.0,0.0,0.0,0.0
148.50995849609376,71.13083856368958,1018.1643124447763,4384,0.06633056640625,1.8884277343749998,1.04638671875,0.040771484375,0.014892578125,0.24096679687499997,0.46044921875,0.61767578125,1.3515625,29.256591796874996,0.0,0.16064453125,9.597900390625,1.005126953125,0.748779296875,0.709716796875,0.23315429687500003,0.063232421875,14.687255859375,0.17333984375,0.0,0.057861328125,4.091064453125,3.15380859375,24.752685546875,107.01890563964844,46.65204620361328,0.0,208.0,208.0,7.501306533813477,0.99901123046875,-0.1142778992652893,-0.039598919451236725,-0.005729377269744873,0.12107988456425045,67,P004,0.787109375,0.35009765625,0.092041015625,0.066650390625,4.078125,0.0,0.0,0.0,0.0,0.273681640625,0.0,0.0,0.0,0.0,0.0,0.0,0.0,0.0,0.0,0.0,0.0,0.0,0.0,0.0,0.0,0.0
154.2458447265625,68.81608514033836,1065.4786904235837,4481,0.0676220703125,2.691162109375,0.48046875,0.066162109375,0.014160156249999998,0.264892578125,0.576904296875,0.685791015625,1.6516113281250002,32.125732421875,0.0,0.182861328125,7.60791015625,1.13671875,0.70458984375,0.9360351562500001,0.9194335937499999,0.052978515625,16.693115234375,0.21850585937499997,0.0,0.0,4.477783203125,3.1357421875,23.775146484375,105.54210662841797,46.416500091552734,0.0,208.0,208.0,7.496747016906738,0.9994580078125,-0.15026205778121948,-0.053168755024671555,-0.008283138275146484,0.15960643125891036,68,P004,0.95068359375,0.4482421875,0.113037109375,0.087890625,0.00244140625,0.0,0.0,0.0,0.0,0.0,0.0,0.0,0.0,0.0,0.0,0.0,0.0,0.0,0.0,0.0,0.0,0.0,0.0,0.0,0.0,0.0
158.7610107421875,69.56206752697074,1084.8373992036284,4671,0.06817626953125,4.339599609375,0.275146484375,0.144775390625,0.014892578125,0.324951171875,0.84326171875,0.8288574218750001,2.237548828125,35.322509765625,0.0,0.250244140625,6.115966796875,1.250244140625,0.275146484375,0.563232421875,0.9899902343749999,0.04931640625,17.17333984375,0.320556640625,0.0,0.024658203125,3.80078125,3.2658691406250004,19.4345703125,102.62316131591797,46.337242126464844,0.0,208.0,208.0,7.494514465332031,0.9996533203125,-0.2231648936867714,-0.0815715380012989,-0.014022529125213623,0.23801915239995455,69,P004,1.266845703125,0.613037109375,0.151123046875,0.12353515624999999,0.0,0.0,0.0,0.0,0.0,0.0,0.0,0.0,0.0,0.0,0.0,0.0,0.0,0.0,0.0,0.0,0.0,0.0,0.0,0.0,0.0,0.0
158.9042919921875,71.94828807803596,1125.7431853821217,4721,0.07124267578125,6.04296875,0.41088867187499994,0.34521484375,0.015869140625,0.449951171875,1.014404296875,1.057861328125,3.332275390625,36.61328125,0.0,0.167236328125,6.45947265625,2.128173828125,0.176513671875,0.746826171875,1.062255859375,0.05004882812499999,11.9453125,0.54150390625,0.0,0.248779296875,3.5502929687499996,3.726806640625,16.71435546875,97.90105438232422,46.670597076416016,0.0,208.0,208.0,7.497522830963135,0.99946044921875,-0.19757965207099915,-0.07626048475503922,-0.015397429466247559,0.21234514659332035,70,P004,1.9162597656249998,0.876953125,0.223876953125,0.1826171875,0.0,0.0,0.0,0.0,0.0,0.0,0.0,0.0,0.0,0.0,0.0,0.0,0.0,0.0,0.0,0.0,0.0,0.0,0.0,0.0,0.0,0.0
161.4347314453125,74.32881038663496,1066.336498734951,4573,0.069736328125,6.655273437500001,0.755859375,0.6552734375,0.018310546875,0.610595703125,1.0029296875,1.288330078125,3.783447265625,37.800537109375,0.0,0.19287109375,5.5390625,2.378662109375,0.168212890625,1.027587890625,1.180908203125,0.052490234375,7.117431640624999,0.9265136718750001,0.0,0.63427734375,3.7456054687499996,4.376708984375,16.14794921875,97.15583801269531,47.473487854003906,0.0,208.0,208.0,7.511500835418701,0.998779296875,-0.11712516099214554,-0.04829932749271393,-0.012042462825775146,0.12726409267580002,71,P004,2.237548828125,1.13818359375,0.32421875,0.24121093750000003,0.0,0.0,0.0,0.0,0.0,0.0,0.0,0.0,0.0,0.0,0.0,0.0,0.0,0.0,0.0,0.0,0.0,0.0,0.0,0.0,0.0,0.0
168.38837158203125,71.7630772601503,1002.2843948127685,4491,0.06596923828125,5.159423828125,0.9541015625,0.9370117187500001,0.0205078125,0.724853515625,0.89013671875,1.4794921875,3.9890136718749996,38.275146484375,0.0,0.223388671875,4.596923828125,2.021728515625,0.1904296875,1.2392578125,0.944091796875,0.058837890625,5.046630859375,1.282958984375,0.0,0.960693359375,3.784423828125,4.80859375,18.032470703125,97.18885040283203,47.5725212097168,0.0,208.0,208.0,7.510316371917725,0.99870849609375,-0.06829001009464264,-0.02963772416114807,-0.008675158023834229,0.07494783878750066,72,P004,2.439453125,1.277587890625,0.393310546875,0.26953125,0.0,0.0,0.0,0.0,0.0,0.0,0.0,0.0,0.0,0.0,0.0,0.0,0.0,0.0,0.0,0.0,0.0,0.0,0.0,0.0,0.0,0.0
174.25607421875,67.70652103341018,918.7490162929538,4347,0.06115966796875,3.46923828125,1.143310546875,1.161865234375,0.023193359375,0.807373046875,0.8801269531249999,1.6286621093749998,4.264892578125,39.11474609375,0.0,0.24511718749999997,4.07373046875,1.523193359375,0.20678710937500003,1.360595703125,0.42138671875000006,0.06225585937499999,4.88623046875,1.431640625,0.0,1.152587890625,3.890380859375,5.01025390625,18.690185546875,97.14407348632812,47.535858154296875,0.0,208.0,208.0,7.514093399047852,0.99863525390625,-0.0006317198276519775,-0.000279843807220459,-8.720159530639648e-05,0.000696409804147146,73,P004,2.470947265625,1.3916015625,0.43969726562500006,0.25,0.0,0.0,0.0,0.0,0.0,0.0,0.0,0.0,0.0,0.0,0.0,0.0,0.0,0.0,0.0,0.0,0.0,0.0,0.0,0.0,0.0,0.0
175.15177001953126,66.18184934818858,904.2822950349748,4384,0.0609375,2.673583984375,1.128173828125,1.21875,0.02392578125,0.8017578125000001,0.870849609375,1.6728515625,4.331787109375,40.031982421875,0.0,0.256103515625,4.080078125,1.814697265625,0.201416015625,1.320556640625,0.247802734375,0.06298828125,5.33544921875,1.393310546875,0.0,1.084228515625,3.81982421875,4.925048828125,18.295166015625,97.36215209960938,47.5883674621582,0.0,208.0,208.0,7.515863418579102,0.9986328125,-0.03243303298950195,-0.014506414532661438,-0.0046575069427490234,0.03583336521195418,74,P004,2.3427734375,1.410400390625,0.4306640625,0.225830078125,0.0,0.0,0.0,0.0,0.0,0.0,0.0,0.0,0.0,0.0,0.0,0.0,0.0,0.0,0.0,0.0,0.0,0.0,0.0,0.0,0.0,0.0
176.7383447265625,64.21653694023064,904.6846317851486,4355,0.059306640625,1.2099609375,1.2080078125,1.385498046875,0.0234375,0.857177734375,0.9238281250000001,1.7893066406250002,4.185791015625,40.89453125,0.0,0.258544921875,4.436279296875,2.249267578125,0.203369140625,1.40283203125,0.29931640625,0.0615234375,6.07080078125,1.35791015625,0.0,0.905029296875,3.70556640625,4.892578125,17.317626953125,97.52960968017578,47.650856018066406,0.0,208.0,208.0,7.519243240356445,0.9987548828125,-0.075558602809906,-0.03484131395816803,-0.012317299842834473,0.08411144685674513,75,P004,2.273681640625,1.602294921875,0.48022460937500006,0.005615234375,0.0,0.0,0.0,0.0,0.0,0.0,0.0,0.0,0.0,0.0,0.0,0.0,0.0,0.0,0.0,0.0,0.0,0.0,0.0,0.0,0.0,0.0
177.6773388671875,62.476734428677496,936.5134142810764,4374,0.0626318359375,0.047607421875,1.394775390625,1.728515625,0.0244140625,0.63232421875,1.067138671875,2.00439453125,4.14892578125,41.607666015625,0.0,0.26220703125,5.01416015625,2.5439453125,0.22094726562500003,1.712890625,0.409912109375,0.05932617187500001,6.69091796875,1.36669921875,0.0,0.704345703125,3.48876953125,4.973388671875,15.535888671875,97.81916809082031,47.765724182128906,0.0,208.0,208.0,7.530649185180664,0.9987841796875,-0.02389618754386902,-0.011315032839775085,-0.00432431697845459,0.026790995961835762,76,P004,2.767333984375,1.166259765625,0.42724609375,0.0,0.0,0.0,0.0,0.0,0.0,0.0,0.0,0.0,0.0,0.0,0.0,0.0,0.0,0.0,0.0,0.0,0.0,0.0,0.0,0.0,0.0,0.0
176.70290771484375,62.95104407815307,961.229658520168,4391,0.06326904296875,0.0,1.427001953125,1.849853515625,0.02490234375,0.508056640625,1.203857421875,2.086669921875,4.135498046875,41.961181640625,0.0,0.2578125,5.396240234375,2.697998046875,0.223388671875,1.8679199218750002,0.42968750000000006,0.05810546875,7.163818359375,1.375732421875,0.0,0.59912109375,3.326416015625,5.083740234375,14.30126953125,97.8295669555664,47.837425231933594,0.0,208.0,208.0,7.533961772918701,0.99875244140625,-0.037156522274017334,-0.017794236540794373,-0.00713580846786499,0.04181102443207224,77,P004,3.024658203125,0.76513671875,0.23193359375,0.0,0.0,0.0,0.0,0.0,0.0,0.0,0.0,0.0,0.0,0.0,0.0,0.0,0.0,0.0,0.0,0.0,0.0,0.0,0.0,0.0,0.0,0.0
176.8914892578125,62.90078227626192,967.2804796596528,4408,0.063330078125,0.0,1.544677734375,2.042236328125,0.025390625,0.383544921875,1.26171875,2.215087890625,4.161376953125,42.90576171875,0.0,0.263671875,5.494384765625,2.692626953125,0.2353515625,1.96142578125,0.298095703125,0.05712890625,7.07568359375,1.3740234375,0.0,0.50537109375,3.2680664062500004,5.1689453125,13.383056640624998,98.03453826904297,47.87105178833008,0.0,208.0,208.0,7.5355544090271,0.99873046875,-0.029701679944992065,-0.014315098524093628,-0.006103336811065674,0.03353151588488896,78,P004,3.135498046875,0.461181640625,0.085693359375,0.0,0.0,0.0,0.0,0.0,0.0,0.0,0.0,0.0,0.0,0.0,0.0,0.0,0.0,0.0,0.0,0.0,0.0,0.0,0.0,0.0,0.0,0.0
178.20473876953125,61.80197674504307,922.9666338881492,4360,0.06245849609375,0.0,1.670166015625,2.230712890625,0.026123046875,0.39916992187500006,1.16162109375,2.325439453125,4.255859375,43.547607421875,0.0,0.285400390625,5.09912109375,2.430908203125,0.24096679687499997,2.04345703125,0.136474609375,0.0615234375,6.495361328125,1.328125,0.0,0.42431640625,3.3310546875,5.152099609375,13.39013671875,98.17575073242188,47.87928771972656,0.0,208.0,208.0,7.537448406219482,0.998466796875,-0.0935983657836914,-0.044563502073287964,-0.02305746078491211,0.10619889967537985,79,P004,3.2565917968749996,0.630615234375,0.0771484375,0.0,0.0,0.0,0.0,0.0,0.0,0.0,0.0,0.0,0.0,0.0,0.0,0.0,0.0,0.0,0.0,0.0,0.0,0.0,0.0,0.0,0.0,0.0
181.8898046875,58.51252508111492,891.8784420508385,4314,0.06024169921875,0.0,1.69482421875,2.759033203125,0.031005859375,0.25830078125,1.20263671875,2.74755859375,4.1962890625,45.845947265625,0.0,0.330322265625,4.376953125,1.651123046875,0.27490234375,2.25146484375,0.0,0.06591796875,5.94580078125,1.6130371093749998,0.0,0.1689453125,3.075439453125,5.468505859375,12.031005859375,98.54517364501953,47.9058837890625,0.0,208.0,208.0,7.539627552032471,0.99907958984375,-0.03548246622085571,-0.013044655323028564,-0.016934633255004883,0.0414240298026677,80,P004,3.696533203125,0.31298828125,0.00146484375,0.0,0.0,0.0,0.0,0.0,0.0,0.0,0.0,0.0,0.0,0.0,0.0,0.0,0.0,0.0,0.0,0.0,0.0,0.0,0.0,0.0,0.0,0.0
183.7445263671875,56.56035581070787,880.8104799010991,4269,0.0588232421875,0.0,1.778076171875,2.9072265625,0.033447265625,0.27197265625,1.221923828125,2.901611328125,4.091064453125,46.651123046875,0.0,0.351806640625,3.8669433593749996,1.27880859375,0.283447265625,2.275634765625,0.0,0.0693359375,5.422119140625,1.7841796875,0.0,0.159912109375,2.932373046875,5.659423828125,11.852783203125,98.57617950439453,47.9069938659668,0.0,208.0,208.0,7.539278030395508,0.99871337890625,0.000279843807220459,0.0008415281772613525,-0.0012148618698120117,0.0015041182108755924,81,P004,3.875,0.331787109375,0.0,0.0,0.0,0.0,0.0,0.0,0.0,0.0,0.0,0.0,0.0,0.0,0.0,0.0,0.0,0.0,0.0,0.0,0.0,0.0,0.0,0.0,0.0,0.0
183.4550830078125,57.498640176201114,903.9682441172064,4351,0.0607666015625,0.0,2.073486328125,2.903076171875,0.03125,0.260498046875,1.261962890625,2.7919921875,4.1279296875,45.99365234375,0.0,0.331298828125,4.114013671875,1.1513671875,0.284912109375,2.0224609375,0.0,0.06640625,5.176513671875,1.7099609375000002,0.0,0.38232421875,3.3330078125000004,5.752685546875,12.378173828125,98.24444580078125,47.879764556884766,0.0,208.0,208.0,7.540679931640625,0.99885986328125,0.011934816837310791,0.010055840015411377,-0.004404783248901367,0.016216099618142087,82,P004,3.62939453125,0.2236328125,0.0,0.0,0.0,0.0,0.0,0.0,0.0,0.0,0.0,0.0,0.0,0.0,0.0,0.0,0.0,0.0,0.0,0.0,0.0,0.0,0.0,0.0,0.0,0.0
182.2127734375,59.582670016805075,937.9071692966877,4384,0.06206298828125,0.0,2.385009765625,2.708984375,0.027832031249999997,0.239501953125,1.25341796875,2.642333984375,4.054443359375,45.31298828125,0.0,0.3017578125,4.655517578125,1.130615234375,0.2880859375,1.74169921875,0.10302734375,0.06103515625,5.148193359375,1.6469726562499998,0.0,0.68408203125,3.708740234375,5.747314453125,12.848876953125,97.8597183227539,47.907676696777344,0.0,208.0,208.0,7.542730808258057,0.99884033203125,0.030790865421295166,0.020886003971099854,-0.0018891692161560059,0.03725414762949732,83,P004,3.220947265625,0.088623046875,0.0,0.0,0.0,0.0,0.0,0.0,0.0,0.0,0.0,0.0,0.0,0.0,0.0,0.0,0.0,0.0,0.0,0.0,0.0,0.0,0.0,0.0,0.0,0.0
181.89073486328124,60.321168556911296,960.0694284677269,4417,0.062646484375,0.0,2.3369140625,2.44970703125,0.027099609375000003,0.227294921875,1.295654296875,2.462890625,4.00537109375,44.369384765625,0.0,0.290283203125,4.746337890625,1.09765625,0.275390625,1.615966796875,0.266845703125,0.06103515625,4.951904296875,1.727294921875,0.0,0.91357421875,3.72216796875,5.697265625,14.022216796875,97.66027069091797,47.83192443847656,0.0,208.0,208.0,7.538351535797119,0.99885009765625,0.11274582147598267,0.07084797322750092,0.004208385944366455,0.13322449505626052,84,P004,3.117919921875,0.318115234375,0.0017089843750000002,0.0,0.0,0.0,0.0,0.0,0.0,0.0,0.0,0.0,0.0,0.0,0.0,0.0,0.0,0.0,0.0,0.0,0.0,0.0,0.0,0.0,0.0,0.0
182.262421875,60.18560425845066,904.7296117012443,4332,0.0617724609375,0.261962890625,1.8857421874999998,1.96240234375,0.026123046875,0.75341796875,1.19140625,2.092041015625,4.0693359375,41.647705078125,0.0,0.28369140625,3.991943359375,1.154296875,0.23828125,1.8583984375,0.177490234375,0.06787109375,4.455078125,1.628173828125,0.0,1.045654296875,3.68115234375,5.401611328125,17.2353515625,98.025634765625,47.69911575317383,0.0,208.0,208.0,7.529980182647705,0.998818359375,0.18207046389579773,0.10846507549285889,0.013085126876831055,0.21233357475982298,85,P004,2.903076171875,1.45751953125,0.5302734375,0.0,0.0,0.0,0.0,0.0,0.0,0.0,0.0,0.0,0.0,0.0,0.0,0.0,0.0,0.0,0.0,0.0,0.0,0.0,0.0,0.0,0.0,0.0
174.74578125,66.64836925089548,854.1534619140388,4320,0.0606494140625,4.109130859375,1.261474609375,1.404052734375,0.026611328125000003,0.698486328125,0.9248046875000001,1.749755859375,4.0771484375,42.961669921875,0.0,0.296630859375,3.151611328125,1.3310546875,0.19970703125,1.14501953125,0.0,0.080078125,3.88037109375,1.385986328125,0.0,1.0654296875,3.2221679687499996,4.600341796875,18.2646484375,98.73538970947266,47.64915084838867,0.0,208.0,208.0,7.527167797088623,0.99869140625,0.14542587101459503,0.08293434046208858,0.01206141710281372,0.16784596084137177,86,P004,2.58544921875,1.056640625,0.3173828125,0.20434570312499997,0.0,0.0,0.0,0.0,0.0,0.0,0.0,0.0,0.0,0.0,0.0,0.0,0.0,0.0,0.0,0.0,0.0,0.0,0.0,0.0,0.0,0.0
170.89379638671875,65.77490184326955,810.2622799470661,4130,0.056904296875,4.82763671875,0.9594726562499999,1.036865234375,0.027343750000000003,0.55712890625,0.578125,1.6064453125,3.24462890625,44.182861328125,0.0,0.293212890625,2.64697265625,1.29248046875,0.18017578125,1.164794921875,0.0,0.0185546875,5.08447265625,1.2197265625,0.0,1.002197265625,2.37939453125,3.7841796875,20.869873046875,99.5519790649414,47.478450775146484,0.0,208.0,208.0,7.5211567878723145,0.99875732421875,0.20065367966890335,0.10913612134754658,0.01752758026123047,0.22908471842807665,87,P004,1.96728515625,0.735595703125,0.20556640625,0.135009765625,0.0,0.0,0.0,0.0,0.0,0.0,0.0,0.0,0.0,0.0,0.0,0.0,0.0,0.0,0.0,0.0,0.0,0.0,0.0,0.0,0.0,0.0
161.37053955078125,68.13694131117192,845.5220380413475,3984,0.0580029296875,4.683349609375,0.59228515625,0.631591796875,0.026855468750000003,0.45166015625,0.345947265625,1.36767578125,2.037841796875,40.5537109375,0.0,0.11254882812500001,5.419921875,1.099609375,0.16015625,1.090576171875,0.0,0.02099609375,8.22314453125,0.845947265625,0.0,0.8566894531250001,1.54443359375,2.9892578125,24.47314453125,101.210693359375,47.04412078857422,0.0,208.0,208.0,7.512616157531738,0.9991259765625,0.17991972714662552,0.09196620434522629,0.015999197959899902,0.20269401888941904,88,P004,1.324462890625,0.527099609375,0.13818359375,0.09375,0.13232421875,0.0,0.0,0.0,0.0,0.2568359375,0.0,0.0,0.0,0.0,0.0,0.0,0.0,0.0,0.0,0.0,0.0,0.0,0.0,0.0,0.0,0.0
154.23111083984375,70.93941065286488,833.3822518737255,4128,0.05705810546875,4.187255859375,0.32861328125,0.371826171875,0.025146484375,0.389892578125,0.248291015625,1.169189453125,1.517578125,35.406982421875,0.0,0.072998046875,8.61328125,0.54150390625,0.158447265625,0.828369140625,0.0,0.022705078125,11.839599609375,0.55224609375,0.0,0.401123046875,1.12890625,2.568603515625,24.50927734375,103.54769897460938,46.7763671875,0.0,208.0,208.0,7.506906032562256,0.9994384765625,0.22965705394744873,0.10692538321018219,0.02016913890838623,0.25413027007181077,89,P004,1.01171875,0.4150390625,0.106689453125,0.07373046875,3.260986328125,0.0,0.0,0.0,0.0,0.25,0.0,0.0,0.0,0.0,0.0,0.0,0.0,0.0,0.0,0.0,0.0,0.0,0.0,0.0,0.0,0.0
149.19391357421875,72.03581216955965,835.7277953493536,4111,0.06029296875,2.25146484375,0.75341796875,0.20361328125,0.021728515625,0.31884765625,0.19384765625,0.9130859375,1.156005859375,30.112548828125004,0.0,0.064208984375,10.816650390625,0.549560546875,0.738525390625,0.630859375,0.0,0.019775390625,14.533447265625,0.313720703125,0.0,0.427978515625,0.9614257812500001,2.204345703125,25.815185546875004,105.71997833251953,46.92512512207031,0.0,208.0,208.0,7.494317054748535,0.99905029296875,0.30959397554397583,0.1208651065826416,0.025427401065826416,0.3333217010746819,90,P004,0.764404296875,0.32177734375,0.0830078125,0.056884765625,5.59716796875,0.0,0.0,0.0,0.0,0.176513671875,0.0,0.0,0.0,0.0,0.0,0.0,0.0,0.0,0.0,0.0,0.0,0.0,0.0,0.0,0.0,0.0
152.33476318359374,66.9218902603121,807.2609326527058,4180,0.06061279296875,1.123291015625,1.562255859375,1.538330078125,0.018310546875,0.25439453125,0.151611328125,0.63525390625,0.87109375,29.739013671874996,0.0,0.10302734375,8.27197265625,0.517333984375,0.42871093749999994,0.469970703125,0.0,0.00732421875,17.065673828125,0.153564453125,0.0,0.6474609375,1.009521484375,1.81005859375,25.980224609375004,108.90750122070312,47.4439811706543,0.0,208.0,208.0,7.4947509765625,0.998642578125,0.25322091579437256,0.07781890034675598,0.018010377883911133,0.26552021986741486,91,P004,0.568359375,0.239501953125,0.06225585937499999,0.042724609375,6.584228515625,0.0,0.0,0.0,0.0,0.12353515624999999,0.0,0.0,0.02099609375,0.0,0.0,0.0,0.0,0.0,0.0,0.0,0.0,0.0,0.0,0.0,0.0,0.0
151.450166015625,62.08678258100915,962.2257889966725,4153,0.06767333984375,0.711669921875,2.9326171875,3.2177734375000004,0.016357421875,0.21264648437500003,0.12939453125,0.49414062499999994,1.37890625,28.791748046875,0.0,0.146484375,6.68896484375,0.236328125,0.309814453125,0.38330078125,0.0,0.003173828125,18.13427734375,0.082275390625,0.0,0.615234375,1.283935546875,1.63623046875,27.108154296874996,109.7602767944336,48.14595031738281,0.0,208.0,208.0,7.518881797790527,0.9984716796875,0.22148406505584717,0.05263155698776245,0.012806415557861328,0.22801157019778506,92,P004,0.557861328125,0.195068359375,0.052001953125,0.034423828125,4.42724609375,0.0,0.0,0.0,0.0,0.096923828125,0.0,0.0,0.123046875,0.0,0.0,0.0,0.0,0.0,0.0,0.0,0.0,0.0,0.0,0.0,0.0,0.0
148.46510009765626,59.38966461803038,1087.9688280303717,4105,0.0734228515625,0.515380859375,4.625732421875,4.308837890625,0.014404296875,0.186767578125,0.104736328125,0.413330078125,1.6496582031249998,27.310791015625004,0.0,0.159912109375,5.638671875,0.15576171875,0.248046875,0.330078125,0.0,0.0034179687500000004,18.613037109375,0.04907226562499999,0.0,0.552734375,1.34033203125,1.513916015625,26.993652343750004,108.99480438232422,48.852882385253906,0.0,208.0,208.0,7.5383381843566895,0.99849609375,0.2139066457748413,0.03802686929702759,0.00920933485031128,0.21745553049660937,93,P004,0.635986328125,0.164306640625,0.045166015625,0.15380859375,3.2509765625,0.0,0.0,0.0,0.0,0.080810546875,0.0,0.0,0.094970703125,0.0,0.0,0.0,0.0,0.0,0.0,0.0,0.0,0.0,0.845703125,0.0,0.0,0.0
160.95010986328126,61.271004798686505,1129.6007813689948,4080,0.0730078125,0.39990234375,5.837890625,4.649658203125,0.013916015624999998,0.169189453125,0.079833984375,0.35595703125,1.000732421875,33.886474609375,0.0,0.1357421875,4.799560546875,0.138427734375,0.54931640625,0.290771484375,0.0,0.004150390625,18.47216796875,0.0234375,0.0,0.500244140625,1.09619140625,1.349853515625,22.87255859375,108.0633773803711,49.03093338012695,0.0,208.0,208.0,7.546533584594727,0.99781494140625,0.1673598289489746,0.021815001964569092,0.0048247575759887695,0.16884455852117727,94,P004,0.420654296875,0.143310546875,0.040283203125,0.10009765624999999,2.5244140625,0.0,0.0,0.0,0.0,0.06982421875,0.0,0.0,0.075439453125,0.0,0.0,0.0,0.0,0.0,0.0,0.0,0.0,0.0,0.0,0.0,0.0,0.0
182.50418701171876,62.908425563536355,962.5621557579934,3709,0.059921875,0.34228515625,5.641845703125,3.753662109375,0.013427734375000002,0.162109375,0.056884765625,0.31884765625,0.500244140625,48.8701171875,0.0,0.10498046875,3.7517089843749996,0.120849609375,0.5087890625,0.2666015625,0.0,0.005615234375,15.60986328125,0.013671875000000002,0.0,0.462646484375,0.814453125,1.209228515625,14.818603515625,110.83404541015625,49.176475524902344,0.0,208.0,208.0,7.55373477935791,0.99810302734375,0.14544320106506348,0.014360964298248291,0.0023776888847351074,0.1461698171171485,95,P004,0.314208984375,0.129638671875,0.037841796875,0.023193359375,2.085205078125,0.0,0.0,0.0,0.0,0.0634765625,0.0,0.0,0.0,0.0,0.0,0.0,0.0,0.0,0.0,0.0,0.0,0.0,0.0,0.0,0.0,0.0
194.0114306640625,57.57715171501067,808.6850243253467,3172,0.05,0.29541015625,5.08984375,3.5390625,0.0126953125,0.1513671875,0.041748046875,0.287841796875,0.4609375,56.8212890625,0.0,0.097900390625,1.71923828125,0.066162109375,0.165283203125,0.24853515625,0.0,0.00732421875,13.22900390625,0.009765625,0.0,0.42089843749999994,0.708984375,1.138427734375,11.72216796875,107.35584259033203,50.549625396728516,0.0,208.0,208.0,7.551578044891357,0.9968408203125,0.12028312683105469,0.009206533432006836,0.0005753040313720703,0.12063632053746816,96,P004,0.2880859375,0.118896484375,0.034423828125,0.02099609375,1.027587890625,0.0,0.0,0.0,0.0,0.05224609375,0.0,0.0,0.0,0.0,0.0,0.0,0.0,0.0,0.0,0.0,0.0,2.223876953125,0.0,0.0,0.0,0.0
197.666171875,57.15044209312129,786.1277293544769,3064,0.047001953125,0.260986328125,4.83544921875,3.65673828125,0.012451171875,0.139404296875,0.058349609375,0.259765625,0.40087890625000006,61.832763671875,0.0,0.130126953125,1.7802734375,0.017333984375,0.150634765625,0.158203125,0.0,0.009033203125,11.36962890625,0.00732421875,0.0,0.372314453125,0.845703125,1.129150390625,9.810546875,103.58451080322266,50.86323547363281,0.0,208.0,208.0,7.564414024353027,0.99729736328125,0.1847139596939087,0.010236918926239014,-0.0019090771675109863,0.18500725929145814,97,P004,0.2646484375,0.110595703125,0.0322265625,0.02001953125,0.38671875,0.0,0.0,0.0,0.0,0.0,0.0,0.0,0.0,0.0,0.0,0.0,0.0,0.0,0.0,0.0,0.0,1.9487304687499998,0.0,0.0,0.0,0.0
201.81095947265624,55.3536129296238,693.6151387664736,2820,0.04192138671875,0.218017578125,4.26953125,3.6906738281249996,0.01123046875,0.107666015625,0.064208984375,0.228271484375,0.21630859375,69.14208984375,0.0,0.127197265625,1.7666015625,0.0,0.2080078125,0.092041015625,0.0,0.01171875,8.79541015625,0.00439453125,0.0,0.32080078125,0.8278808593749999,1.0693359375,7.645263671874999,100.96649169921875,50.70979309082031,0.0,208.0,208.0,7.583727836608887,0.99740966796875,0.13245630264282227,0.004937589168548584,-0.003822147846221924,0.132603396301764,98,P004,0.0986328125,0.0,0.000244140625,0.0,0.0,0.0,0.0,0.0,0.0,0.0,0.0,0.0,0.0,0.0,0.0,0.0,0.0,0.0,0.0,0.0,0.0,1.08447265625,0.0,0.0,0.0,0.0
205.61535888671875,53.056460593283354,616.7665404539049,2354,0.0376953125,0.20703125,3.669921875,3.30517578125,0.011474609375,0.10327148437500001,0.03564453125,0.218017578125,0.115966796875,74.195068359375,0.0,0.086669921875,1.57666015625,0.0,0.357177734375,0.021728515625,0.0,0.014404296875,6.9609375,0.002197265625,0.0,0.3115234375,0.413818359375,0.932373046875,6.69287109375,100.20137023925781,50.4776725769043,0.0,208.0,208.0,7.573616981506348,0.9976904296875,0.07806253433227539,0.0021402835845947266,-0.003398418426513672,0.07816578105540702,99,P004,0.0,0.0,0.0,0.0,0.0,0.0,0.0,0.0,0.0,0.0,0.0,0.0,0.0,0.0,0.0,0.0,0.0,0.0,0.0,0.0,0.0,0.76806640625,0.0,0.0,0.0,0.0
210.360888671875,49.33116412073748,455.90826792950037,1722,0.031357421875,0.224365234375,2.89404296875,1.7602539062499998,0.01318359375,0.0439453125,0.0,0.23706054687500003,0.054443359375,79.50244140625,0.0,0.041748046875,1.10009765625,0.0,0.23388671875,0.0,0.0,0.002685546875,5.637939453125,0.00244140625,0.0,0.005126953125,0.000244140625,0.622314453125,6.947265625,100.65072631835938,50.683380126953125,0.0,208.0,208.0,7.5754475593566895,0.99740966796875,0.0964040756225586,0.001997530460357666,-0.005587100982666016,0.09658649813493893,100,P004,0.0,0.0,0.0,0.0,0.0,0.0,0.0,0.0,0.0,0.0,0.0,0.0,0.0,0.0,0.0,0.0,0.0,0.0,0.0,0.0,0.0,0.676513671875,0.0,0.0,0.0,0.0
212.7964111328125,48.62878059904155,315.00561024770735,1098,0.0242236328125,0.2236328125,2.253662109375,0.501220703125,0.0,0.0,0.0,0.27685546875,0.001220703125,85.467529296875,0.0,0.0,0.378662109375,0.0,0.064697265625,0.0,0.0,0.0,3.9267578125,0.0017089843750000002,0.0,0.0,0.0,0.2890625,4.807373046875,101.02228546142578,50.78945541381836,0.0,208.0,208.0,7.566651344299316,0.99772705078125,0.06338286399841309,0.0009915828704833984,-0.004648268222808838,0.06356081405002252,101,P004,0.0,0.0,0.0,0.0,0.0,1.174072265625,0.0,0.0,0.0,0.0,0.0,0.0,0.0,0.0,0.0,0.0,0.0,0.0,0.0,0.0,0.0,0.633544921875,0.0,0.0,0.0,0.0
213.55974609375,47.888733544764676,178.4733556668699,533,0.01744384765625,0.10742187500000001,1.1220703125,0.24121093750000003,0.0,0.0,0.0,0.1533203125,0.0,89.807373046875,0.0,0.0,0.13671875,0.0,0.007080078124999999,0.0,0.0,0.0,2.42236328125,0.0017089843750000002,0.0,0.0,0.0,0.181640625,2.458251953125,100.27006530761719,50.99258041381836,0.0,208.0,208.0,7.544753551483154,0.9974755859375,0.10058426856994629,0.001201629638671875,-0.009311914443969727,0.10102153606113615,102,P004,0.0,0.0,0.0,0.0,0.0,2.689208984375,0.0,0.0,0.0,0.0,0.0,0.0,0.0,0.0,0.0,0.0,0.0,0.0,0.0,0.0,0.0,0.671630859375,0.0,0.0,0.0,0.0
213.97978271484374,45.437785783485445,82.14909120919705,294,0.01199462890625,0.01953125,0.167236328125,0.044921875,0.0,0.0,0.0,0.026611328125000003,0.0,94.0361328125,0.0,0.0,0.016357421875,0.0,0.0,0.0,0.0,0.0,0.689208984375,0.0,0.0,0.0,0.0,0.09228515625,0.493896484375,99.73501586914062,50.9112434387207,0.0,208.0,208.0,7.527552604675293,0.9978125,0.12305450439453125,0.0012573003768920898,-0.015613317489624023,0.1240474406791742,103,P004,0.0,0.0,0.0,0.0,0.0,3.749755859375,0.0,0.0,0.0,0.0,0.0,0.0,0.0,0.0,0.0,0.0,0.0,0.0,0.0,0.0,0.0,0.6640625,0.0,0.0,0.0,0.0
208.86677490234376,51.88099101887606,60.026335789388405,380,0.0092236328125,0.0,0.0,0.0,0.0,0.0,0.0,0.0,0.0,93.718017578125,0.0,0.0,0.0,0.0,0.0,0.0,0.0,0.0,0.017822265625,0.0,0.0,0.0,0.0,0.0,0.0,100.14247131347656,51.129573822021484,0.0,208.0,208.0,7.555432319641113,0.99752197265625,0.13577818870544434,0.0011541247367858887,-0.024160325527191162,0.1379158071492139,104,P004,0.0,0.0,0.0,0.0,0.0,5.664306640625,0.0,0.0,0.0,0.0,0.0,0.0,0.0,0.0,0.0,0.0,0.0,0.0,0.0,0.0,0.0,0.599853515625,0.0,0.0,0.0,0.0
195.13850830078124,64.08695640282787,84.95964044436816,489,0.01121337890625,0.0,0.0,0.0,0.0,0.0,0.0,0.0,0.0,89.8818359375,0.0,0.0,0.0,0.0,0.0,0.0,0.0,0.0,0.024169921875,0.0,0.0,0.0,0.0,0.0,0.0,100.21704864501953,51.211307525634766,0.0,208.0,208.0,7.559209823608398,0.99740234375,0.19020891189575195,0.0012514591217041016,-0.04774510860443115,0.19611372137142305,105,P004,0.0,0.0,0.0,0.0,0.0,9.647705078125,0.0,0.0,0.0,0.0,0.0,0.0,0.0,0.0,0.0,0.0,0.0,0.0,0.0,0.0,0.0,0.4462890625,0.0,0.0,0.0,0.0
191.19499755859374,57.17020901401401,81.8215800571382,697,0.00880615234375,0.0,0.0,0.0,0.0,0.0,0.0,0.0,0.0,92.4345703125,0.0,0.0,0.0,0.0,0.0,0.0,0.0,0.0,0.00146484375,0.0,0.0,0.0,0.0,0.0,0.0,100.95298767089844,51.5942497253418,0.0,208.0,208.0,7.553825855255127,0.99728515625,0.160811185836792,0.0009002685546875,-0.05123108625411987,0.16877698946385694,106,P004,0.0,0.0,0.0,0.0,0.0,7.56396484375,0.0,0.0,0.0,0.0,0.0,0.0,0.0,0.0,0.0,0.0,0.0,0.0,0.0,0.0,0.0,0.0,0.0,0.0,0.0,0.0
183.1395068359375,56.512767161906446,168.25495049092774,916,0.01693603515625,0.0,0.0,0.025390625,0.0,0.0,0.0,0.0,0.0,84.640869140625,0.0,0.0,0.0,0.0,0.362548828125,0.0,0.0,0.0,2.607177734375,0.0,0.0,0.0,0.0,0.0,0.0,99.7360610961914,52.5569953918457,0.0,208.0,208.0,7.532060623168945,0.99642578125,0.1450212001800537,0.0008336305618286133,-0.05140644311904907,0.15386508972385143,107,P004,0.0,0.0,0.0,0.0,0.21875000000000003,5.763671875,0.0,0.0,0.0,0.175537109375,3.96875,2.2373046875,0.0,0.0,0.0,0.0,0.0,0.0,0.0,0.0,0.0,0.0,0.0,0.0,0.0,0.0
169.48737548828126,60.47193177834257,312.90799839744574,2020,0.02651611328125,0.0,0.0,0.082275390625,0.0,0.0,0.0,0.0,0.0,76.640380859375,0.0,0.223388671875,1.11328125,0.0,0.424560546875,0.0,0.0,0.0,5.83154296875,0.0,0.0,0.0,0.0,0.035888671875,0.0,94.4444808959961,52.333038330078125,0.0,208.0,208.0,7.472763538360596,0.997333984375,0.2186131477355957,0.0014513134956359863,-0.08124691247940063,0.23322708989558524,108,P004,0.0,0.0,0.0,0.0,0.45751953124999994,3.8203124999999996,0.0,0.0,0.0,0.150390625,5.811279296875,3.189697265625,0.0,0.0,2.219482421875,0.0,0.0,0.0,0.0,0.0,0.0,0.0,0.0,0.0,0.0,0.0
156.0094970703125,59.45882994672684,472.2838034043253,3445,0.036708984375,0.0,0.0,0.170654296875,0.0,0.0,0.070556640625,0.0,0.0,76.501953125,0.0,0.209716796875,1.329833984375,0.0,0.43310546874999994,0.0,0.0,0.0,6.35107421875,0.0,0.0,0.0,0.0,0.0,0.0,90.9611587524414,51.441810607910156,0.0,208.0,208.0,7.44961404800415,0.99650634765625,0.24868345260620117,0.0013105273246765137,-0.09483957290649414,0.2661573250374591,109,P004,0.0,0.0,0.0,0.09716796875,0.413818359375,1.456298828125,0.0,0.0,0.0,0.13037109375,5.371337890625,2.76611328125,0.099365234375,0.0,2.59326171875,0.0,0.0,0.0,0.236083984375,1.749755859375,0.0,0.0,0.0,0.0,0.01953125,0.0
135.329248046875,62.50357821023532,462.4699629973828,3456,0.03976806640625,0.0,0.0,0.0034179687500000004,0.0,0.0,0.095947265625,0.0,0.0,76.703857421875,0.0,0.19848632812500003,1.145263671875,0.0,0.393310546875,0.0,0.0,0.0,4.179443359375,0.0,0.0,0.0,0.0,0.0390625,0.0,91.66613006591797,51.48184585571289,0.0,208.0,208.0,7.460042953491211,0.997275390625,0.28026771545410156,-0.0003305673599243164,-0.11011719703674316,0.30112439071564695,110,P004,0.0,0.0,0.0,0.06884765625,0.39599609375,0.159423828125,0.0,0.0,0.0,0.1201171875,4.152099609375,2.468017578125,0.083740234375,0.0,2.298095703125,0.0,0.0,0.0,0.53466796875,6.891845703125001,0.0,0.0,0.0,0.0,0.068359375,0.0
127.8323095703125,65.56142243988965,444.2615673207997,3437,0.0375048828125,0.0,0.0,0.0,0.0,0.0,0.137939453125,0.0,0.0,75.958251953125,0.0,0.19628906249999997,1.05615234375,0.0,0.254638671875,0.0,0.0,0.0,3.6738281249999996,0.0,0.0,0.0,0.0,0.0,0.0,102.7154769897461,52.49934387207031,0.0,208.0,208.0,7.502015590667725,0.9967578125,0.19450950622558594,-0.0022852420806884766,-0.07902956008911133,0.20996390573469303,111,P004,0.0,0.0,0.0,0.0,0.27783203125,0.0,0.0,0.0,0.0,0.111572265625,2.0322265625,1.478271484375,0.0,0.0,2.153564453125,0.0,0.0,0.0,0.80712890625,11.71044921875,0.0,0.0,0.0,0.0,0.135009765625,0.016845703125
128.42912109375,67.86855747947435,329.6296458999574,2496,0.02919677734375,0.0,0.0,0.0,0.0,0.0,0.080322265625,0.0,0.0,75.3837890625,0.0,0.1923828125,1.065185546875,0.0,0.0,0.0,0.0,0.0,5.221435546875,0.0,2.0341796875,0.0,0.0,0.0,0.0,109.75035095214844,52.92699432373047,0.0,208.0,208.0,7.452670097351074,0.9959814453125,0.1984410285949707,-0.005447804927825928,-0.08403778076171875,0.21557103006600012,112,P004,0.0,0.0,0.0,0.0,0.0,0.0,0.0,0.0,0.0,0.0,0.0,0.0,0.0,0.0,2.206787109375,0.0,0.0,0.0,0.941650390625,12.62255859375,0.0,0.0,0.0,0.0,0.182861328125,0.06884765625
126.933330078125,68.86916053572132,244.22497731789946,1812,0.03207275390625,0.0,0.0,0.0,0.0,0.0,0.0,0.0,0.0,63.07568359375,0.0,0.0,0.0,0.0,0.0,0.0,0.0,0.0,5.549072265625,0.0,21.119384765625,0.0,0.0,0.0,0.0,108.15644836425781,54.1155891418457,0.0,208.0,208.0,7.335669040679932,0.991474609375,0.2782421112060547,-0.020453572273254395,-0.13086891174316406,0.3081617969962854,113,P004,0.0,0.0,0.0,0.0,0.0,0.0,0.0,0.0,0.0,0.0,0.0,0.0,0.0,0.0,0.11865234375000001,0.0,0.0,0.0,0.275634765625,9.7080078125,0.0,0.0,0.0,0.0,0.10302734375,0.05053710937499999
147.26684814453125,54.315118972541654,158.70023655528425,2075,0.03002197265625,0.0,0.0,0.0,0.0,0.0,0.0,0.0,0.0,66.92431640625,0.0,0.0,0.0,0.0,0.0,0.0,0.0,0.0,3.8234863281250004,0.0,29.0263671875,0.0,0.0,0.0,0.0,110.17990112304688,53.848182678222656,0.0,208.0,208.0,7.3339524269104,0.994921875,0.3157162666320801,-0.05422097444534302,-0.18709659576416016,0.370974138225886,114,P004,0.0,0.0,0.0,0.0,0.0,0.0,0.0,0.0,0.0,0.0,0.0,0.0,0.0,0.0,0.0,0.0,0.0,0.116943359375,0.0,0.10888671875,0.0,0.0,0.0,0.0,0.0,0.0
159.9739453125,45.1393225177804,107.0570393914938,1821,0.0259033203125,0.0,0.0,0.0,0.0,0.0,0.0,0.0,0.0,73.9326171875,0.0,0.0,0.0,0.0,0.0,0.0,0.0,0.0,0.0,0.0,21.657470703125,0.0,0.0,0.0,0.0,121.20964813232422,48.62514877319336,0.0,208.0,208.0,7.381138801574707,0.99760009765625,0.2621912956237793,-0.018208801746368408,-0.14541184902191162,0.30036717829664045,115,P004,0.0,0.0,0.0,2.027099609375,0.0,0.0,0.0,0.0,0.0,0.0,0.0,0.0,2.3828125,0.0,0.0,0.0,0.0,0.0,0.0,0.0,0.0,0.0,0.0,0.0,0.0,0.0
166.67789794921876,37.71768818119326,262.17533784741767,1520,0.02326171875,0.0,0.0,0.0,0.0,0.0,0.0,0.0,0.0,84.29443359375,0.0,0.0,3.697998046875,0.62060546875,0.271240234375,0.0,0.0,0.0,3.714111328125,0.0,2.685302734375,0.0,0.0,0.171142578125,0.0,116.34976196289062,49.741859436035156,0.0,208.0,208.0,7.454257965087891,0.99687744140625,0.23013544082641602,-0.01163637638092041,-0.10741662979125977,0.25423622624512,116,P004,0.0,0.0,0.0,2.134765625,0.0,0.0,0.005126953125,0.0,0.0,0.0,0.0,0.0,2.4052734375,0.0,0.0,0.0,0.0,0.0,0.0,0.0,0.0,0.0,0.0,0.0,0.0,0.0
158.25700927734374,44.774329088803256,576.4626805570365,3424,0.0338525390625,0.0,0.0,0.0,0.0,0.0,0.6103515625,0.0,0.0,70.72998046875,0.0,0.0,7.7880859375,1.20263671875,0.262939453125,0.0,0.0,0.0,17.07958984375,0.0,0.0,0.0,0.0,0.02001953125,0.0,108.71251678466797,50.888099670410156,0.0,208.0,208.0,7.521554946899414,0.99713623046875,0.17235708236694336,-0.06811609864234924,-0.06886518001556396,0.197709837273909,117,P004,0.0,0.0,0.0,0.48876953125,0.0,0.0,0.0,0.0,0.0,0.0,0.0,0.0,1.7404785156250002,0.0,0.0,0.0,0.0,0.0,0.01513671875,0.06201171875,0.0,0.0,0.0,0.0,0.0,0.0
157.51646484375,50.56381388708093,730.1543248614727,3748,0.047138671875,0.0,0.0,0.0,0.0,0.0,0.738037109375,0.0,0.0,61.54199218750001,0.0,0.0,9.3115234375,1.715087890625,0.267822265625,0.0,0.0,0.0,21.118408203125,0.0,0.0,0.0,0.0,0.010009765625,0.0,108.77401733398438,49.609004974365234,0.0,208.0,208.0,7.539451599121094,0.99722412109375,0.12117195129394531,-0.10048246383666992,-0.03815889358520508,0.1619736660038197,118,P004,0.0,0.0,0.0,0.0,0.0,0.0,0.0,0.0,0.0,0.0,0.0,0.0,0.0,0.0,0.0,0.0,0.0,0.0,0.09423828125,5.202880859375,0.0,0.0,0.0,0.0,0.0,0.0
157.6151025390625,55.08857789498145,805.5217511135102,3958,0.05625732421875,0.0,0.0,0.0,0.0,0.0,0.9360351562500001,0.0,0.0,52.531005859375,0.0,0.0,10.428466796875,2.140380859375,0.305419921875,0.0,0.0,0.0,23.08544921875,0.0,0.0,0.0,0.0,0.0087890625,0.0,107.92829132080078,48.82286071777344,0.0,208.0,208.0,7.558534145355225,0.99802978515625,0.062479496002197266,-0.09760713577270508,-0.013522624969482422,0.11667776892152651,119,P004,0.0,0.0,0.0,0.0,0.0,0.0,0.0,0.0,0.0,0.0,0.0,0.0,0.0,0.0,0.0,0.0,0.0,0.0,0.12109375,10.443359375,0.0,0.0,0.0,0.0,0.0,0.0
154.82842529296875,56.69838165706375,857.2696339021624,4016,0.06231689453125,0.0,0.0,0.0,0.0,0.0,1.080810546875,0.0,0.0,45.5673828125,0.0,0.0,11.202880859375,2.3564453125,0.362060546875,0.0,0.0,0.0,23.3916015625,0.0,0.0,0.0,0.0,0.00830078125,0.0,107.2680892944336,48.89842224121094,0.0,208.0,208.0,7.558363914489746,0.998427734375,0.04042816162109375,-0.06891630589962006,-0.0077762603759765625,0.08027679425803118,120,P004,0.0,0.0,0.0,0.0,0.0,0.0,0.0,0.0,0.0,0.0,0.0,0.0,0.0,0.0,0.0,0.0,0.0,0.0,0.155517578125,15.875,0.0,0.0,0.0,0.0,0.0,0.0
151.32308349609374,57.29097166176432,904.3910105447533,4114,0.069404296875,0.0,0.0,0.0,0.0,0.0,1.120849609375,0.0,0.0,39.00927734375,0.0,0.0,12.05322265625,2.512939453125,0.412109375,0.0,0.0,0.0,23.54345703125,0.0,0.0,0.0,0.0,0.008056640625,0.0,105.97521209716797,48.766357421875,0.0,208.0,208.0,7.5554986000061035,0.99883056640625,0.022121906280517578,-0.03920769691467285,-0.003905057907104492,0.04518707461315337,121,P004,0.0,0.0,0.0,0.0,0.0,0.0,0.0,0.0,0.0,0.0,0.0,0.0,0.0,0.0,0.0,0.0,0.0,0.0,0.189697265625,21.150390625,0.0,0.0,0.0,0.0,0.0,0.0
148.66825439453126,57.982015168816325,965.3442368501426,4264,0.07612548828125,0.0,0.0,0.0,0.0,0.0,1.20166015625,0.0,0.0,34.605712890625,0.0,0.0,12.967041015625,2.673828125,0.432373046875,0.0,0.0,0.0,24.126220703125,0.0,0.0,0.0,0.0,0.0078125,0.0,104.44515991210938,48.68798828125,0.0,208.0,208.0,7.551513195037842,0.998935546875,0.02096843719482422,-0.03805335611104965,-0.0034482479095458984,0.04358467257366212,122,P004,0.0,0.0,0.0,0.0,0.0,0.0,0.0,0.0,0.0,0.0,0.0,0.0,0.0,0.0,0.0,0.0,0.0,0.0,0.217041015625,23.768310546875,0.0,0.0,0.0,0.0,0.0,0.0
145.584033203125,58.88032133216144,1056.3940437673032,4331,0.08291015625,0.0,0.0,0.0,0.0,0.0,1.5981445312499998,0.0,0.0,30.039306640625004,0.0,0.0,14.1845703125,3.018798828125,0.435546875,0.0,0.0,0.0,25.804931640625,0.0,0.0,0.0,0.0,0.008056640625,0.0,103.6065444946289,48.40003204345703,0.0,208.0,208.0,7.542393684387207,0.99908203125,0.06145143508911133,-0.11621039956798995,-0.008427619934082031,0.13172760006929635,123,P004,0.0,0.0,0.0,0.0,0.0,0.0,0.0,0.0,0.0,0.0,0.0,0.0,0.0,0.0,0.0,0.0,0.0,0.0,0.23266601562499997,24.677978515625,0.0,0.0,0.0,0.0,0.0,0.0
137.4535400390625,61.320877156651086,1249.5968481900932,4462,0.09403076171875,0.0,0.0,0.0,0.0,0.0,1.865478515625,0.0,0.0,26.851562499999996,0.0,0.0,17.07666015625,4.06201171875,0.508056640625,0.0,0.0,0.0,28.67236328125,0.0,0.0,0.0,0.0,0.01611328125,0.0,102.48652648925781,47.76102828979492,0.0,208.0,208.0,7.531978130340576,0.99913818359375,0.08410930633544922,-0.1710998505354837,-0.005475521087646484,0.19073414900503938,124,P004,0.0,0.0,0.0,0.0,0.0,0.0,0.0,0.0,0.03515625,0.0,0.0,0.0,0.0,0.0,0.0,0.0,0.0,0.0,0.24316406250000003,20.66943359375,0.0,0.0,0.0,0.0,0.0,0.0
128.7473828125,63.78660260478895,1435.3182853168246,4562,0.0944091796875,0.0,0.0,0.0,0.0,0.0,1.82275390625,0.0,0.0,29.507080078124996,0.0,0.0,21.04052734375,5.2998046875,0.718017578125,0.0,0.0,0.0,30.744873046875,0.0,0.0,0.0,0.0,0.04345703125,0.0,101.52193450927734,47.07951354980469,0.0,208.0,208.0,7.502459526062012,0.9992529296875,0.08085060119628906,-0.18907417356967926,0.012698650360107422,0.20602698499426436,125,P004,0.0,0.0,0.0,0.0,0.0,0.0,0.0,0.0,0.26806640625,0.0,0.0,0.0,0.0,0.0,0.0,0.0,0.0,0.0,0.2041015625,10.351318359375,0.0,0.0,0.0,0.0,0.0,0.0
120.38322509765625,65.71248303117287,1660.50282929132,4701,0.0989697265625,0.0,0.0,0.0,0.0,0.0,1.825439453125,0.0,0.0,31.458740234375,0.0,0.0,25.748779296875,5.837646484375,1.26025390625,0.0,0.0,0.0,29.243896484375,0.0,0.0,0.0,0.0,0.124267578125,0.0,100.19896697998047,46.824195861816406,0.0,208.0,208.0,7.49212646484375,0.999208984375,0.03258514404296875,-0.11876192688941956,0.02948284149169922,0.12663105793293175,126,P004,0.0,0.0,0.0,0.0,0.0,0.0,0.0,0.0,0.46337890625,0.0,0.0,0.0,0.0,0.0,0.0,0.0,0.0,0.0,0.14208984375,3.8955078125,0.0,0.0,0.0,0.0,0.0,0.0
119.853466796875,66.6990802218025,1719.2974816281262,4737,0.09826904296875,0.0,0.0,0.0,0.0,0.0,1.7092285156250002,0.0,0.0,37.38134765625,0.0,0.0,27.671142578125004,4.67578125,1.5146484375,0.0,0.0,0.0,24.532958984375,0.0,0.0,0.0,0.0,0.320556640625,0.0,99.98197174072266,46.451480865478516,0.0,208.0,208.0,7.487643718719482,0.99924072265625,-0.0010094642639160156,-0.1717638075351715,0.06818485260009766,0.18480529949429644,127,P004,0.0,0.0,0.0,0.0,0.0,0.0,0.0,0.0,0.42578125000000006,0.0,0.0,0.0,0.0,0.0,0.0,0.0,0.0,0.0,0.08837890625,1.6801757812499998,0.0,0.0,0.0,0.0,0.0,0.0
125.80522216796875,66.93791260650185,1749.5457310302495,4821,0.0917822265625,0.0,0.0,0.0,0.0,0.0,1.6359863281250002,0.0,0.0,49.4111328125,0.0,0.0,28.06494140625,2.84619140625,0.0,0.0,0.0,0.0,16.5556640625,0.0,0.0,0.0,0.0,1.095703125,0.0,97.77607727050781,45.93253707885742,0.0,208.0,208.0,7.460421562194824,0.9992529296875,-0.018564224243164062,-0.10948628187179565,0.04150271415710449,0.11855105070081451,128,P004,0.0,0.0,0.0,0.0,0.0,0.0,0.0,0.0,0.358642578125,0.0,0.0,0.0,0.0,0.0,0.0,0.0,0.0,0.0,0.03173828125,0.0,0.0,0.0,0.0,0.0,0.0,0.0
129.89327880859375,68.07277025748776,1784.299639045709,4849,0.0901904296875,0.0,0.0,0.0,0.0,0.0,1.6005859375,0.0,0.0,57.5400390625,0.0,0.0,28.21826171875,1.954345703125,0.0,0.0,0.0,0.0,8.1708984375,0.0,0.0,0.0,0.0,2.1982421875,0.0,94.94699096679688,45.71921920776367,0.0,208.0,208.0,7.395748138427734,0.99923828125,-0.0064105987548828125,-0.03197556734085083,0.011347532272338867,0.03452968537124489,129,P004,0.0,0.0,0.0,0.0,0.0,0.0,0.0,0.0,0.317626953125,0.0,0.0,0.0,0.0,0.0,0.0,0.0,0.0,0.0,0.0,0.0,0.0,0.0,0.0,0.0,0.0,0.0
131.35847900390624,68.63991713107461,1809.9022526668016,4872,0.09316650390625,0.0,0.0,0.0,0.0,0.0,1.5722656250000002,0.0,0.0,58.89306640625001,0.0,0.0,28.631591796875,1.750244140625,0.0,0.0,0.0,0.0,6.058837890625,0.0,0.0,0.0,0.0,2.787109375,0.0,93.67223358154297,45.80183410644531,0.0,208.0,208.0,7.357141971588135,0.999248046875,-0.016228675842285156,-0.0753902792930603,0.025898218154907227,0.08134975006156302,130,P004,0.0,0.0,0.0,0.0,0.0,0.0,0.0,0.0,0.306884765625,0.0,0.0,0.0,0.0,0.0,0.0,0.0,0.0,0.0,0.0,0.0,0.0,0.0,0.0,0.0,0.0,0.0
132.55400634765624,70.2453656466948,1861.025498919242,4916,0.09852294921875,0.0,0.0,0.0,0.0,0.0,1.56201171875,0.0,0.0,57.71826171875,0.0,0.0,29.95751953125,1.650634765625,0.0,0.0,0.0,0.0,4.36865234375,0.0,0.0,0.0,0.0,4.41943359375,0.0,90.705322265625,46.26358413696289,0.0,208.0,208.0,7.383693695068359,0.99917724609375,-0.029571056365966797,-0.12641650438308716,0.04162037372589111,0.13633721232341933,131,P004,0.0,0.0,0.0,0.0,0.0,0.0,0.0,0.0,0.323486328125,0.0,0.0,0.0,0.0,0.0,0.0,0.0,0.0,0.0,0.0,0.0,0.0,0.0,0.0,0.0,0.0,0.0
135.74751220703126,72.92708802887603,1913.7596728515625,4903,0.099775390625,0.0,0.0,0.0,0.0,0.0,1.5710449218749998,0.0,0.0,56.15820312499999,0.0,0.0,31.603271484375,1.1630859375,0.0,0.0,0.0,0.0,1.501708984375,0.0,0.0,0.0,0.0,7.678955078124999,0.0,85.50508117675781,47.3017692565918,0.0,208.0,208.0,7.374790191650391,0.99917724609375,-0.034664154052734375,-0.13974273204803467,0.04449951648712158,0.15069784903583766,132,P004,0.0,0.0,0.0,0.0,0.0,0.0,0.0,0.0,0.32373046875,0.0,0.0,0.0,0.0,0.0,0.0,0.0,0.0,0.0,0.0,0.0,0.0,0.0,0.0,0.0,0.0,0.0
143.40959716796874,73.78630671590274,1980.9991613481939,4873,0.09593994140625,0.0,0.0,0.0,0.0,0.0,1.6176757812500002,0.0,0.0,54.0263671875,0.0,0.0,31.526611328125,0.004150390625,0.0,0.0,0.0,0.0,0.0,0.0,0.0,0.0,0.0,12.484619140625,0.0,104.82108306884766,53.07029724121094,0.0,208.0,208.0,7.419787406921387,0.9947509765625,-0.03843402862548828,-0.15081584453582764,0.04724466800689697,0.16264886158384786,133,P004,0.0,0.0,0.0,0.0,0.0,0.0,0.0,0.0,0.340576171875,0.0,0.0,0.0,0.0,0.0,0.0,0.0,0.0,0.0,0.0,0.0,0.0,0.0,0.0,0.0,0.0,0.0
158.24828125,64.07252053471049,1617.459649351096,4916,0.102900390625,0.0,0.50341796875,2.90234375,0.0,0.0,10.518310546875,0.0,0.019775390625,43.902587890625,0.0,0.0244140625,14.689941406250002,0.279052734375,1.352294921875,0.0,0.02197265625,0.11083984375,15.60595703125,0.0,0.10986328125,0.0,0.0,3.610107421875,0.0,94.41417694091797,46.996517181396484,0.0,208.0,208.0,7.451265811920166,0.99945556640625,-0.2548952102661133,-0.008271187543869019,0.10947120189666748,0.2775318446677658,0,P005,0.0,0.0,0.0,0.008544921875,0.0,1.234375,0.347412109375,0.0,0.0,0.0,0.0,0.0,0.021484375,0.0,0.0,0.078369140625,4.64501953125,0.0,0.0,0.0,0.0,0.013916015624999998,0.0,0.0,0.0,0.0
165.3337841796875,62.12153500646045,1646.8507455665529,4909,0.10186279296875,0.0,1.7724609374999998,2.541015625,0.0,0.0,9.375,0.0,2.385986328125,43.276611328125,0.0,0.023681640625,15.672363281250002,0.251953125,0.69970703125,0.0,0.013916015624999998,0.08251953125,13.578369140624998,0.0,0.082275390625,0.0,0.0,5.150634765625,0.0,97.11840057373047,47.440006256103516,0.0,208.0,208.0,7.520708084106445,0.99861328125,-0.25278759002685547,-0.015533894300460815,0.0356479287147522,0.2557609085950695,1,P005,0.0,0.0,0.0,0.00634765625,0.0,0.9533691406249999,0.30322265625,0.0,0.0,0.0,0.0,0.0,0.0185546875,0.0,0.0,0.06640625,3.6975097656249996,0.0,0.0,0.0,0.0,0.048095703125,0.0,0.0,0.0,0.0
165.92716064453126,65.1366107586779,1741.1225261897807,4948,0.10148681640625,0.0,2.5341796875,2.481689453125,0.0,0.0,8.208251953125,0.0,4.34912109375,42.3408203125,0.0,0.0205078125,15.7705078125,0.22314453125,0.39013671875,0.0,0.012451171875,0.115234375,13.736572265625,0.0,0.05981445312500001,0.0,0.0,4.895751953125,0.0,95.9189453125,47.45486068725586,0.0,208.0,208.0,7.490059852600098,0.99904052734375,-0.3186737298965454,-0.02210146188735962,0.029011249542236328,0.320753913995974,2,P005,0.0,0.0,0.0,0.005126953125,0.0,0.661376953125,0.2666015625,0.0,0.0,0.0,0.0,0.0,0.014404296875,0.0,0.0,0.056884765625,3.032470703125,0.0,0.0,0.0,0.0,0.3134765625,0.511474609375,0.0,0.0,0.0
152.7150390625,64.75960382444038,1720.0722045382909,4883,0.10302734375,0.0,2.02734375,3.955322265625,0.0,0.0,7.24365234375,0.0,5.768310546875,27.423583984375,0.0,0.02001953125,15.79541015625,0.191650390625,0.21655273437499997,0.0,0.009765625,0.1591796875,15.58837890625,0.0,0.044677734375,0.0,0.0,4.68603515625,0.0,99.96602630615234,46.46865463256836,0.0,208.0,208.0,7.4673566818237305,0.99921630859375,-0.2195911705493927,-0.01923513412475586,0.01249629259109497,0.2207859368179325,3,P005,0.0,0.0,0.0,0.00390625,0.0,0.433837890625,0.234130859375,0.0,0.0,0.0,0.0,0.0,0.010986328125,0.0,0.0,0.048583984375,2.457763671875,0.0,0.0,0.0,0.0,0.11181640625,13.569091796875,0.0,0.0,0.0
145.38470458984375,63.36479787933288,1688.9464723823965,4870,0.099150390625,0.0,1.5048828125,5.39013671875,0.0,0.0,6.53125,0.0,6.734619140625001,22.15771484375,0.0,0.018798828125,16.166259765625,0.1787109375,0.159423828125,0.0,0.008544921875,0.162109375,15.648681640625,0.0,0.039306640625,0.0,0.0,4.510986328125,0.0,103.07743072509766,46.39982986450195,0.0,208.0,208.0,7.441349029541016,0.99919189453125,-0.14259421825408936,-0.014930516481399536,0.004472494125366211,0.1434434892408772,4,P005,0.0,0.0,0.0,0.0034179687500000004,0.0,0.33544921875,0.21679687500000003,0.0,0.0,0.0,0.0,0.0,0.010009765625,0.0,0.0,0.044677734375,2.153564453125,0.0,0.0,0.0,0.0,0.062744140625,17.9619140625,0.0,0.0,0.0
141.23825927734376,63.59083249294403,1676.9301951278683,4882,0.09957275390625,0.0,1.25537109375,6.309814453125,0.0,0.0,6.0,0.0,7.555419921875001,20.218994140625,0.0,0.018310546875,16.47119140625,0.175048828125,0.13720703125,0.0,0.007568359375,0.155029296875,14.713134765625,0.0,0.036865234375,0.0,0.0,4.66943359375,0.0,104.22601318359375,46.76651382446289,0.0,208.0,208.0,7.484724998474121,0.99910888671875,-0.1675348561257124,-0.020534127950668335,0.0010668039321899414,0.16879193256310357,5,P005,0.0,0.0,0.0,0.003173828125,0.0,0.293701171875,0.210205078125,0.0,0.0,0.0,0.0,0.0,0.0087890625,0.0,0.0,0.042724609375,1.990478515625,0.0,0.0,0.0,0.0,0.0458984375,19.681640625,0.0,0.0,0.0
137.66897216796875,64.66417724307362,1693.374444234371,4894,0.09992431640625,0.0,1.121337890625,7.547607421874999,0.0,0.0,5.4365234375,0.0,8.14013671875,18.6796875,0.0,0.017578125,16.495361328125,0.161376953125,0.288818359375,0.0,0.008056640625,0.147216796875,15.063232421875,0.0,0.03173828125,0.0,0.0,4.96044921875,0.0,105.51000213623047,47.0748405456543,0.0,208.0,208.0,7.511255264282227,0.99916015625,-0.06885215453803539,-0.009525835514068604,-0.0010406970977783203,0.06951578077832343,6,P005,0.0,0.0,0.0,0.0034179687500000004,0.0,0.252685546875,0.201416015625,0.0,0.0,0.0,0.0,0.0,0.007080078124999999,0.0,0.0,0.03955078125,1.8503417968750002,0.0,0.0,0.0,0.0,0.033447265625,19.512939453125,0.0,0.0,0.0
138.26831787109376,64.30276993141183,1685.4114091962576,4861,0.09965576171875,0.0,1.080810546875,6.45751953125,0.0,0.0,5.11083984375,0.0,8.184326171875,18.099609375,0.0,0.017822265625,16.512451171875,0.14013671875,0.7978515625,0.0,0.0078125,0.14404296875,16.42041015625,0.0,0.03076171875,0.0,0.0,5.379638671875,0.0,105.3979263305664,47.205223083496094,0.0,208.0,208.0,7.501165866851807,0.999208984375,-0.011130448430776596,-0.001610100269317627,-0.00026237964630126953,0.01124936212530413,7,P005,0.0,0.0,0.0,0.003173828125,0.0,0.24072265625,0.195556640625,0.0,0.0,0.0,0.0,0.0,0.007568359375,0.0,0.0,0.03759765625,1.820068359375,0.0,0.0,0.0,0.0,0.03173828125,19.279541015625,0.0,0.0,0.0
141.7122265625,63.061558071225484,1657.5823104308545,4886,0.0979443359375,0.0,1.156005859375,5.40576171875,0.0,0.0,5.033447265625,0.0,7.952392578125,17.8359375,0.0,0.01611328125,16.40966796875,0.132080078125,0.71630859375,0.0,0.007080078124999999,0.14697265625,18.7255859375,0.0,0.02880859375,0.0,0.0,6.001953125,0.0,104.53142547607422,47.162784576416016,0.0,208.0,208.0,7.4848480224609375,0.99916015625,-0.10781333595514297,-0.016593247652053833,-0.0038678646087646484,0.10915132456388539,8,P005,0.0,0.0,0.0,0.0034179687500000004,0.0,0.25146484375,0.18603515625,0.0,0.0,0.0,0.0,0.0,0.00732421875,0.0,0.0,0.035888671875,1.8632812499999998,0.0,0.0,0.0,0.0,0.032470703125,18.052001953125,0.0,0.0,0.0
142.6958349609375,62.906867686952104,1644.2353901968954,4910,0.09576416015625,0.0,1.11474609375,4.910888671875,0.0,0.0,4.800048828125,0.0,7.919677734375,16.92822265625,0.0,0.017333984375,16.366455078125,0.10839843750000001,0.51025390625,0.0,0.005859375,0.145263671875,21.137939453125,0.0,0.025390625,0.0,0.0,6.376708984375,0.0,104.11288452148438,47.23933029174805,0.0,208.0,208.0,7.485048770904541,0.99915283203125,-0.02867645025253296,-0.00474587082862854,-0.0014684200286865234,0.02910357961469126,9,P005,0.0,0.0,0.0,0.003173828125,0.0,0.2314453125,0.18408203125,0.0,0.0,0.0,0.0,0.0,0.006835937500000001,0.0,0.0,0.034912109375,1.8247070312499998,0.0,0.0,0.0,0.0,0.026611328125000003,17.321044921875,0.0,0.0,0.0
143.2230517578125,62.97806990476097,1656.5476897884366,4890,0.0951806640625,0.0,1.10498046875,4.79443359375,0.0,0.0,4.7470703125,0.0,8.3486328125,16.68798828125,0.0,0.01611328125,16.60107421875,0.104736328125,0.47851562500000006,0.0,0.006103515625,0.14111328125,21.202880859375,0.0,0.025634765625,0.0,0.0,6.702636718750001,0.0,103.7230453491211,47.26544189453125,0.0,208.0,208.0,7.487490653991699,0.99914794921875,-0.12470778822898865,-0.022489994764328003,-0.008816540241241455,0.12702583867580333,10,P005,0.0,0.0,0.0,0.0034179687500000004,0.0,0.23486328124999997,0.183837890625,0.0,0.0,0.0,0.0,0.0,0.007080078124999999,0.0,0.0,0.0322265625,1.8310546875,0.0,0.0,0.0,0.0,0.02587890625,16.7197265625,0.0,0.0,0.0
147.828203125,59.03175987813934,1422.759213733077,4898,0.0817236328125,0.0,0.962646484375,5.067138671875,0.0,0.0,3.7868652343750004,0.0,7.585205078125,25.273681640625,0.0,0.016845703125,12.57373046875,0.099365234375,0.380859375,0.0,0.006591796875,0.138427734375,20.967041015625,0.0,0.0234375,0.0,0.0,3.8486328124999996,0.58984375,103.79476928710938,47.753456115722656,0.0,208.0,208.0,7.512718200683594,0.99925537109375,-0.028507530689239502,-0.0056025683879852295,-0.002618134021759033,0.029170579430238878,11,P005,0.0,0.0,0.0,0.002685546875,0.0,0.21337890625,0.176513671875,0.0,0.0,0.0,0.0,0.0,0.00634765625,0.0,0.0,0.030517578125,1.732666015625,0.0,0.0,0.0,0.0,0.0185546875,16.4990234375,0.0,0.0,0.0
148.7203955078125,58.74077495757961,1346.8989578294513,4926,0.07800048828125,0.0,0.906005859375,5.5751953125,0.0,0.0,3.458984375,0.0,6.694580078124999,28.64990234375,0.0,0.016845703125,11.62548828125,0.10205078125,0.383056640625,0.0,0.006835937500000001,0.13671875,19.578857421875,0.0,0.02197265625,0.0,0.0,3.510498046875,0.748046875,104.22531127929688,47.742557525634766,0.0,208.0,208.0,7.52089786529541,0.9993603515625,-0.09316331148147583,-0.019734740257263184,-0.010402262210845947,0.09579702311825417,12,P005,0.0,0.0,0.0,0.003173828125,0.0,0.210205078125,0.17724609375,0.0,0.0,0.0,0.0,0.0,0.00634765625,0.0,0.0,0.03125,1.702880859375,0.0,0.0,0.0,0.0,0.0166015625,16.437255859375,0.0,0.0,0.0
151.28973876953125,58.37227897984539,1209.3332152234022,4882,0.0700244140625,0.0,1.077880859375,6.52490234375,0.0,0.0,2.845703125,0.0,5.167236328125,33.600830078125,0.0,0.01611328125,9.80859375,0.10131835937500001,0.332763671875,0.0,0.00927734375,0.13232421875,18.94384765625,0.0,0.01904296875,0.0,0.0,2.3173828125,1.36279296875,105.65934753417969,48.021156311035156,0.0,208.0,208.0,7.533504486083984,0.9993359375,-0.11537858843803406,-0.0281105637550354,-0.017609715461730957,0.12005217425445606,13,P005,0.0,0.0,0.0,0.002685546875,0.0,0.19921875,0.171142578125,0.0,0.0,0.0,0.0,0.0,0.00634765625,0.0,0.0,0.031005859375,1.6298828125000002,0.0,0.0,0.0,0.0,0.010986328125,15.688720703125,0.0,0.0,0.0
152.6100048828125,56.80700780916422,1158.2747115508078,4797,0.07044921875,0.0,2.01904296875,7.146484375000001,0.0,0.0,2.3798828125,0.0,4.02880859375,34.86865234375,0.0,0.01708984375,8.123046875,0.078369140625,0.268798828125,0.0,0.008544921875,0.12841796875,19.246826171875,0.0,2.13916015625,0.0,0.0,1.397216796875,2.051513671875,106.22476196289062,48.379302978515625,0.0,208.0,208.0,7.54206657409668,0.998603515625,-0.03408658504486084,-0.009119570255279541,-0.0062517523765563965,0.03583498638815548,14,P005,0.031494140625,0.0,0.0,0.0034179687500000004,0.0,0.183349609375,0.165283203125,0.0,0.0,0.0,0.0,0.0,0.00634765625,0.0,0.0,0.027099609375000003,1.547119140625,0.0,0.0,0.0,0.0,0.006103515625,14.106689453124998,0.021240234375,0.0,0.0
151.97854736328125,56.44672012725116,1191.3023547553062,4791,0.07313232421875,0.0,2.63037109375,7.240966796874999,0.0,0.0,2.2802734375,0.0,3.82861328125,33.73486328125,0.0,0.0166015625,7.747314453125,0.06787109375,0.248291015625,0.0,0.00830078125,0.133056640625,19.745361328125,0.0,3.5954589843750004,0.0,0.0,1.20166015625,2.06884765625,106.13068389892578,48.552677154541016,0.0,208.0,208.0,7.541047096252441,0.9983642578125,-0.07577085494995117,-0.021500244736671448,-0.015484392642974854,0.0802698536133281,15,P005,0.07861328125,0.0,0.0,0.0034179687500000004,0.0,0.177734375,0.160888671875,0.0,0.0,0.0,0.0,0.0,0.006103515625,0.0,0.0,0.025390625,1.51513671875,0.0,0.0,0.0,0.0,0.004150390625,13.453857421875002,0.026855468750000003,0.0,0.0
151.1396728515625,56.05657950457152,1163.8525950716435,4664,0.0735693359375,0.0,2.7841796875,7.005859374999999,0.0,0.0,2.196533203125,0.0,3.58056640625,32.310302734375,0.0,0.01611328125,6.958984375000001,0.048095703125,0.20214843749999997,0.0,0.009033203125,0.12939453125,21.970458984375,0.0,5.215087890625,0.0,0.0,0.789794921875,2.8642578125,103.62010955810547,48.96742630004883,0.0,208.0,208.0,7.529810905456543,0.99741455078125,-0.015028119087219238,-0.004461243748664856,-0.0033260583877563477,0.016025283881523248,16,P005,0.120849609375,0.0,0.0,0.002685546875,0.0,0.16552734375,0.152587890625,0.0,0.0,0.0,0.0,0.0,0.005615234375,0.0,0.0,0.02392578125,1.448974609375,0.0,0.0,0.0,0.0,0.0029296875,11.954345703125,0.041748046875,0.0,0.0
151.9133203125,55.356837202899676,1083.606498623079,4692,0.0706005859375,0.0,2.138671875,6.437011718750001,0.0,0.0,2.23828125,0.0,3.760498046875,31.820800781250004,0.0,0.015869140625,6.885498046874999,0.044677734375,0.221923828125,0.0,0.009033203125,0.13330078125,24.365966796875,0.0,4.08935546875,0.0,0.0,0.716064453125,3.5549316406250004,102.38916778564453,48.82956314086914,0.0,208.0,208.0,7.501419544219971,0.99685546875,-0.01759183406829834,-0.00530010461807251,-0.003994345664978027,0.0188020885047482,17,P005,0.264892578125,0.0,0.0,0.002685546875,0.0,0.160888671875,0.143798828125,0.0,0.0,0.0,0.0,0.0,0.006103515625,0.0,0.0,0.0205078125,1.4375,0.0,0.0,0.0,0.0,0.00244140625,11.48046875,0.048828125,0.0,0.0
152.6268310546875,55.32547563920151,1002.8592526852548,4684,0.0663623046875,0.0,1.223876953125,5.659423828125,0.0,0.0,2.259765625,0.0,4.02099609375,31.172607421875,0.0,0.014892578125,6.864257812500001,0.040283203125,0.28662109375,0.0,0.00830078125,0.134521484375,27.323974609375,0.0,2.838134765625,0.0,0.0,0.634033203125,4.072265625,100.7459945678711,48.77278137207031,0.0,208.0,208.0,7.478865623474121,0.99697998046875,-0.00987929105758667,-0.0030242949724197388,-0.002305150032043457,0.010585861729256867,18,P005,0.36328125,0.0,0.0,0.003173828125,0.0,0.15771484375,0.1416015625,0.0,0.0,0.0,0.0,0.0,0.005859375,0.0,0.0,0.0205078125,1.440185546875,0.0,0.0,0.0,0.0,0.0029296875,11.2529296875,0.057861328125,0.0,0.0
153.01779296875,55.328401455572646,959.0633809239329,4638,0.063291015625,0.0,0.772216796875,4.503173828125,0.0,0.0,2.35498046875,0.0,4.37158203125,30.536376953125,0.0,0.0146484375,6.91064453125,0.0380859375,0.800537109375,0.0,0.0078125,0.138427734375,29.850341796875,0.0,1.579345703125,0.0,0.0,0.571533203125,3.8867187499999996,99.97669982910156,48.630619049072266,0.0,208.0,208.0,7.498257637023926,0.99703857421875,-0.08689498901367188,-0.02776084840297699,-0.02178114652633667,0.09378604461081069,19,P005,0.385498046875,0.0,0.0,0.002685546875,0.0,0.16015625,0.138427734375,0.0,0.0,0.0,0.0,0.0,0.00634765625,0.0,0.0,0.020263671875,1.472900390625,0.0,0.0,0.0,0.0,0.00244140625,11.4052734375,0.069580078125,0.0,0.0
153.6753759765625,54.934831376322336,946.1878692511563,4576,0.06372314453125,0.0,0.764404296875,3.776611328125,0.0,0.0,2.278564453125,0.0,4.183837890625,28.475341796874996,0.0,0.014160156249999998,6.293457031249999,0.033203125,1.8154296875,0.0,0.008056640625,0.1416015625,32.250244140625,0.0,2.787109375,0.0,0.0,0.258056640625,4.220947265625,96.56270599365234,48.14106750488281,0.0,208.0,208.0,7.506734371185303,0.997568359375,-0.106650710105896,-0.037086859345436096,-0.03065311908721924,0.11700180687483108,20,P005,0.36279296875,0.0,0.0,0.0029296875,0.0,0.15087890625,0.132568359375,0.0,0.0,0.0,0.0,0.0,0.00537109375,0.0,0.0,0.016845703125,1.453125,0.0,0.0,0.0,0.0,0.002685546875,10.48095703125,0.0908203125,0.0,0.0
153.603330078125,56.15027867741357,909.3127068366053,4539,0.06317626953125,0.0,0.7119140625,3.919921875,0.0,0.0,2.1865234375,0.0,3.730712890625,26.7685546875,0.0,0.013671875000000002,5.5166015625,0.010986328125,1.164794921875,0.0,0.007568359375,0.14208984375,34.994384765625,0.0,4.072509765625,0.0,0.0,0.063232421875,4.58203125,94.59905242919922,47.544315338134766,0.0,208.0,208.0,7.508042335510254,0.99877685546875,-0.10165709257125854,-0.03841778635978699,-0.03322803974151611,0.113640632715114,21,P005,0.429443359375,0.0,0.0,0.0034179687500000004,0.607666015625,0.1279296875,0.11865234375000001,0.0,0.0,0.0,0.0,0.0,0.004638671875,0.0,0.0,0.0107421875,1.373046875,0.0,0.0,0.0,0.0,0.002197265625,9.334716796875,0.10205078125,0.0,0.0
154.39531005859374,55.59636299347383,952.5136321315528,4466,0.0659130859375,0.0,1.58349609375,4.763671875,0.0,0.0,2.064453125,0.0,3.2744140625,25.940185546875,0.0,0.013916015624999998,4.830322265625,0.0,0.855224609375,0.0,0.0048828125,0.13671875,35.106201171875,0.0,4.9765625,0.0,0.0,0.02197265625,5.0576171875,95.45382690429688,47.703250885009766,0.0,208.0,208.0,7.507725715637207,0.9994189453125,-0.07216799259185791,-0.029068753123283386,-0.02595376968383789,0.08201713067208923,22,P005,0.527099609375,0.0,0.0,0.001953125,1.6638183593750002,0.101806640625,0.093505859375,0.0,0.0,0.0,0.0,0.0,0.00537109375,0.0,0.0,0.002685546875,1.20166015625,0.0,0.0,0.0,0.0,0.002197265625,7.672851562499999,0.097412109375,0.0,0.0
156.0975146484375,52.85572706407003,1037.6628067858157,4510,0.06911376953125,0.0,3.093017578125,5.5595703125,0.0,0.0,1.971923828125,0.0,2.938720703125,26.138427734375004,0.0,0.013427734375000002,4.5048828125,0.0,0.76513671875,0.0,0.003173828125,0.13525390625,33.365966796875,0.0,5.052490234375,0.0,0.0,0.008056640625,5.298583984375,96.65478515625,47.985008239746094,0.0,208.0,208.0,7.507380962371826,0.99886474609375,-0.1053396463394165,-0.04509895294904709,-0.04143857955932617,0.12185036940406997,23,P005,0.453369140625,0.0,0.0,0.04736328125,2.88037109375,0.069091796875,0.084228515625,0.0,0.0,0.0,0.0,0.0,0.005126953125,0.0,0.0,0.0,1.08251953125,0.0,0.0,0.0,0.0,0.002197265625,6.437744140625,0.08935546875,0.0,0.0
157.1932666015625,50.40791889841474,1003.633124705738,4506,0.0663720703125,0.358642578125,2.6572265625,5.833984375,0.0,0.0,1.952392578125,0.0,2.526123046875,26.5302734375,0.0,0.013427734375000002,4.14501953125,0.0,1.03125,0.0,0.0,0.136474609375,32.0263671875,0.0,4.721923828125,0.0,0.0,0.005615234375,8.08056640625,97.1192855834961,47.99763870239258,0.0,208.0,208.0,7.5302042961120605,0.9987646484375,-0.05112612247467041,-0.02301353355869651,-0.02163410186767578,0.060096068837930006,24,P005,0.3837890625,0.0,0.0,0.034912109375,2.96435546875,0.048828125,0.05859375,0.0,0.0,0.0,0.0,0.0,0.05078125,0.0,0.0,0.0,0.9604492187500001,0.0,0.0,0.0,0.0,0.002197265625,5.392822265625,0.083984375,0.0,0.0
154.40432373046875,53.48974863777824,1065.5582545454445,4534,0.06724853515625,1.678955078125,2.25439453125,5.729248046875,0.0,0.0,2.133056640625,0.0,2.4072265625,26.198730468749996,0.0,0.012451171875,5.527099609375,0.0,0.9489746093749999,0.0,0.0,0.141357421875,31.5859375,0.0,3.3496093749999996,0.0,0.0,0.010986328125,8.800048828125,97.65803527832031,47.857215881347656,0.0,208.0,208.0,7.538374900817871,0.99894287109375,-0.032563090324401855,-0.015027313027530909,-0.014290332794189453,0.03860555141001409,25,P005,0.347412109375,0.0,0.0,0.02978515625,2.765869140625,0.043701171875,0.0458984375,0.0,0.00244140625,0.0,0.0,0.0,0.043212890625,0.0,0.0,0.0,0.907958984375,0.0,0.0,0.0,0.0,0.002685546875,4.95068359375,0.082275390625,0.0,0.0
153.45105224609375,53.96701006546917,1119.950266631699,4554,0.06767822265625,1.9147949218750002,2.12353515625,5.515625,0.0,0.0,2.333740234375,0.0,2.43994140625,28.207763671875004,0.0,0.01318359375,6.899169921874999,0.0,0.8017578125000001,0.0,0.0,0.14501953125,29.645263671875,0.0,1.5920410156249998,0.0,0.0,0.001220703125,9.4755859375,97.5057601928711,48.03193283081055,0.0,208.0,208.0,7.541111946105957,0.99894287109375,-0.06727325916290283,-0.031922150403261185,-0.030775785446166992,0.08057210469260451,26,P005,0.314453125,0.0,0.0,0.0263671875,2.45947265625,0.0419921875,0.039306640625,0.0,0.02294921875,0.217041015625,0.0,0.0,0.036865234375,0.0,0.0,0.0,0.90087890625,0.0,0.0,0.0,0.0,0.002197265625,4.74072265625,0.089111328125,0.0,0.0
156.4866259765625,55.14990709671342,1062.2465402619778,4603,0.06491943359375,2.463623046875,1.8713378906250002,5.185791015625,0.0,0.0,2.490966796875,0.0,2.7783203125,35.12548828125,0.0,0.013671875000000002,6.6923828125,0.0,0.620849609375,0.40747070312500006,0.0,0.153564453125,23.628173828125,0.0,0.38330078125,0.0,0.0,0.000244140625,10.0498046875,97.41248321533203,48.35717010498047,0.0,208.0,208.0,7.535889625549316,0.9990283203125,-0.027327537536621094,-0.013282887637615204,-0.012971997261047363,0.03303788922963399,27,P005,0.345458984375,0.0,0.0,0.02001953125,2.05908203125,0.035400390625,0.0244140625,0.0,0.0166015625,0.175537109375,0.0,0.0,0.030029296875,0.0,0.0,0.0,0.8696289062499999,0.0,0.0,0.0,0.0,0.00244140625,4.46142578125,0.094970703125,0.0,0.0
157.0922119140625,58.18197122204797,1060.095755994582,4596,0.0635888671875,3.488037109375,1.734619140625,5.06982421875,0.0,0.0,2.660888671875,0.0,3.130126953125,35.374267578125,0.0,0.013671875000000002,6.584960937500001,0.0,0.581787109375,0.39453125,0.0,0.16748046875,21.902587890625,0.0,0.0126953125,0.0,0.0,0.0,10.9228515625,98.19287109375,48.28096389770508,0.0,208.0,208.0,7.546565532684326,0.9990625,-0.006677508354187012,-0.0032708756625652313,-0.003209352493286133,0.00809862265118957,28,P005,0.6357421875,0.0,0.0,0.020751953125,1.79052734375,0.03515625,0.018310546875,0.0,0.01123046875,0.147216796875,0.0,0.0,0.0263671875,0.0,0.0,0.0,0.868408203125,0.0,0.0,0.0,0.0,0.002685546875,4.3046875,0.1005859375,0.0,0.0
156.74428466796874,60.02687929658624,1087.9073312973444,4549,0.06496826171875,4.1220703125,1.643798828125,5.0888671875,0.0,0.0927734375,2.855224609375,0.0,3.441650390625,32.978271484375,0.0,0.014404296875,6.5595703125,0.0,0.60400390625,0.3271484375,0.0,0.18115234375,21.80078125,0.0,0.0,0.0,0.0,0.0,12.419921875,98.93824005126953,48.24150085449219,0.0,208.0,208.0,7.549370765686035,0.99872802734375,-0.08287358283996582,-0.04088231921195984,-0.040646910667419434,0.1009532867403852,29,P005,0.7851562499999999,0.0,0.0078125,0.0185546875,1.6110839843749998,0.0390625,0.018310546875,0.0,0.0107421875,0.12475585937500001,0.0,0.0,0.026123046875,0.0,0.0,0.0,0.8879394531249999,0.0,0.0,0.0,0.0,0.002685546875,4.232421875,0.105712890625,0.0,0.0
161.900205078125,58.64293404024536,1007.4366293211938,4500,0.06201171875,3.349365234375,1.42431640625,4.826171875,0.0,0.38720703125,2.951171875,0.0,3.72998046875,37.7607421875,0.0,0.015625,5.50439453125,0.0,0.49194335937499994,0.543701171875,0.0,0.19482421875,16.2646484375,0.0,0.0,0.0,0.0,0.0,14.9482421875,99.4862289428711,48.05418014526367,0.0,208.0,208.0,7.543903350830078,0.9989208984375,-0.028557777404785156,-0.01803954690694809,-0.02052617073059082,0.03952588503462764,30,P005,0.654296875,0.040771484375,0.239501953125,0.15478515625,1.377197265625,0.030517578125,0.00390625,0.0,0.00146484375,0.10302734375,0.0,0.0,0.020263671875,0.0,0.0,0.0,0.852783203125,0.0,0.0,0.0,0.0,0.002685546875,4.021484375,0.10498046875,0.0,0.0
164.0693017578125,58.38889415752141,959.218951006359,4308,0.05948974609375,3.1528320312499996,1.40869140625,4.671875,0.0,0.347900390625,2.9931640625,0.0,4.007568359375,39.34326171875,0.0,0.015625,4.988525390625,0.0,0.448486328125,0.8166503906250001,0.0,0.20043945312500003,14.08642578125,0.0,0.0,0.0,0.0,0.0,15.333251953124998,99.723388671875,47.83921432495117,0.0,208.0,208.0,7.540738105773926,0.999033203125,0.06699955463409424,0.023100219666957855,0.030397891998291016,0.07711415115118916,31,P005,1.0712890625,0.3564453125,0.21044921874999997,0.13671875,1.3134765625,0.027832031249999997,0.00146484375,0.0,0.000732421875,0.0966796875,0.0,0.0,0.01953125,0.0,0.0,0.0,0.849853515625,0.0,0.0,0.0,0.0,0.003173828125,3.9897460937499996,0.10791015625,0.0,0.0
161.53763916015626,59.40148261621557,1001.8947602681874,4440,0.06106201171875,3.665283203125,1.59912109375,4.81298828125,0.0,0.399658203125,2.9833984375,0.0,4.08740234375,36.07177734375,0.0,0.015380859375,5.121337890625,0.0,0.5498046875,0.648681640625,0.0,0.211181640625,17.504150390625,0.0,0.0,0.0,0.0,0.0,14.292480468749998,99.2041015625,48.074459075927734,0.0,208.0,208.0,7.537631034851074,0.99895263671875,0.08524322509765625,0.02951965481042862,0.04237949848175049,0.09966864771201246,32,P005,0.7041015625,0.134033203125,0.23828125,0.158203125,1.42041015625,0.034912109375,0.004638671875,0.0,0.003662109375,0.10400390625,0.0,0.0,0.021240234375,0.0,0.0,0.0,0.8984374999999999,0.0,0.0,0.0,0.0,0.003173828125,4.19482421875,0.11743164062499999,0.0,0.0
157.4350244140625,59.914311345074154,1061.3788505466225,4468,0.0640869140625,4.15576171875,1.8349609375,5.052001953125,0.0,0.23510742187500003,2.876953125,0.0,4.066162109375,29.58251953125,0.0,0.0166015625,5.72509765625,0.0,0.7197265625,0.341064453125,0.0,0.2080078125,23.735595703125,0.0,0.0,0.0,0.0,0.0,13.206787109375002,99.86939239501953,48.20800018310547,0.0,208.0,208.0,7.5490641593933105,0.998671875,0.05858814716339111,0.02550414949655533,0.033287644386291504,0.07204928797961865,33,P005,0.734130859375,0.0,0.203369140625,0.018310546875,1.57763671875,0.0380859375,0.013671875000000002,0.0,0.013427734375000002,0.11645507812499999,0.0,0.0,0.025390625,0.0,0.0,0.0,0.9465332031250001,0.0,0.0,0.0,0.0,0.003173828125,4.427978515625,0.12548828125,0.0,0.0
154.06356689453125,60.90822149012203,1147.3636562148095,4564,0.06771728515625,4.626953125,1.940185546875,5.33349609375,0.0,0.06689453125,2.862548828125,0.0,3.843505859375,22.25048828125,0.0,0.015625,6.692138671875,0.0,0.884033203125,0.339111328125,0.0,0.195556640625,29.900634765625,0.0,0.0,0.0,0.0,0.0,12.62890625,99.70034790039062,47.96025085449219,0.0,208.0,208.0,7.549650192260742,0.99892333984375,0.027303457260131836,0.012355078011751175,0.01559138298034668,0.03378191756357456,34,P005,0.80810546875,0.0,0.0,0.020263671875,1.703369140625,0.041015625,0.026855468750000003,0.0,0.026123046875,0.128173828125,0.0,0.0,0.027832031249999997,0.0,0.0,0.0,0.9677734375,0.0,0.0,0.0,0.0,0.0029296875,4.545166015625,0.122314453125,0.0,0.0
150.16403564453125,61.558473091826826,1212.019760558105,4596,0.07114990234375,5.048828125,1.946533203125,5.559326171875,0.0,0.0,2.8125,0.0,3.49755859375,22.73779296875,0.0,0.015380859375,7.629150390625,0.0,0.9875488281250001,0.378662109375,0.0,0.1865234375,28.65673828125,0.0,0.0,0.0,0.0,0.0009765625,12.128173828125,99.851318359375,47.935611724853516,0.0,208.0,208.0,7.55098819732666,0.99896728515625,0.08715975284576416,0.028973654843866825,0.04058969020843506,0.10041821618791558,35,P005,0.6708984375,0.0,0.0,0.021240234375,1.7995605468749998,0.0390625,0.0322265625,0.0,0.033935546875,0.141357421875,0.0,0.0,0.02978515625,0.0,0.0,0.0,0.957275390625,0.0,0.0,0.0,0.0,0.003173828125,4.572509765625,0.11328124999999999,0.0,0.0
142.055927734375,61.692452680953224,1359.5016687628688,4631,0.07754638671875,5.5927734375,2.248291015625,5.964599609375,0.0,0.0,2.6865234375,0.0,3.20458984375,22.803955078125,0.0,0.01611328125,9.249267578125,0.0,1.3544921875,0.2841796875,0.0,0.174560546875,27.274414062500004,0.0,0.0,0.0,0.0,0.00048828125,10.380126953125,99.48013305664062,48.113216400146484,0.0,208.0,208.0,7.5541462898254395,0.99894287109375,0.009229779243469238,0.0019441223703324795,0.0033682584762573242,0.010015667817818345,36,P005,0.309326171875,0.0,0.0,0.024169921875,2.13037109375,0.04541015625,0.047119140625,0.0,0.06103515625,0.177490234375,0.0,0.0,0.033447265625,0.0,0.0,0.0,0.980224609375,0.0,0.0,0.0,0.0,0.0029296875,4.846435546875,0.107666015625,0.0,0.0
143.02865478515625,60.548822038830835,1373.392646003628,4621,0.077333984375,4.417236328125,2.36669921875,5.97607421875,0.0,0.0,2.54833984375,0.0,2.84912109375,22.9365234375,0.0,0.013671875000000002,9.80419921875,0.0,1.35302734375,0.0,0.0,0.165283203125,28.404541015625,0.0,0.064208984375,0.0,0.0,0.001220703125,9.9833984375,98.86146545410156,48.04689407348633,0.0,208.0,208.0,7.552130699157715,0.99888916015625,0.06153082847595215,0.009796485770493746,0.01978886127471924,0.06537287676811089,37,P005,0.312744140625,0.0,0.0,0.024169921875,2.37109375,0.044921875,0.045654296875,0.0,0.075439453125,0.204833984375,0.0,0.0,0.0361328125,0.0,0.0,0.0,0.9599609375,0.0,0.0,0.0,0.0,0.00244140625,4.937255859375,0.101806640625,0.0,0.0
147.826103515625,56.052528806456706,1299.1170517503679,4590,0.0770263671875,1.990234375,2.923583984375,6.0771484375,0.0,0.0,2.4462890625,0.0,2.95703125,24.14990234375,0.0,0.014160156249999998,8.99267578125,0.0,1.617919921875,0.0,0.0,0.15185546875,29.257568359375004,0.0,0.0029296875,0.0,0.0,0.0078125,9.572265625,98.12411499023438,48.24530029296875,0.0,208.0,208.0,7.545435905456543,0.998837890625,0.15673881769180298,0.014533423818647861,0.040317535400390625,0.16249240302265963,38,P005,0.338623046875,0.0,0.0,0.030517578125,2.90869140625,0.0478515625,0.048095703125,0.0,0.04833984375,0.0,0.0,0.0,0.04052734375,0.0,0.0,0.0,0.9753417968750001,0.0,0.0,0.0,0.0,0.00244140625,5.29833984375,0.099853515625,0.0,0.0
149.344169921875,52.83495869726255,1411.5459947552622,4552,0.083095703125,0.0,4.145751953125,6.381591796875,0.0,0.0,2.489501953125,0.0,3.6616210937499996,23.49658203125,0.0,0.013916015624999998,9.096923828125,0.0034179687500000004,1.901611328125,0.0,0.0,0.151611328125,29.154296875000004,0.0,0.0,0.0,0.0,0.229248046875,7.619384765624999,99.34019470214844,48.824363708496094,0.0,208.0,208.0,7.541940212249756,0.998623046875,0.1272186040878296,0.011833075433969498,0.02797377109527588,0.13079421535210506,39,P005,0.38818359375,0.0,0.0,0.0380859375,3.7434082031250004,0.056396484375,0.052490234375,0.0,0.013671875000000002,0.0,0.0,0.0,0.05468750000000001,0.0,0.0,0.0,1.033935546875,0.0,0.0,0.0,0.0,0.002685546875,6.175537109375,0.095458984375,0.0,0.0
148.0223974609375,53.48362671396494,1378.141163652128,4558,0.0807470703125,0.0,3.6418457031249996,6.3076171875,0.0,0.0,2.6845703125,0.0,4.522216796875,21.978515625,0.0,0.01318359375,9.44140625,0.02197265625,0.505126953125,0.0,0.0,0.15576171875,30.423828125000004,0.0,0.0,0.0,0.0,0.4443359375,6.744140625,98.82588958740234,49.041263580322266,0.0,208.0,208.0,7.5220537185668945,0.9983837890625,0.18597501516342163,0.02391429990530014,0.03211456537246704,0.1902365509413425,40,P005,0.42260742187499994,0.0,0.0,0.045166015625,4.33203125,0.06201171875,0.052490234375,0.0,0.002197265625,0.0,0.0,0.0,0.0654296875,0.0,0.0,0.0,1.101806640625,0.0,0.0,0.0,0.0,0.00439453125,6.941162109375,0.086181640625,0.0,0.0
145.9712255859375,54.2832214592505,1376.6485071832599,4540,0.08109130859375,0.0,3.2685546875,6.4013671875,0.0,0.0,2.564208984375,0.0,6.197998046875,20.528564453125,0.0,0.014404296875,9.370849609375,0.031005859375,0.325927734375,0.0,0.00048828125,0.161865234375,29.479736328125,0.0,0.0,0.0,0.0,0.45581054687500006,6.46533203125,99.3382339477539,49.381710052490234,0.0,208.0,208.0,7.518120288848877,0.99845703125,0.20571914315223694,0.031709328293800354,0.028569400310516357,0.2101001142175727,41,P005,0.473388671875,0.0,0.0,0.054443359375,4.523681640625,0.076416015625,0.072509765625,0.0,0.0,0.0,0.0,0.0,0.085693359375,0.0,0.0,0.0,1.2119140625,0.0,0.0,0.0,0.0,0.00244140625,8.188232421875,0.045166015625,0.0,0.0
142.53549560546875,55.59885959535664,1377.772268059915,4622,0.0828564453125,0.0,3.056884765625,6.774169921875001,0.0,0.0,2.465087890625,0.0,7.38330078125,19.709228515625,0.0,0.0146484375,9.413818359375,0.070068359375,0.506591796875,0.0,0.0034179687500000004,0.17333984375,27.061279296875,0.0,0.0,0.0,0.0,0.377685546875,7.401123046874999,103.94639587402344,49.972774505615234,0.0,208.0,208.0,7.5375165939331055,0.99665283203125,0.1480606198310852,0.02711395174264908,0.01488715410232544,0.15125720108852414,42,P005,0.54296875,0.0,0.0,0.071044921875,3.5251464843749996,0.1015625,0.095703125,0.0,0.0,0.0,0.0,0.0,0.01220703125,0.0,0.0,0.0,1.364990234375,0.0,0.0,0.0,0.0,0.005126953125,9.862060546875,0.008544921875,0.0,0.0
138.99152099609375,56.8559689475253,1412.4341295288502,4611,0.0865576171875,0.0,3.2353515625000004,7.380615234375,0.0,0.0,2.499267578125,0.0,7.78515625,19.77197265625,0.0,0.016845703125,9.53271484375,0.08837890625,0.755859375,0.0,0.00390625,0.171630859375,23.822998046875,0.0,0.0,0.0,0.0,0.331787109375,8.221923828125,108.4150390625,49.56196975708008,0.0,208.0,208.0,7.55301570892334,0.99736083984375,0.22881949692964554,0.05071185529232025,0.011361777782440186,0.23464685047258327,43,P005,0.616455078125,0.0,0.0,0.0859375,2.65380859375,0.151611328125,0.110595703125,0.0,0.0,0.0,0.0,0.0,0.007080078124999999,0.0,0.0,0.009765625,1.487548828125,0.0,0.0,0.0,0.0,0.00390625,11.245361328125,0.009521484375,0.0,0.0
133.564833984375,59.06644394629424,1458.352227239609,4660,0.08930419921875,0.0,2.835205078125,7.98779296875,0.0,0.0,2.686767578125,0.0,8.23486328125,19.944580078125,0.0,0.016845703125,9.97314453125,0.1279296875,1.285888671875,0.0,0.00146484375,0.169189453125,19.3388671875,0.0,0.007568359375,0.0,0.0,0.41455078125,9.039794921875,109.05775451660156,48.75681686401367,0.0,208.0,208.0,7.536255836486816,0.9985400390625,0.17117271572351456,0.04597949981689453,-0.002138495445251465,0.17725345179810828,44,P005,0.6220703125,0.0,0.0,0.0034179687500000004,0.919677734375,0.20434570312499997,0.158447265625,0.0,0.0,0.0,0.0,0.0,0.008544921875,0.0,0.0,0.0205078125,1.682373046875,0.0,0.0,0.0,0.0,0.00537109375,14.310546875,0.000244140625,0.0,0.0
130.8002685546875,61.18892674158661,1458.812191748023,4667,0.08770751953125,0.0,2.02978515625,8.296142578125,0.0,0.0,2.986328125,0.0,8.549072265625,19.978759765625,0.0,0.018310546875,10.53515625,0.167236328125,0.138427734375,0.0,0.0,0.16357421875,17.509033203125,0.0,0.013427734375000002,0.0,0.0,0.538330078125,8.5673828125,109.36151123046875,48.0246467590332,0.0,208.0,208.0,7.5273823738098145,0.99822021484375,0.25160886347293854,0.07972519099712372,-0.019950509071350098,0.264690666760046,45,P005,0.515380859375,0.0,0.0,0.0034179687500000004,0.0,0.242431640625,0.17041015625,0.0,0.0,0.0,0.0,0.0,0.009033203125,0.0,0.0,0.029296875,1.812744140625,0.0,0.0,0.0,0.0,0.00830078125,17.718017578125,0.0,0.0,0.0
134.11397216796874,62.442267523917835,1394.0298463887634,4701,0.0852685546875,0.0,1.5283203125,6.305908203125001,0.0,0.0,3.84423828125,0.0,8.179443359375,19.839599609375,0.0,0.01953125,11.09765625,0.18994140625,0.201171875,0.0,0.004638671875,0.15966796875,15.17236328125,0.0,0.0322265625,0.0,0.0,0.842041015625,4.48828125,106.60122680664062,46.64115905761719,0.0,208.0,208.0,7.475069522857666,0.9991748046875,0.34305742383003235,0.10970801115036011,-0.03768438100814819,0.36213858718373726,46,P005,0.333740234375,0.0,0.0,0.0034179687500000004,0.0,0.298583984375,0.19775390625,0.0,0.0,0.0,0.0,0.0,0.009765625,0.0,0.0,0.03662109375,2.037841796875,0.0,0.0,0.0,0.0,0.041748046875,25.135498046875,0.0,0.0,0.0
152.61787353515626,61.44170153780704,1357.4227220560963,4751,0.083369140625,0.0,1.99365234375,4.325927734375,0.0,0.0,5.90185546875,0.0,6.634521484375,30.081787109375004,0.0,0.020751953125,11.312744140625,0.214111328125,0.360107421875,0.0,0.012939453125,0.156005859375,11.60888671875,0.0,0.04052734375,0.0,0.0,1.275634765625,0.0,97.88883972167969,46.546241760253906,0.0,208.0,208.0,7.496628761291504,0.99923095703125,0.3373364210128784,0.08459731936454773,-0.024787843227386475,0.3486646018128464,47,P005,0.0,0.0,0.0,0.006103515625,0.0,0.44482421875,0.236328125,0.0,0.0,0.0,0.0,0.0,0.013427734375000002,0.0,0.0,0.05224609375,2.4462890625,0.0,0.0,0.0,0.0,0.11767578125,22.74365234375,0.0,0.0,0.0
172.72220947265626,63.14937101407819,1495.932760192776,4860,0.0893994140625,0.0,2.7490234375,2.7275390625,0.0,0.0,7.892822265625001,0.0,4.461669921875,55.228515625,0.0,0.023681640625,10.9306640625,0.24926757812500003,0.83154296875,0.0,0.016357421875,0.12255859374999999,8.22802734375,0.0,0.0830078125,0.0,0.0,1.404296875,0.0,101.0227279663086,48.59385681152344,0.0,208.0,208.0,7.555672645568848,0.9981689453125,0.26449453830718994,0.039185792207717896,0.0001614093780517578,0.2673815871713446,48,P005,0.0,0.0,0.0,0.0078125,0.0,0.677001953125,0.2783203125,0.0,0.0,0.0,0.0,0.0,0.015869140625,0.0,0.0,0.06640625,2.993896484375,0.0,0.0,0.0,0.0,0.381591796875,0.630126953125,0.0,0.0,0.0
172.95354736328125,62.892247788567985,1481.9202913865984,4770,0.08845947265625,0.0,2.781005859375,2.999267578125,0.0,0.0,8.3486328125,0.0,1.693603515625,62.123046875,0.0,0.024658203125,8.954833984375,0.29541015625,0.016845703125,0.0,0.018310546875,0.087890625,6.457275390625,0.0,0.10400390625,0.0,0.0,1.047607421875,0.0,98.84286499023438,48.449127197265625,0.0,208.0,208.0,7.538695335388184,0.99851806640625,0.20033395290374756,0.01698702573776245,0.009405255317687988,0.20127272680879357,49,P005,0.0,0.0,0.0,0.008056640625,0.0,1.006103515625,0.320068359375,0.0,0.0,0.0,0.0,0.0,0.0205078125,0.0,0.0,0.07861328125,3.49658203125,0.0,0.0,0.0,0.0,0.11767578125,0.0,0.0,0.0,0.0
178.80057373046876,59.72086397490508,1270.099422433847,4851,0.0774658203125,0.0,2.95361328125,3.3125,0.0,0.0,7.466064453125,0.0,0.020751953125,66.968505859375,0.0,0.027832031249999997,5.17626953125,0.343994140625,0.023193359375,0.0,0.01708984375,0.123779296875,7.083984375000001,0.0,0.130615234375,0.0,0.0,0.50732421875,0.0,97.9138412475586,48.729331970214844,0.0,208.0,208.0,7.558050155639648,0.99862548828125,0.17143511772155762,0.007969498634338379,0.01265484094619751,0.17208619205520412,50,P005,0.0,0.0,0.0,0.010986328125,0.0,1.397705078125,0.3603515625,0.0,0.0,0.0,0.0,0.0,0.025634765625,0.0,0.0,0.09130859375,3.9401855468749996,0.0,0.0,0.0,0.0,0.018310546875,0.0,0.0,0.0,0.0
173.54714111328124,63.03023757693207,1443.9199485175552,4884,0.0854052734375,0.0,2.709228515625,3.6838378906249996,0.0,0.0,8.7099609375,0.0,0.027343750000000003,62.90673828125,0.0,0.028076171874999997,7.556640625,0.401123046875,0.032470703125,0.0,0.017333984375,0.23388671875,5.981689453125,0.0,0.153564453125,0.0,0.0,0.926025390625,0.0,97.24556732177734,49.09531784057617,0.0,208.0,208.0,7.559022903442383,0.9984814453125,0.09531724452972412,0.00221937894821167,0.008477985858917236,0.09571927178932667,51,P005,0.0,0.0,0.0,0.011962890625,0.0,1.69287109375,0.39306640625000006,0.0,0.0,0.0,0.0,0.0,0.033935546875,0.0,0.0,0.10546875,4.37109375,0.0,0.0,0.0,0.0,0.023681640625,0.0,0.0,0.0,0.0
168.313505859375,66.44737586974053,1618.1644216443958,4857,0.09435791015625,0.0,2.536376953125,3.9287109374999996,0.0,0.0,10.80712890625,0.0,0.027343750000000003,58.062255859375,0.0,0.029052734375,9.78466796875,0.436279296875,0.037841796875,0.0,0.015869140625,0.26513671875,5.45068359375,0.0,0.171875,0.0,0.0,1.1376953125,0.0,97.9397201538086,49.29795455932617,0.0,208.0,208.0,7.559391975402832,0.9984423828125,0.16458630561828613,0.0006812810897827148,0.016280293464660645,0.16539094321121292,52,P005,0.0,0.0,0.0,0.00927734375,0.0,2.041015625,0.417724609375,0.0,0.0,0.0,0.0,0.0,0.037109375,0.0,0.0,0.112060546875,4.6630859375,0.0,0.0,0.0,0.0,0.02880859375,0.0,0.0,0.0,0.0
163.97215576171874,67.12955192602017,1604.998045731777,4888,0.0978125,0.0,1.818115234375,4.470458984375,0.0,0.0,13.279541015624998,0.0,0.02880859375,53.5126953125,0.0,0.02978515625,10.15771484375,0.4912109375,0.05078125,0.0,0.01123046875,0.279052734375,5.212890625,0.0,0.200927734375,0.0,0.0,1.367919921875,0.0,98.32732391357422,49.42820739746094,0.0,208.0,208.0,7.5613932609558105,0.99827392578125,0.08749699592590332,-0.0007780194282531738,0.008709311485290527,0.08793282502476589,53,P005,0.0,0.0,0.0,0.012939453125,0.0,3.078125,0.453857421875,0.0,0.0,0.0,0.0234375,0.0,0.05053710937499999,0.0673828125,0.0,0.1220703125,5.239501953125,0.0,0.0,0.0,0.0,0.041015625,0.0,0.0,0.0,0.0
161.11435791015626,67.94517353960455,1533.4574851856169,4863,0.09500732421875,0.0,0.95361328125,4.921142578125,0.0,0.0,12.51513671875,0.0,0.028320312499999997,52.846923828125,0.0,0.030517578125,10.234619140625,0.49951171875,0.05468750000000001,0.0,0.0107421875,0.293701171875,5.607177734375,0.0,0.213134765625,0.0,0.0,1.630126953125,0.0,98.36373138427734,49.449119567871094,0.0,208.0,208.0,7.56146240234375,0.998515625,0.1174311637878418,-0.000781714916229248,-0.004828393459320068,0.11753298554097563,54,P005,0.0,0.0,0.0,0.01318359375,0.0,3.6213378906250004,0.46435546875,0.0,0.0,0.0,0.040771484375,0.0,0.06103515625,0.124267578125,0.0,0.12548828125,5.661376953125,0.0,0.0,0.0,0.0,0.048828125,0.0,0.0,0.0,0.0
156.3837109375,67.08578530609292,1399.0286694304407,4805,0.091875,0.0,0.010986328125,4.883056640625,0.0,0.0,11.2041015625,0.0,0.03076171875,52.032470703125,0.0,0.02978515625,10.075439453125,0.500732421875,0.05566406249999999,0.0,0.007568359375,0.282958984375,6.628662109375,0.0,0.23071289062499997,0.0,0.0,2.121337890625,0.0,97.9546127319336,49.443115234375,0.0,208.0,208.0,7.557343006134033,0.99812744140625,0.04444169998168945,0.002152085304260254,-0.03027176856994629,0.05381520362101864,55,P005,0.0,0.0,0.0,0.012939453125,0.0,4.38818359375,0.481201171875,0.0,0.0,0.0,0.07861328125,0.0,0.073974609375,0.25341796875,0.0,0.1259765625,6.4287109375,0.0,0.0,0.0,0.0,0.062744140625,0.0,0.0,0.0,0.0
152.98306396484375,66.14337029049516,1396.6400467559754,4824,0.08678466796875,0.0,0.02294921875,3.4245605468750004,0.0,0.0,10.500732421875,0.0,0.028320312499999997,51.85791015625,0.0,0.03076171875,10.13037109375,0.46728515625,0.05053710937499999,0.0,0.01220703125,0.272705078125,8.6103515625,0.0,0.2294921875,0.0,0.0,2.480712890625,0.0,97.605712890625,49.29813003540039,0.0,208.0,208.0,7.551833152770996,0.9977587890625,0.056940555572509766,0.006013214588165283,-0.06229168176651001,0.08460874207722008,56,P005,0.0,0.0,0.0,0.0126953125,0.0,3.54296875,0.482666015625,0.0,0.0,0.0,0.10546875,0.0,0.081298828125,0.349853515625,0.0,0.12255859374999999,7.111572265625001,0.0,0.0,0.0,0.0,0.072021484375,0.0,0.0,0.0,0.0
149.9267333984375,64.75589231132827,1354.5346761703497,4824,0.0871484375,0.0,0.05664062499999999,1.5751953125,0.0,0.0,9.968994140625,0.0,0.026611328125000003,51.688232421875,0.0,0.03076171875,9.981201171875,0.44750976562499994,0.04833984375,0.0,0.021484375,0.26025390625,11.122802734375,0.0,0.241943359375,0.0,0.0,2.50390625,0.0,96.73804473876953,49.54584884643555,0.0,208.0,208.0,7.543985366821289,0.9980126953125,0.002387523651123047,0.00028377771377563477,-0.002702474594116211,0.0036172044326179893,57,P005,0.0,0.0,0.0,0.011962890625,0.0,2.5,0.497314453125,0.0,0.0,0.0,0.158447265625,0.0,0.092041015625,0.520751953125,0.0,0.12353515624999999,8.04296875,0.0,0.0,0.0,0.0,0.0791015625,0.0,0.0,0.0,0.0
148.89008544921876,64.60235838065286,1388.277860345459,4849,0.09018798828125,0.0,0.0341796875,0.974853515625,0.0,0.0,10.08837890625,0.0,0.025634765625,49.969482421875,0.0,0.029541015625,10.448974609375,0.43994140625,0.047607421875,0.0,0.023193359375,0.24951171875000003,12.0244140625,0.0,0.24316406250000003,0.0,0.0,3.17626953125,0.0,96.26797485351562,48.9986457824707,0.0,208.0,208.0,7.52155876159668,0.9978857421875,0.03985428810119629,0.004812180995941162,-0.04417133331298828,0.05968775462888482,58,P005,0.0,0.0,0.0,0.01318359375,0.0,2.318603515625,0.501953125,0.0,0.0,0.0,0.173828125,0.0,0.091064453125,0.5654296875,0.0,0.122314453125,8.3603515625,0.0,0.0,0.0,0.0,0.078125,0.0,0.0,0.0,0.0
146.75994384765625,63.75769793057936,1418.0327049678804,4778,0.09007568359375,0.0,0.0,0.45629882812500006,0.0,0.0,10.19775390625,0.0,0.024169921875,48.915771484375,0.0,0.029541015625,10.772216796875,0.441162109375,0.046142578125,0.0,0.027099609375000003,0.24731445312500003,13.2744140625,0.0,0.259765625,0.0,0.0,2.84619140625,0.0,96.17443084716797,48.98366165161133,0.0,208.0,208.0,7.521549224853516,0.9976708984375,0.09196138381958008,0.011084139347076416,-0.0995633602142334,0.1359875617702837,59,P005,0.0,0.0,0.0,0.013427734375000002,0.0,1.943603515625,0.521484375,0.0,0.0,0.0,0.22290039062500003,0.0,0.097900390625,0.726806640625,0.0,0.128173828125,8.723876953125,0.0,0.0,0.0,0.0,0.083984375,0.0,0.0,0.0,0.0
143.3864111328125,63.24232350518818,1367.481352536678,4713,0.087392578125,0.0,0.0,0.312255859375,0.0,0.0,9.93701171875,0.0,0.021240234375,48.5322265625,0.0,0.0322265625,10.445556640625,0.446533203125,0.040771484375,0.0,0.04931640625,0.250732421875,16.209228515625,0.0,0.300048828125,0.0,0.0,1.296875,0.0,97.2000961303711,48.965457916259766,0.0,208.0,208.0,7.511303901672363,0.9984912109375,0.14006280899047852,0.015554964542388916,-0.15032148361206055,0.20604877048783676,60,P005,0.0,0.0,0.0,0.014160156249999998,0.0,1.240966796875,0.561279296875,0.0,0.0,0.0,0.276123046875,0.0,0.119873046875,1.15087890625,0.0,0.136962890625,8.521728515625,0.0,0.0,0.0,0.0,0.10400390625,0.0,0.0,0.0,0.0
139.3332568359375,62.625249145263304,1179.938856849074,4526,0.07843994140625,0.0,0.0,0.45190429687500006,0.0,0.0,9.0107421875,0.0,0.015869140625,47.299072265625,0.0,0.03369140625,8.180908203125,0.45019531250000006,0.027343750000000003,0.0,0.081298828125,0.227294921875,21.902587890625,0.0,0.368896484375,0.0,0.0,0.036376953125,0.0,99.5160140991211,49.700462341308594,0.0,208.0,208.0,7.535711288452148,0.99652587890625,0.11947059631347656,0.010313868522644043,-0.1292816400527954,0.17633304206001954,61,P005,0.0,0.0,0.0,0.01611328125,0.0,0.9587402343750001,0.637451171875,0.0,0.0,0.0,0.0,0.0,0.166015625,1.9060058593749998,0.0,0.15234375,7.9208984375,0.0,0.0,0.0,0.0,0.15625,0.0,0.0,0.0,0.0
141.4809326171875,59.399144208683474,1031.6036900408208,4391,0.0700732421875,0.0,0.0,0.599365234375,0.0,0.0,7.970703125,0.0,0.018310546875,45.90380859375,0.0,0.037109375,5.17041015625,0.432861328125,0.017822265625,0.0,0.1005859375,0.148681640625,28.43017578125,0.0,0.44287109375,0.0,0.0,0.015625,0.0,103.21710968017578,49.85021209716797,0.0,208.0,208.0,7.550477981567383,0.99832275390625,0.0833284854888916,0.0024039745330810547,-0.09325408935546875,0.12508293556255334,62,P005,0.0,0.0,0.0,0.01806640625,0.0,0.38037109375,0.724609375,0.0,0.0,0.0,0.0,0.0,0.01611328125,2.11767578125,0.0,0.164794921875,7.2734375,0.0,0.0,0.0,0.0,0.0166015625,0.0,0.0,0.0,0.0
141.9852783203125,57.887859229399496,858.4400520492554,4125,0.061630859375,0.0,0.0,0.720703125,0.0,0.0,6.083251953125,0.0,0.019775390625,45.310302734375,0.0,0.039306640625,3.6826171875,0.408203125,0.018798828125,0.0,0.113037109375,0.13671875,33.039306640625,0.0,0.502197265625,0.0,0.0,0.005126953125,0.0,104.39063262939453,49.66716766357422,0.0,208.0,208.0,7.572977066040039,0.9980908203125,0.06002688407897949,-0.01416468620300293,-0.0830988883972168,0.10348570142929832,63,P005,0.0,0.0,0.0,0.018310546875,0.0,0.44360351562500006,0.785400390625,0.0,0.0,0.0,0.0,0.0,0.018798828125,1.697265625,0.0,0.169677734375,6.78759765625,0.0,0.0,0.0,0.0,0.0,0.0,0.0,0.0,0.0
140.56984619140624,56.79520027986395,713.9465610637129,3888,0.05337158203125,0.0,0.0,0.82568359375,0.0,0.0,4.45849609375,0.0,0.023193359375,45.402587890625,0.0,0.04052734375,2.377685546875,0.380859375,0.018310546875,0.0,0.11962890625000001,0.0869140625,36.656494140625,0.0,0.524658203125,0.0,0.0,0.000732421875,0.0,103.83102416992188,49.650062561035156,0.0,208.0,208.0,7.563668251037598,0.99842529296875,0.005515098571777344,-0.029572725296020508,-0.04646408557891846,0.05535226862898548,64,P005,0.0,0.0,0.0,0.018310546875,0.0,0.428466796875,0.81884765625,0.0,0.0,0.0,0.0,0.0,0.02001953125,1.23828125,0.0,0.16748046875,6.392822265625001,0.0,0.0,0.0,0.0,0.0,0.0,0.0,0.0,0.0
137.3161669921875,57.127475281056654,648.257428637451,3793,0.04900390625,0.0,0.0,0.857177734375,0.0,0.0,3.5986328125,0.0,0.026123046875,45.20654296875,0.0,0.040771484375,1.776611328125,0.35595703125,0.0185546875,0.0,0.1220703125,0.07421875,38.705322265625,0.0,0.49169921875,0.0,0.0,0.000732421875,0.0,104.4479751586914,49.77150344848633,0.0,208.0,208.0,7.560713768005371,0.9985888671875,-0.006910562515258789,-0.019995450973510742,-0.023683905601501465,0.03175690977491676,65,P005,0.0,0.0,0.0,0.018798828125,0.0,0.40380859375,0.79541015625,0.0,0.0,0.0,0.0,0.0,0.015869140625,1.1591796875,0.0,0.15625,6.17626953125,0.0,0.0,0.0,0.0,0.0,0.0,0.0,0.0,0.0
134.498037109375,57.32669808675425,630.0804782866476,3842,0.04868408203125,0.0,0.0,0.87109375,0.0,0.0,3.3649902343750004,0.0,0.027832031249999997,44.5029296875,0.0,0.041015625,1.6328125,0.33984375,0.0166015625,0.0,0.120849609375,0.065673828125,40.078857421875,0.0,0.4638671875,0.0,0.0,0.001220703125,0.0,105.12322235107422,49.80792999267578,0.0,208.0,208.0,7.565560340881348,0.9985791015625,-0.03489851951599121,-0.07638251781463623,-0.09995293617248535,0.13054801852809628,66,P005,0.0,0.0,0.0,0.01904296875,0.0,0.39208984374999994,0.7817382812500001,0.0,0.0,0.0,0.0,0.0,0.015625,1.115966796875,0.0,0.149658203125,5.998291015625,0.0,0.0,0.0,0.0,0.0,0.0,0.0,0.0,0.0
128.203212890625,57.58533276993551,600.1636189248503,3664,0.0447021484375,0.0,0.0,2.01318359375,0.0,0.0,3.3251953124999996,0.0,0.031005859375,40.627197265625,0.0,0.040283203125,1.4404296875,0.281005859375,0.015380859375,0.0,0.11132812499999999,0.036865234375,44.755126953125,0.0,0.3837890625,0.0,0.0,0.00146484375,0.0,106.35733032226562,49.4916877746582,0.0,208.0,208.0,7.563541412353516,0.99797607421875,-0.030846834182739258,-0.06332305073738098,-0.08596265316009521,0.1111346645835995,67,P005,0.0,0.0,0.0,0.019287109375,0.0,0.3564453125,0.748291015625,0.0,0.0,0.0,0.0,0.0,0.01513671875,0.454345703125,0.0,0.125732421875,5.218505859375,0.0,0.0,0.0,0.0,0.0,0.0,0.0,0.0,0.0
121.62610107421875,57.64701227557531,565.0072411102057,3505,0.04096435546875,0.0,0.0,4.84619140625,0.0,0.0,3.04736328125,0.0,0.036865234375,35.349365234375,0.0,0.04248046875,1.22021484375,0.23291015624999997,0.01318359375,0.0,0.10205078125,0.055419921875,48.688720703125,0.0,0.339599609375,0.0,0.0,0.000244140625,0.0,105.61219024658203,49.205421447753906,0.0,208.0,208.0,7.555858612060547,0.9974560546875,-0.01139378547668457,-0.023001492023468018,-0.030107855796813965,0.03956475658305148,68,P005,0.0,0.0,0.0,0.015625,0.0,0.32666015625,0.743408203125,0.0,0.0,0.0,0.0,0.0,0.01171875,0.064697265625,0.0,0.109619140625,4.5859375,0.167724609375,0.0,0.0,0.0,0.0,0.0,0.0,0.0,0.0
118.28259521484375,57.77864621806402,559.7686041552961,3468,0.03928955078125,0.0,0.0,6.05126953125,0.0,0.0,2.817626953125,0.0,0.037109375,32.753173828125,0.0,0.0419921875,1.168701171875,0.215576171875,0.01220703125,0.0,0.09814453124999999,0.05664062499999999,50.374755859375,0.0,0.31884765625,0.0,0.0,0.0,0.0,105.27334594726562,49.23198318481445,0.0,208.0,208.0,7.555339813232422,0.99745361328125,-0.03249692916870117,-0.06511259078979492,-0.07787585258483887,0.10658493467920511,69,P005,0.0,0.0,0.0,0.015625,0.0,0.314453125,0.739501953125,0.0,0.0,0.0,0.0,0.0,0.01513671875,0.0,0.0,0.092041015625,4.3046875,0.572509765625,0.0,0.0,0.0,0.0,0.0,0.0,0.0,0.0
108.30468505859375,58.8325975351907,547.397992499137,3263,0.038466796875,0.0,0.0,9.940185546875,0.0,0.0,2.763427734375,0.0,0.039794921875,25.6044921875,0.0,0.04150390625,0.9733886718749999,0.176513671875,0.01123046875,0.0,0.082763671875,0.019775390625,52.6455078125,0.0,0.261962890625,0.0,0.0,0.0,0.0,103.75218963623047,49.306339263916016,0.0,208.0,208.0,7.542742729187012,0.9966357421875,-0.06353044509887695,-0.11911140382289886,-0.09593391418457031,0.16561086880363743,70,P005,0.0,0.0,0.0,0.01025390625,0.0,0.294921875,0.7216796875,0.0,0.0,0.0,0.0,0.0,0.010986328125,0.0,0.0,0.07470703125,4.037841796875,2.2890625,0.0,0.0,0.0,0.0,0.0,0.0,0.0,0.0
96.5403271484375,58.094442738022806,513.4516650115013,3093,0.032841796875,0.0,0.0,10.7197265625,0.0,0.0,2.795654296875,0.0,0.044189453125,19.212646484375,0.0,0.041748046875,0.765380859375,0.140625,0.011474609375,0.0,0.05908203125,0.01171875,54.852294921875,0.0,0.1376953125,0.0,0.0,0.0,0.0,101.59935760498047,49.42198944091797,0.0,208.0,208.0,7.532524108886719,0.99838623046875,-0.07000589370727539,-0.09080208092927933,-0.04310321807861328,0.12248971574615654,71,P005,0.0,0.0,0.0,0.005859375,0.0,0.276611328125,0.654541015625,0.0,0.0,0.0,0.0,0.0,0.006835937500000001,0.0,0.0,0.045654296875,3.82666015625,6.3916015625,0.0,0.0,0.0,0.0,0.0,0.0,0.0,0.0
90.84222900390625,57.48648642504067,479.49253405950054,2784,0.02763671875,0.0,0.0,9.532958984375,0.0,0.0,2.852294921875,0.0,0.0439453125,17.09521484375,0.0,0.040283203125,0.693359375,0.127197265625,0.010009765625,0.0,0.03515625,0.02880859375,55.47265625,0.0,0.0302734375,0.0,0.0,0.00048828125,0.0,101.37101745605469,49.1898078918457,0.0,208.0,208.0,7.52822732925415,0.99851318359375,-0.04420876502990723,-0.035759732127189636,-0.015441179275512695,0.05892031368464046,72,P005,0.0,0.0,0.0,0.00537109375,0.0,0.0771484375,0.498779296875,0.0,0.0,0.0,0.0,0.0,0.0078125,0.0,0.0,0.02001953125,3.319580078125,10.108642578125,0.0,0.0,0.0,0.0,0.0,0.0,0.0,0.0
89.14726318359375,56.7868267468145,468.1778066919089,2710,0.0274267578125,0.0,0.0,9.579345703125,0.0,0.0,2.716796875,0.0,0.043701171875,16.7705078125,0.0,0.040771484375,0.676025390625,0.10424804687499999,0.010986328125,0.0,0.019775390625,0.037841796875,55.71362304687501,0.0,0.01220703125,0.0,0.0,0.0,0.0,101.5007553100586,49.50180435180664,0.0,208.0,208.0,7.531148433685303,0.9985546875,-0.0724337100982666,-0.043950192630290985,-0.019226551055908203,0.08687877793998289,73,P005,0.0,0.0,0.0,0.006103515625,0.0,0.00634765625,0.43115234375,0.0,0.0,0.0,0.0,0.0,0.006835937500000001,0.0,0.0,0.0009765625,2.79248046875,11.0302734375,0.0,0.0,0.0,0.0,0.0,0.0,0.0,0.0
88.93091552734376,55.869407886512846,458.33571269750604,2633,0.0283642578125,0.0,0.0,10.081298828125,0.0,0.0,2.50439453125,0.0,0.04248046875,16.37158203125,0.0,0.038818359375,0.658447265625,0.078369140625,0.010986328125,0.0,0.002197265625,0.044189453125,56.7275390625,0.0,0.0,0.0,0.0,0.0,0.0,96.68495178222656,49.199649810791016,0.0,208.0,208.0,7.492161750793457,0.9984716796875,-0.0642704963684082,-0.03284049988724291,-0.014755725860595703,0.07366767664287117,74,P005,0.0,0.0,0.0,0.00634765625,0.0,0.0,0.327880859375,0.0,0.0,0.0,0.0,0.0,0.006591796875,0.0,0.0,0.0,2.144287109375,10.95458984375,0.0,0.0,0.0,0.0,0.0,0.0,0.0,0.0
89.8077197265625,55.43779982457995,438.9539780610801,2553,0.02755126953125,0.0,0.0,10.073974609375,0.0,0.0,2.357666015625,0.0,0.042236328125,16.044921875,0.0,0.037353515625,0.61083984375,0.06127929687499999,0.0107421875,0.0,0.0,0.051025390625,58.09619140625,0.0,0.0,0.0,0.0,0.0,0.0,96.01899719238281,48.99906921386719,0.0,208.0,208.0,7.486764907836914,0.9985693359375,-0.10210633277893066,-0.04699420719407499,-0.021711111068725586,0.11447939136455923,75,P005,0.0,0.0,0.0,0.006591796875,0.0,0.0,0.248291015625,0.0,0.0,0.0,0.0,0.0,0.006103515625,0.0,0.0,0.0,1.697998046875,10.65478515625,0.0,0.0,0.0,0.0,0.0,0.0,0.0,0.0
91.48869873046876,54.728687072572434,428.8103947180747,2319,0.0264990234375,0.0,0.0,9.86865234375,0.0,0.0,2.229248046875,0.0,0.040771484375,15.401123046875002,0.0,0.03759765625,0.603515625,0.04248046875,0.010498046875,0.0,0.0,0.05566406249999999,60.09033203125001,0.0,0.0,0.0,0.0,0.0,0.0,95.6393051147461,48.49493408203125,0.0,208.0,208.0,7.525573253631592,0.99900390625,-0.025754213333129883,-0.011259499937295914,-0.005291461944580078,0.02860166800655638,76,P005,0.0,0.0,0.0,0.006103515625,0.0,0.0,0.156494140625,0.0,0.0,0.0,0.0,0.0,0.005859375,0.0,0.0,0.0,1.190185546875,10.261474609375,0.0,0.0,0.0,0.0,0.0,0.0,0.0,0.0
93.27050537109375,54.42812570143816,422.07627685498596,2270,0.02598876953125,0.0,0.0,8.2548828125,0.0,0.0,2.187744140625,0.0,0.041015625,15.295166015625,0.0,0.038330078125,0.60546875,0.039306640625,0.010498046875,0.0,0.0,0.057373046875,61.67578124999999,0.0,0.0,0.0,0.0,0.0,0.0,96.1004867553711,48.486480712890625,0.0,208.0,208.0,7.532036304473877,0.99904296875,-0.03944516181945801,-0.016948509961366653,-0.007986307144165039,0.043668683088395444,77,P005,0.0,0.0,0.0,0.006103515625,0.0,0.0,0.143310546875,0.0,0.0,0.0,0.0,0.0,0.006835937500000001,0.0,0.0,0.0,1.068359375,10.56982421875,0.0,0.0,0.0,0.0,0.0,0.0,0.0,0.0
95.46936767578126,54.069328273087514,415.2409567783117,2221,0.026875,0.0,0.0,6.4189453125,0.0,0.0,2.103271484375,0.0,0.043212890625,15.115234375,0.0,0.037109375,0.62841796875,0.03466796875,0.009521484375,0.0,0.0,0.058837890625,63.58715820312501,0.0,0.0,0.0,0.0,0.0,0.0,96.45295715332031,48.44878005981445,0.0,208.0,208.0,7.542169094085693,0.99876708984375,-0.11079001426696777,-0.04618959128856659,-0.021728515625,0.12198374480210722,78,P005,0.0,0.0,0.0,0.006835937500000001,0.0,0.0,0.12353515624999999,0.0,0.0,0.0,0.0,0.0,0.006835937500000001,0.0,0.0,0.0,0.91015625,10.916259765625,0.0,0.0,0.0,0.0,0.0,0.0,0.0,0.0
99.3320068359375,53.41595445563249,416.830390022254,2204,0.02741455078125,0.0,0.0,5.3955078125,0.0,0.0,1.923095703125,0.0,0.041015625,14.575439453125,0.0,0.0380859375,0.633056640625,0.020263671875,0.005859375,0.0,0.0,0.06103515625,66.2197265625,0.0,0.0,0.0,0.0,0.0,0.0,97.21691131591797,48.48055648803711,0.0,208.0,208.0,7.54669713973999,0.9986376953125,-0.19351232051849365,-0.07730600237846375,-0.035600900650024414,0.21140165638727662,79,P005,0.0,0.0,0.0,0.00634765625,0.0,0.0,0.080322265625,0.0,0.0,0.0,0.0,0.0,0.0029296875,0.0,0.0,0.0,0.5869140625,10.410400390625,0.0,0.0,0.0,0.0,0.0,0.0,0.0,0.0
107.46745849609376,53.59216907868477,414.3528039908409,1980,0.02632568359375,0.0,0.0,5.61474609375,0.0,0.0,1.840576171875,0.0,0.031982421875,13.636962890625002,0.0,0.03759765625,0.63134765625,0.00634765625,0.001220703125,0.0,0.0,0.043701171875,69.317138671875,0.0,0.0,0.0,0.0,0.0,0.0,98.86449432373047,48.634559631347656,0.0,208.0,208.0,7.553782939910889,0.99853515625,-0.15039515495300293,-0.05796937644481659,-0.02544879913330078,0.1631771816647956,80,P005,0.0,0.0,0.0,0.00244140625,0.0,0.0,0.040771484375,0.0,0.0,0.0,0.0,0.0,0.0,0.0,0.0,0.0,0.21826171875,8.576904296875,0.0,0.0,0.0,0.0,0.0,0.0,0.0,0.0
116.53327392578124,54.15620759045299,403.3356926540374,1857,0.02749755859375,0.0,0.0,5.326904296875,0.0,0.0,2.01708984375,0.0,0.025146484375,13.060791015625,0.0,0.03515625,0.656005859375,0.00244140625,0.0,0.0,0.0,0.02099609375,71.860595703125,0.0,0.0,0.0,0.0,0.0,0.0,100.2591781616211,48.92569351196289,0.0,208.0,208.0,7.567914962768555,0.9984033203125,-0.18949604034423828,-0.07080388069152832,-0.02862262725830078,0.2043066166777106,81,P005,0.0,0.0,0.0,0.0,0.0,0.0,0.0244140625,0.0,0.0,0.0,0.0,0.0,0.0,0.0,0.0,0.0,0.083251953125,6.887207031250001,0.0,0.0,0.0,0.0,0.0,0.0,0.0,0.0
127.96766845703125,56.21048878889218,393.5092718724967,1724,0.0279345703125,0.0,0.0,4.828369140625,0.0,0.0,1.963134765625,0.0,0.018798828125,12.404296875,0.0,0.026611328125000003,0.706787109375,0.000244140625,0.0,0.0,0.0,0.00244140625,74.16259765625,0.0,0.0,0.0,0.0,0.0,0.0,101.22025299072266,49.239925384521484,0.0,208.0,208.0,7.570976734161377,0.99823486328125,-0.20987796783447266,-0.0753064751625061,-0.02523660659790039,0.22440301445458855,82,P005,0.0,0.0,0.0,0.0,0.0,0.515625,0.009765625,0.0,0.0,0.0,0.0,0.0,0.0,0.0,0.0,0.0,0.020263671875,5.341064453125,0.0,0.0,0.0,0.0,0.0,0.0,0.0,0.0
139.6035791015625,59.32685341410041,381.7799182240904,1665,0.02544189453125,0.0,0.0,5.596923828125,0.0,0.0,1.377685546875,0.0,0.015625,11.180908203125,0.0,0.0146484375,0.6044921875,0.0,0.0,0.0,0.0,0.00732421875,76.1943359375,0.0,0.0,0.0,0.0,0.0,0.0,100.99085235595703,49.16498565673828,0.0,208.0,208.0,7.568268775939941,0.99818359375,-0.190948486328125,-0.06573909521102905,-0.016103029251098633,0.2025888956019767,83,P005,0.0,0.0,0.0,0.0,0.0,0.87548828125,0.00146484375,0.0,0.0,0.0,0.0,0.0,0.0,0.0,0.0,0.0,0.0,4.131103515625,0.0,0.0,0.0,0.0,0.0,0.0,0.0,0.0
149.94025390625,61.451440907304764,362.56434097790117,1612,0.02114013671875,0.0,0.0,6.735839843749999,0.0,0.0,0.85888671875,0.0,0.012939453125,9.634033203125,0.0,0.007568359375,0.549072265625,0.0,0.0,0.0,0.0,0.003173828125,78.075439453125,0.0,0.0,0.0,0.0,0.0,0.0,101.00440216064453,48.964515686035156,0.0,208.0,208.0,7.561237335205078,0.9982275390625,-0.10388600826263428,-0.03489559888839722,-0.0061147212982177734,0.10976062750858755,84,P005,0.0,0.0,0.0,0.0,0.0,0.8232421875,0.0,0.0,0.0,0.0,0.0,0.0,0.0,0.0,0.0,0.0,0.0,3.2998046875,0.0,0.0,0.0,0.0,0.0,0.0,0.0,0.0
157.89848388671874,61.09258850115711,341.3358868774831,1442,0.01965087890625,0.0,0.0,5.572998046875,0.0,0.0,0.69677734375,0.0,0.0126953125,9.338134765625,0.0,0.00439453125,0.57275390625,0.0,0.0,0.0,0.0,0.012939453125,80.263916015625,0.0,0.0,0.0,0.0,0.0,0.0,101.12875366210938,48.85932540893555,0.0,208.0,208.0,7.558579921722412,0.99824951171875,-0.16824132204055786,-0.055932819843292236,-0.0061550140380859375,0.17740210532963221,85,P005,0.0,0.0,0.0,0.0,0.0,0.741943359375,0.0,0.0,0.0,0.0,0.0,0.0,0.0,0.0,0.0,0.0,0.0,2.783447265625,0.0,0.0,0.0,0.0,0.0,0.0,0.0,0.0
165.7377392578125,59.60396644505125,300.7092957210541,1188,0.01505615234375,0.0,0.0,4.85205078125,0.0,0.0,0.500244140625,0.0,0.01025390625,23.041259765625,0.0,0.00048828125,0.49853515625000006,0.0,0.0,0.0,0.0,0.022705078125,63.995849609375,0.0,0.0,0.0,0.0,4.0087890625,0.0,99.98043060302734,48.62326431274414,0.0,208.0,208.0,7.555177688598633,0.99840087890625,-0.11825233697891235,-0.04060673713684082,-0.0017697811126708984,0.12504261044564569,86,P005,0.0,0.0,0.0,0.0,0.0,0.637451171875,0.0,0.0,0.0,0.0,0.0,0.0,0.0,0.0,0.0,0.0,0.0,2.432373046875,0.0,0.0,0.0,0.0,0.0,0.0,0.0,0.0
171.40176025390625,59.37658145366877,274.33389075889585,978,0.01576416015625,0.0,0.0,4.402099609375,0.0,0.0,0.390380859375,0.0,0.00830078125,21.330078125,0.0,0.0,0.45971679687499994,0.0,0.0,0.0,0.0,0.01953125,51.90185546875,0.0,0.0,0.0,0.0,18.524658203125,0.0,97.72705078125,48.32765579223633,0.0,208.0,208.0,7.552814483642578,0.9987158203125,-0.06971335411071777,-0.020014405250549316,0.0007414817810058594,0.07253328859310813,87,P005,0.0,0.0,0.0,0.0,0.0,0.596923828125,0.036376953125,0.0,0.0,0.0,0.0,0.0,0.0,0.0,0.0,0.0,0.0,2.330078125,0.0,0.0,0.0,0.0,0.0,0.0,0.0,0.0
171.53727783203124,60.09794196907184,359.6374223594129,1277,0.0189892578125,0.0,0.0,5.47802734375,0.0,0.0,0.367431640625,0.0,0.008056640625,19.52197265625,0.0,0.0,0.86083984375,0.0,0.0,0.0,0.0,0.00146484375,46.680419921875,0.0,0.0,0.0,0.0,24.2216796875,0.0,97.53250885009766,48.21461486816406,0.0,208.0,208.0,7.549509048461914,0.99862548828125,0.015409529209136963,0.007400155067443848,0.00040602684020996094,0.017099144518496562,88,P005,0.0,0.0,0.0,0.0,0.0,0.5654296875,0.093505859375,0.0,0.0,0.0,0.0,0.0,0.0,0.0,0.0,0.0,0.0,2.201171875,0.0,0.0,0.0,0.0,0.0,0.0,0.0,0.0
169.0183544921875,61.242570539745806,442.0277563473642,1233,0.01924072265625,0.0,0.0,7.41455078125,0.0,0.0,0.365234375,0.0,0.0078125,18.567138671875,0.0,0.0,1.0048828125,0.0,0.0,0.0,0.0,0.004638671875,48.06494140625,0.0,0.0,0.0,0.0,21.955078125,0.0,98.4238510131836,48.33629608154297,0.0,208.0,208.0,7.554226875305176,0.99866943359375,0.03013390302658081,0.014163672924041748,0.0005893707275390625,0.03330178824281197,89,P005,0.0,0.0,0.0,0.0,0.0,0.587890625,0.002197265625,0.0,0.0,0.0,0.0,0.0,0.0,0.0,0.0,0.0,0.0,2.025634765625,0.0,0.0,0.0,0.0,0.0,0.0,0.0,0.0
166.2587060546875,62.64027188636382,441.63891005113123,1269,0.01816162109375,0.0,0.0,9.48779296875,0.0,0.0,0.356201171875,0.0,0.008056640625,17.658935546875,0.0,0.0,1.068115234375,0.0,0.0,0.0,0.0,0.012939453125,50.248046875,0.0,0.0,0.0,0.0,18.643798828125,0.0,99.42333984375,48.45167541503906,0.0,208.0,208.0,7.557766914367676,0.99870361328125,0.06753814220428467,0.03149014711380005,0.0009129047393798828,0.07452424714626864,90,P005,0.0,0.0,0.0,0.0,0.0,0.613037109375,0.0,0.0,0.0,0.0,0.0,0.0,0.0,0.0,0.0,0.0,0.0,1.903076171875,0.0,0.0,0.0,0.0,0.0,0.0,0.0,0.0
163.77234619140626,63.900786192264704,462.56013650841106,1113,0.0181005859375,0.0,0.0,10.361083984375,0.0,0.09423828125,0.401611328125,0.0,0.010986328125,18.412841796875,0.0,0.00146484375,0.982421875,0.0,0.0,0.0,0.0,0.033447265625,56.142822265625,0.0,0.0,0.0,0.0,11.064208984375,0.0,101.18531036376953,48.58546829223633,0.0,208.0,208.0,7.561697006225586,0.9985693359375,0.02700066566467285,0.012532293796539307,0.0003077983856201172,0.029768927995216948,91,P005,0.0,0.0,0.0,0.0,0.0,0.572021484375,0.0,0.0,0.0,0.0,0.0,0.0,0.0,0.0,0.0,0.0,0.0,1.9228515625000002,0.0,0.0,0.0,0.0,0.0,0.0,0.0,0.0
161.50777587890624,65.20889100347357,578.6453852057457,1246,0.02121337890625,0.0,0.0,10.420654296875,0.0,0.571533203125,0.433349609375,0.0,0.009765625,19.509521484375,0.0,0.002685546875,1.8801269531250002,0.0,0.0,0.0,0.0,0.036865234375,57.85595703125001,0.0,0.0,0.0,0.0,6.839599609374999,0.0,102.19059753417969,48.52191162109375,0.0,208.0,208.0,7.561214447021484,0.9985498046875,0.10952568054199219,0.05048811435699463,0.001180410385131836,0.1206081164689542,92,P005,0.0,0.0,0.0,0.0,0.0,0.537353515625,0.0,0.0,0.0,0.0,0.0,0.0,0.0,0.0,0.0,0.0,0.0,1.9025878906250002,0.0,0.0,0.0,0.0,0.0,0.0,0.0,0.0
160.05000732421874,64.93794003813511,365.95903172490597,1008,0.01449951171875,0.0,0.0,10.566162109375,0.0,0.742919921875,0.47583007812499994,0.0,0.0126953125,13.011474609375002,0.0,0.008056640625,0.56494140625,0.0,0.0,0.0,0.0,0.021728515625,72.032470703125,0.0,0.0,0.0,0.0,0.0,0.0,103.47628784179688,48.34649658203125,0.0,208.0,208.0,7.543363094329834,0.99855224609375,0.11768639087677002,0.05359354615211487,0.0013239383697509766,0.12932172129834052,93,P005,0.0,0.0,0.0,0.0,0.0,0.45654296875,0.0,0.0,0.0,0.0,0.0,0.0,0.0,0.0,0.0,0.0,0.0,2.107177734375,0.0,0.0,0.0,0.0,0.0,0.0,0.0,0.0
154.929365234375,65.4415241046244,357.51587386312485,1007,0.01668212890625,0.0,0.0,11.121337890625,0.0,0.63037109375,0.43603515625,0.0,0.01611328125,7.823730468749999,0.0,0.015625,0.516357421875,0.0,0.0,0.0,0.0,0.001953125,77.067626953125,0.0,0.0,0.0,0.0,0.0,0.0,103.87969970703125,48.4910774230957,0.0,208.0,208.0,7.548850059509277,0.9984814453125,0.0940316915512085,0.04222652316093445,0.0012097358703613281,0.10308492486837534,94,P005,0.0,0.0,0.0,0.0,0.0,0.0,0.000732421875,0.0,0.0,0.0,0.0,0.0,0.0,0.0,0.0,0.0,0.0,2.3701171875,0.0,0.0,0.0,0.0,0.0,0.0,0.0,0.0
148.93966552734375,64.68612800390922,349.84197749497883,927,0.01546875,0.0,0.0,11.81201171875,0.0,0.20434570312499997,0.37060546875,0.0,0.01806640625,7.8779296875,0.0,0.022705078125,0.43505859375,0.0,0.0,0.0,0.0,0.0017089843750000002,76.638671875,0.0,0.0,0.0,0.0,0.0,0.0,103.7835922241211,48.583587646484375,0.0,208.0,208.0,7.550922870635986,0.99845703125,0.12033891677856445,0.05297914147377014,0.0018968582153320312,0.1314984501575022,95,P005,0.0,0.0,0.0,0.0,0.0,0.0,0.004150390625,0.0,0.0,0.0,0.0,0.0,0.0,0.0,0.0,0.0,0.0,2.61474609375,0.0,0.0,0.0,0.0,0.0,0.0,0.0,0.0
141.6266845703125,62.976569271368845,348.1344335292815,1001,0.01512939453125,0.0,0.0,11.67333984375,0.0,0.0,0.331298828125,0.0,0.021484375,8.106201171875,0.0,0.0322265625,0.380615234375,0.0,0.0,0.0,0.0,0.00146484375,76.370849609375,0.0,0.0,0.0,0.0,0.0,0.0,103.37336730957031,48.741554260253906,0.0,208.0,208.0,7.552710056304932,0.99842041015625,0.08554482460021973,0.03658980131149292,0.001752614974975586,0.09305805841058257,96,P005,0.0,0.0,0.0,0.0,0.0,0.0,0.014160156249999998,0.0,0.0,0.0,0.0,0.0,0.0,0.0,0.0,0.0,0.032958984375,3.035400390625,0.0,0.0,0.0,0.0,0.0,0.0,0.0,0.0
136.37197509765625,61.13399670382883,342.9532742357016,1112,0.01436767578125,0.0,0.0,10.77197265625,0.0,0.0,0.355224609375,0.0,0.026123046875,8.49658203125,0.0,0.03564453125,0.3876953125,0.0,0.0,0.0,0.0,0.002197265625,76.359619140625,0.0,0.0,0.0,0.0,0.0,0.0,103.04244995117188,48.864681243896484,0.0,208.0,208.0,7.5558671951293945,0.9983740234375,0.15505778789520264,0.061639249324798584,0.005369901657104492,0.16694654979389453,97,P005,0.0,0.0,0.0,0.0,0.0,0.0,0.022705078125,0.0,0.0,0.0,0.0,0.0,0.0,0.0,0.0,0.0,0.076416015625,3.4658203125,0.0,0.0,0.0,0.0,0.0,0.0,0.0,0.0
127.66331787109375,58.16710565097806,349.6526019588471,1209,0.02173095703125,0.0,0.0,9.028564453125,0.0,0.0,0.381591796875,0.0,0.03369140625,9.249755859375,0.0,0.037109375,0.369140625,0.0,0.000244140625,0.0,0.0,0.000244140625,76.180908203125,0.0,0.0,0.0,0.0,0.0,0.0,102.3506088256836,48.96774673461914,0.0,208.0,208.0,7.562170028686523,0.99832763671875,0.13906097412109375,0.049381256103515625,0.01405954360961914,0.1482367489672493,98,P005,0.0,0.0,0.0,0.002197265625,0.0,0.0,0.03955078125,0.0,0.0,0.0,0.0,0.0,0.0,0.0,0.0,0.0,0.172607421875,4.50439453125,0.0,0.0,0.0,0.0,0.0,0.0,0.0,0.0
119.60441650390625,55.713840620144275,341.43517566773886,1239,0.01874267578125,0.0,0.0,7.67236328125,0.0,0.0,0.373779296875,0.0,0.0419921875,9.916015625,0.0,0.040771484375,0.35009765625,0.000244140625,0.00244140625,0.0,0.0,0.0,75.61376953125,0.0,0.0,0.0,0.0,0.0,0.0,101.50601196289062,48.909820556640625,0.0,208.0,208.0,7.560041427612305,0.99832275390625,0.20575523376464844,0.0756455808877945,0.04694676399230957,0.2241906973510422,99,P005,0.0,0.0,0.0,0.006591796875,0.0,0.0,0.06079101562500001,0.0,0.0,0.0,0.0,0.0,0.0,0.0,0.0,0.0,0.23925781250000003,5.681884765625,0.0,0.0,0.0,0.0,0.0,0.0,0.0,0.0
107.82399169921875,53.1263286146723,338.667775810665,1312,0.0201708984375,0.0,0.0,6.59765625,0.0,0.0,0.319091796875,0.0,0.04907226562499999,10.733154296875,0.0,0.042724609375,0.283447265625,0.005859375,0.01025390625,0.0,0.0,0.0,73.891845703125,0.0,0.0,0.0,0.0,0.0,0.0,99.39382934570312,48.67918395996094,0.0,208.0,208.0,7.561026573181152,0.99842529296875,0.14793598651885986,0.06110735237598419,0.043071746826171875,0.16575385363957254,100,P005,0.0,0.0,0.0,0.007080078124999999,0.0,0.0,0.11474609375,0.0,0.0,0.0,0.0,0.0,0.006103515625,0.0,0.0,0.0,0.271240234375,7.667724609375,0.0,0.0,0.0,0.0,0.0,0.0,0.0,0.0
99.91180419921875,51.542767979352654,335.91456015624993,1440,0.02225830078125,0.0,0.0,6.00927734375,0.0,0.0,0.2744140625,0.0,0.052978515625,11.198974609375,0.0,0.04638671875,0.22216796875,0.0185546875,0.01123046875,0.0,0.0,0.0,72.401611328125,0.0,0.0,0.0,0.0,0.0,0.0,97.93330383300781,48.44009017944336,0.0,208.0,208.0,7.543340682983398,0.9985205078125,0.12026619911193848,0.05221934802830219,0.03770923614501953,0.13642875594233875,101,P005,0.0,0.0,0.0,0.00732421875,0.0,0.0,0.20068359375000003,0.0,0.0,0.0,0.0,0.0,0.008056640625,0.0,0.0,0.0,0.2080078125,9.34033203125,0.0,0.0,0.0,0.0,0.0,0.0,0.0,0.0
95.7073388671875,50.64209601234768,330.1552024822176,1510,0.0215380859375,0.0,0.0,4.960693359375,0.0,0.0,0.25048828125,0.0,0.056396484375,11.6396484375,0.0,0.04907226562499999,0.211181640625,0.038818359375,0.01171875,0.0,0.0,0.0,71.75341796875,0.0,0.0,0.0,0.0,0.0,0.0,97.1207504272461,48.331459045410156,0.0,208.0,208.0,7.54893159866333,0.99868896484375,0.15645623207092285,0.07084464840590954,0.05267143249511719,0.1796435263589398,102,P005,0.0,0.0,0.0,0.0078125,0.0,0.0,0.3271484375,0.0,0.0,0.0,0.0,0.0,0.00830078125,0.0,0.0,0.0,0.066162109375,10.619140625,0.0,0.0,0.0,0.0,0.0,0.0,0.0,0.0
94.96665283203124,49.84197360448928,341.6253832755982,1656,0.02254638671875,0.0,0.0,4.273681640625,0.0,0.0,0.2197265625,0.0,0.05810546875,12.8076171875,0.0,0.052734375,0.258544921875,0.07421875,0.01318359375,0.0,0.0146484375,0.0,72.052978515625,0.0,0.00732421875,0.0,0.0,0.0,0.0,97.25621032714844,48.5945930480957,0.0,208.0,208.0,7.527061462402344,0.9989404296875,0.16990375518798828,0.08176212012767792,0.06400537490844727,0.19912061252397648,103,P005,0.0,0.0,0.0,0.00830078125,0.0,0.0,0.56005859375,0.0,0.0,0.0,0.0,0.0,0.00927734375,0.0,0.0,0.0,0.0,9.589599609375,0.0,0.0,0.0,0.0,0.0,0.0,0.0,0.0
98.215361328125,49.93938715112149,350.2739903993071,1844,0.022880859375,0.0,0.0,4.491943359375,0.0,0.0,0.181640625,0.0,0.06005859375,14.77734375,0.0,0.05615234374999999,0.321533203125,0.135009765625,0.012939453125,0.0,0.05712890625,0.0,72.86328125,0.0,0.05078125,0.0,0.0,0.0,0.0,101.97720336914062,49.01216506958008,0.0,208.0,208.0,7.551311492919922,0.9977490234375,0.15228939056396484,0.08513893187046051,0.07552433013916016,0.1901173864783429,104,P005,0.0,0.0,0.0,0.00732421875,0.0,0.0986328125,0.865234375,0.0,0.0,0.0,0.0,0.0,0.0087890625,0.0,0.0,0.033203125,0.0,5.97900390625,0.0,0.0,0.0,0.0,0.0,0.0,0.0,0.0
105.4353759765625,51.0617465568003,359.0252384616792,1994,0.02307861328125,0.0,0.0,4.650390625,0.0,0.0,0.13525390625,0.0,0.064697265625,18.179931640625,0.0,0.06030273437500001,0.3974609375,0.195068359375,0.014404296875,0.0,0.09228515625,0.0,72.580078125,0.0,0.19677734375,0.0,0.0,0.0,0.0,105.64892578125,48.66871643066406,0.0,208.0,208.0,7.5556960105896,0.9982958984375,0.0709223747253418,0.10647360980510712,0.12308859825134277,0.1775314502872448,105,P005,0.0,0.0,0.0,0.009521484375,0.0,0.088623046875,1.14599609375,0.0,0.0,0.0,0.0,0.0,0.010009765625,0.0,0.0,0.06103515625,0.0,2.1181640625,0.0,0.0,0.0,0.0,0.0,0.0,0.0,0.0
117.98894287109376,52.58748075478071,383.15289796445376,2217,0.02598388671875,0.0,0.0,3.638427734375,0.0,0.0,0.111572265625,0.0,0.060546875,22.579833984375,0.0,0.064697265625,0.549560546875,0.277587890625,0.016845703125,0.0,0.141357421875,0.0,70.848876953125,0.0,0.31201171875,0.0,0.0,0.0,0.0,106.17223358154297,48.568119049072266,0.0,208.0,208.0,7.5551910400390625,0.9984521484375,-0.003922224044799805,0.11127090454101562,0.12676572799682617,0.16871913890664195,106,P005,0.0,0.0,0.0,0.01953125,0.0,0.08837890625,1.166259765625,0.0,0.0,0.0,0.0,0.0,0.01806640625,0.0,0.0,0.10644531250000001,0.0,0.0,0.0,0.0,0.0,0.0,0.0,0.0,0.0,0.0
132.68926513671875,51.7348547810452,415.3736473295153,2373,0.0293212890625,0.0,0.0,0.883544921875,0.0,0.0,0.33203125,0.0,0.05224609375,27.390136718750004,0.0,0.06689453125,0.810302734375,0.346923828125,0.019287109375,0.0,0.183349609375,0.027832031249999997,67.882568359375,0.0,0.45751953124999994,0.0,0.0,0.000732421875,0.0,104.97303009033203,48.98613739013672,0.0,208.0,208.0,7.566823959350586,0.998408203125,-0.014185190200805664,0.08323788642883301,0.12161993980407715,0.14805801267111376,107,P005,0.0,0.0,0.0,0.027832031249999997,0.0,0.099365234375,1.238525390625,0.0,0.0,0.0,0.0,0.0,0.02490234375,0.0,0.0,0.156005859375,0.0,0.0,0.0,0.0,0.0,0.0,0.0,0.0,0.0,0.0
140.47156982421876,50.81014065023812,494.9364275457322,2801,0.0352685546875,0.0,0.0,0.8200683593750001,0.0,0.0,0.655029296875,0.0,0.04150390625,31.747314453124996,0.0,0.0625,1.26171875,0.39453125,0.0234375,0.0,0.18359375,0.096435546875,62.1083984375,0.0,0.685546875,0.0,0.0,0.05224609375,0.0,102.69985961914062,49.39737319946289,0.0,208.0,208.0,7.569915771484375,0.99784912109375,-0.042771339416503906,0.03344219923019409,0.14239943027496338,0.15239870704001374,108,P005,0.0,0.0,0.0,0.028076171874999997,0.0,0.143798828125,1.484130859375,0.0,0.0,0.0,0.0,0.0,0.025634765625,0.0,0.0,0.18603515625,0.0,0.0,0.0,0.0,0.0,0.0,0.0,0.0,0.0,0.0
138.48249755859376,53.29171805445754,855.5318111205102,3588,0.05213623046875,0.0,0.0,1.236083984375,0.0,0.0,1.473876953125,0.0,0.027832031249999997,35.543212890625,0.0,0.053955078125,4.049072265625,0.40649414062499994,0.021240234375,0.0,0.142822265625,0.21826171875,53.2578125,0.0,0.606689453125,0.0,0.0,0.10302734375,0.0,100.89832305908203,49.598304748535156,0.0,208.0,208.0,7.562321662902832,0.9976416015625,-0.12248659133911133,-0.007936954498291016,0.1603637933731079,0.20194679133275492,109,P005,0.0,0.0,0.0,0.0234375,0.0,0.23120117187500003,1.177001953125,0.0,0.0,0.0,0.0,0.0,0.023193359375,0.0,0.0,0.173095703125,1.231689453125,0.0,0.0,0.0,0.0,0.0,0.0,0.0,0.0,0.0
134.715322265625,56.393018345872065,1202.3886376644132,4189,0.06917724609375,0.0,0.0,0.716064453125,0.0,0.0,2.231689453125,0.0,0.01806640625,39.310546875,0.0,0.04296875,8.33447265625,0.38623046875,0.02490234375,0.0,0.093994140625,0.27978515625,43.165283203125,0.0,0.38232421875,0.0,0.0,0.185546875,0.0,98.13859558105469,49.18758773803711,0.0,208.0,208.0,7.552436828613281,0.99843505859375,-0.17703938484191895,-0.002735435962677002,0.07555294036865234,0.19250629390609578,110,P005,0.0,0.0,0.0,0.0166015625,0.0,0.319091796875,0.82666015625,0.0,0.0,0.0,0.0,0.0,0.016357421875,0.0,0.0,0.139404296875,3.5100097656250004,0.0,0.0,0.0,0.0,0.0,0.0,0.0,0.0,0.0
134.697919921875,58.94501830666673,1328.5948057953774,4299,0.08164794921875,0.0,0.0,0.49023437499999994,0.0,0.0,3.362060546875,0.0,0.01953125,40.817626953125,0.0,0.035400390625,10.525390625,0.346923828125,0.023681640625,0.0,0.06787109375,0.373046875,36.154541015625,0.0,0.273193359375,0.0,0.0,0.071533203125,0.0,97.30573272705078,49.2109260559082,0.0,208.0,208.0,7.555739879608154,0.99840576171875,-0.14781498908996582,-0.0004315376281738281,0.053949713706970215,0.15735319772237008,111,P005,0.0,0.0,0.0,0.013671875000000002,0.0,1.51416015625,0.652587890625,0.0,0.0,0.0,0.0,0.0,0.013427734375000002,0.456787109375,0.0,0.1181640625,4.670166015625,0.0,0.0,0.0,0.0,0.0,0.0,0.0,0.0,0.0
136.72781982421876,59.70774073922393,1477.156443218893,4498,0.0879296875,0.0,0.0,0.39086914062500006,0.0,0.0,4.214599609375,0.0,0.01904296875,41.083251953125,0.0,0.033935546875,12.236572265625,0.328125,0.0224609375,0.0,0.057373046875,0.3564453125,33.08251953125,0.0,0.230224609375,0.0,0.0,0.421630859375,0.0,96.9017562866211,49.01951217651367,0.0,208.0,208.0,7.554003715515137,0.99857666015625,-0.12960410118103027,0.00026041269302368164,0.04441273212432861,0.1370028526435154,112,P005,0.0,0.0,0.0,0.01220703125,0.0,1.326171875,0.584228515625,0.0,0.0,0.0,0.0,0.0,0.012939453125,0.34375,0.0,0.10986328125,5.10400390625,0.0,0.0,0.0,0.0,0.02978515625,0.0,0.0,0.0,0.0
138.62032958984375,60.108678497790535,1595.2696310459078,4685,0.08829345703125,0.0,0.0,0.33544921875,0.0,0.0,4.767578125,0.0,0.02099609375,45.824462890625,0.0,0.032470703125,12.910888671875002,0.3134765625,0.021484375,0.0,0.0478515625,0.369384765625,27.105712890625,0.0,0.2060546875,0.0,0.0,0.7529296875,0.0,100.66458892822266,49.02787399291992,0.0,208.0,208.0,7.565249443054199,0.99865966796875,-0.15674185752868652,0.0011620521545410156,0.04987597465515137,0.16449003956031574,113,P005,0.0,0.0,0.0,0.01171875,0.0,1.13330078125,0.5576171875,0.0,0.0,0.0,0.0,0.0,0.02294921875,0.186279296875,0.0,0.105712890625,5.18896484375,0.0,0.0,0.0,0.0,0.084716796875,0.0,0.0,0.0,0.0
152.89623779296875,57.26097310152263,1155.3944189208983,4739,0.073544921875,0.0,0.0,0.273681640625,0.0,0.0,4.455322265625,0.0,0.02197265625,51.128173828125,0.0,0.03076171875,8.371826171875,0.2919921875,1.996337890625,0.0,0.03955078125,0.329833984375,25.16357421875,0.0,0.177978515625,0.0,0.0,0.338623046875,0.0,99.1739273071289,50.66923522949219,0.0,208.0,208.0,7.56294059753418,0.99731689453125,-0.1854919195175171,0.003202974796295166,0.051459431648254395,0.19252424356272668,114,P005,0.0,0.0,0.0,0.01123046875,0.0,1.361572265625,0.511962890625,0.0,0.0,0.0,0.0,0.0,0.073486328125,0.02099609375,0.0,0.097900390625,5.2470703125,0.0,0.0,0.0,0.0,0.05615234374999999,0.0,0.0,0.0,0.0
164.3824462890625,54.1931202433573,899.4402513412476,4718,0.0644482421875,0.0,0.0,0.20458984375000003,0.0,0.0,3.93505859375,0.0,0.02099609375,54.16699218749999,0.0,0.027832031249999997,5.715087890625,0.26220703125,3.555908203125,0.0,0.02880859375,0.29052734375,23.878173828125,0.0,0.140380859375,0.0,0.0,0.34326171875,0.0,93.09965515136719,49.684818267822266,0.0,208.0,208.0,7.546578884124756,0.9975537109375,-0.19013965129852295,-0.005151927471160889,0.02946174144744873,0.19247759236261328,115,P005,0.0,0.0,0.0,0.009033203125,0.0,1.30712890625,0.43969726562500006,0.0,0.0,0.0,0.0,0.0,0.048583984375,0.0,0.0,0.0869140625,5.5029296875,0.0,0.0,0.0,0.0,0.035888671875,0.0,0.0,0.0,0.0
167.72943115234375,56.36847980603353,1087.6763178441763,4683,0.06540771484375,0.0,0.0,0.15771484375,0.0,0.0,3.801025390625,0.0,0.02001953125,53.39013671875,0.0,0.02392578125,7.502685546875,0.23291015624999997,1.67041015625,0.0,0.02294921875,0.167236328125,24.16748046875,0.0,0.10937500000000001,0.0,0.0,1.4267578125,0.0,93.439453125,48.639774322509766,0.0,208.0,208.0,7.534128665924072,0.99836181640625,-0.15231657028198242,-0.08183258771896362,-0.003930807113647461,0.17295190441221706,116,P005,0.0,0.0,0.0,0.008056640625,0.0,1.0771484375,0.36865234375,0.0,0.0,0.0,0.0,0.0,0.032958984375,0.0,0.0,0.074462890625,5.721435546875,0.0,0.0,0.0,0.0,0.024658203125,0.0,0.0,0.0,0.0
113.4312548828125,72.28739574558745,1513.2243404379844,4054,0.0805419921875,0.0,0.0,0.161376953125,0.0,0.0,2.49365234375,0.0,0.0,23.979736328125,0.0,0.0,24.68115234375,7.392333984375001,0.403564453125,0.0,0.0,0.0,19.94873046875,0.0,0.0,0.0,0.0,0.048828125,0.0,106.16158294677734,48.80784606933594,0.0,208.0,208.0,7.533653259277344,0.9993017578125,-0.25699377059936523,0.35977113246917725,0.013193368911743164,0.44232921095974975,0,P006,0.0,0.0,0.0,0.0,0.0,0.0,0.0,0.0,0.0,0.0,0.0,0.0,0.0,0.0,0.0,0.0,0.0,0.0,0.107666015625,20.35693359375,0.426025390625,0.0,0.0,0.0,0.0,0.0
131.34657958984374,65.82484898884546,1153.7908726065098,3780,0.07306396484375,0.0,0.0,0.069091796875,0.0,0.0,1.26806640625,0.0,0.0,30.643554687500004,0.0,0.0,14.144287109375,7.63671875,0.696533203125,0.0,0.0,0.0,21.645263671875,0.0,0.0,0.0,0.0,0.007568359375,0.0,107.4680404663086,47.389915466308594,0.0,208.0,208.0,7.501349925994873,0.99951904296875,-0.2369375228881836,0.3119886815547943,0.019381999969482422,0.39223970871586217,1,P006,0.0,0.0,0.0,0.0,0.0,0.0,0.0,0.0,0.0,0.0,0.0,0.0,0.0,0.0,0.0,0.0,0.0,0.0,0.2099609375,23.165283203125,0.513671875,0.0,0.0,0.0,0.0,0.0
147.9655078125,56.09430058692127,808.4400041103364,3295,0.05538330078125,0.0,0.0,0.088623046875,0.0,0.0,0.591796875,0.0,0.0,40.973876953125,0.0,0.0,7.373779296874999,5.0,0.840576171875,0.0,0.0,0.0,22.71044921875,0.0,0.0,0.0,0.0,0.0029296875,0.0,107.95301818847656,46.236759185791016,0.0,208.0,208.0,7.480584621429443,0.999599609375,-0.22776174545288086,0.27618400007486343,0.027347564697265625,0.3590277202166515,2,P006,0.0,0.0,0.0,0.0,0.0,0.0,0.0,0.0,0.0,0.0,0.0,0.0,0.0,0.0,0.0,0.0,0.0,0.0,0.168212890625,21.7099609375,0.539794921875,0.0,0.0,0.0,0.0,0.0
161.1652294921875,40.229021233560026,577.1268268167911,2479,0.0492919921875,0.0,0.0,1.056884765625,0.0,0.03662109375,0.14599609375,0.0,0.736083984375,48.697021484375,0.0,0.002685546875,2.64892578125,0.256103515625,1.019775390625,0.0,0.0,0.0,24.396240234375,0.01171875,0.21923828125,0.0,0.027832031249999997,0.20019531249999997,0.0,106.78038024902344,45.69223403930664,0.0,208.0,208.0,7.453835487365723,0.9998193359375,-0.2294607162475586,0.22075160592794418,0.05213665962219238,0.3226479863522618,3,P006,0.0,0.0,0.0,0.0,0.0,0.039794921875,0.0,0.0,0.0,0.0,0.0,0.0,0.0,0.0,0.0,0.0,0.0,0.0,0.156494140625,19.80078125,0.5029296875,0.0,0.0,0.044677734375,0.0,0.0
157.58799560546876,42.009429639646605,576.7878073589267,3377,0.0513720703125,0.0,0.111572265625,3.39501953125,0.0,0.03759765625,0.58203125,0.0,0.875244140625,52.207275390625,0.029541015625,0.0625,0.339599609375,1.202880859375,0.13427734375,0.0,0.1318359375,0.0,20.10205078125,0.091064453125,0.769287109375,0.000732421875,0.47631835937500006,0.0,0.0,105.25480651855469,45.6095085144043,0.0,208.0,208.0,7.4251861572265625,0.99990478515625,-0.23131990432739258,0.12804779410362244,0.09472537040710449,0.28085233043647845,4,P006,0.0,0.0,0.0,0.04541015625,0.0,0.369873046875,0.31640625,0.005126953125,0.0,0.0,0.0,0.0,0.0859375,0.0,0.0,0.0,0.0,0.0,0.1533203125,18.40234375,0.0,0.0009765625,0.0,0.07177734375,0.0,0.0
155.47058349609375,46.73928801178924,621.432457511133,3343,0.056279296875,0.0,0.160888671875,4.214599609375,0.0,0.04052734375,0.633056640625,0.0,0.882568359375,59.91699218749999,0.029296875,0.066162109375,0.345947265625,2.231689453125,0.023681640625,0.0,0.1435546875,0.0,10.15771484375,0.0888671875,1.249267578125,0.010009765625,0.513427734375,0.0,0.042236328125,99.35236358642578,45.9908561706543,0.0,208.0,208.0,7.450860023498535,0.999931640625,-0.21155691146850586,0.08821684122085571,0.09952402114868164,0.24988711181387913,5,P006,0.0,0.0,0.0,0.1240234375,0.0,0.404052734375,0.41137695312500006,0.0034179687500000004,0.000244140625,0.0,0.0,0.0,0.166015625,0.0,0.0,0.0,0.0,0.0,0.193603515625,17.87353515625,0.0,0.002197265625,0.0,0.071044921875,0.0,0.0
159.071943359375,45.215820513830984,608.8959518418253,3324,0.0538916015625,0.0,0.48876953125,4.770751953125,0.0,0.0439453125,0.386474609375,0.0,0.8889160156249999,68.805419921875,0.032958984375,0.079345703125,0.2880859375,1.072021484375,0.022705078125,0.0,0.184814453125,0.0,3.640869140625,0.092529296875,1.95263671875,0.012451171875,0.57666015625,0.01318359375,0.08447265625,95.1497573852539,47.51358413696289,0.0,208.0,208.0,7.507301330566406,0.99863037109375,-0.2548518180847168,0.042058348655700684,0.14366447925567627,0.29556359124989445,6,P006,0.0,0.0,0.0,0.23193359375,0.0,0.45629882812500006,0.51318359375,0.01806640625,0.0,0.0,0.0,0.0,0.32373046875,0.0,0.0,0.0,0.0,0.0,0.255859375,14.6943359375,0.0,0.003173828125,0.0,0.06640625,0.0,0.0
165.17403564453124,40.09601248211007,434.1703048238219,2444,0.03739501953125,0.0,0.3916015625,3.328125,0.0,0.04931640625,0.2841796875,0.0,0.033203125,78.9345703125,0.031494140625,0.09814453124999999,0.078369140625,0.0,0.0185546875,0.0,0.22021484375,0.0,5.959228515625,0.06030273437500001,3.411865234375,0.026123046875,0.610595703125,0.001953125,0.135986328125,103.47441101074219,49.2360725402832,0.0,208.0,208.0,7.560372829437256,0.99808349609375,-0.2662191390991211,0.03999197483062744,0.14853477478027344,0.30746474170635774,7,P006,0.0,0.0,0.0,0.546630859375,0.0,0.55322265625,0.680419921875,0.10546875,0.0,0.0,0.0,0.0,0.83447265625,0.0,0.0,0.0,0.0,0.0,0.03564453125,3.564697265625,0.0,0.005615234375,0.0,0.0,0.0,0.0
166.09245361328124,42.108736772590284,343.82293761596077,1902,0.03416748046875,0.0,0.000732421875,0.120361328125,0.0,0.0,0.203857421875,0.0,0.01904296875,77.46435546875,0.0,0.037841796875,0.055908203125,0.0,0.0,0.0,0.07666015625,0.023681640625,7.805908203125,0.0,7.424560546875,0.005859375,0.065673828125,0.05322265625000001,0.22021484375,105.28691101074219,48.924312591552734,0.0,208.0,208.0,7.559921741485596,0.998515625,-0.3305816650390625,0.04181796312332153,0.2074187994003296,0.39249909253966,8,P006,0.0,0.0,0.0,1.510498046875,0.0,0.445556640625,0.785400390625,0.283447265625,0.0,0.0,0.0,0.0,2.602783203125,0.0,0.0,0.0,0.0,0.14306640625,0.0,0.64111328125,0.0,0.01025390625,0.0,0.0,0.0,0.0
150.77962646484374,55.44296445074915,345.65169122561804,2502,0.04179443359375,0.0,0.0,0.031494140625,0.0,0.0,0.04150390625,0.0,0.0,67.37841796875,0.0,0.0,0.093994140625,0.0,0.0,0.0,0.0,0.0,7.947265625,0.0,20.042236328125,0.0,0.0,0.09716796875,0.0,106.99919891357422,49.84049987792969,0.0,208.0,208.0,7.5685343742370605,0.99812255859375,-0.34323549270629883,0.02201080322265625,0.2763504981994629,0.4412082011555696,9,P006,0.0,0.0,0.0,0.0,0.0,0.27197265625,0.39526367187500006,0.368896484375,0.0,0.0,0.0,0.0,0.0,0.0,0.0,0.0,0.0,0.263427734375,0.0,3.068359375,0.0,0.0,0.0,0.0,0.0,0.0
144.12096435546874,67.70351408372288,325.24487813495995,1546,0.0358837890625,0.0,0.0,0.4384765625,0.0,0.017333984375,0.037353515625,0.0,0.002197265625,64.7294921875,0.0,0.0,0.1884765625,0.0,0.012939453125,0.0,0.0,0.0,7.057373046875,0.0,18.710693359375,0.0,0.0,0.3095703125,0.0,106.7650375366211,50.4605827331543,0.0,208.0,208.0,7.568669319152832,0.99754150390625,-0.33730220794677734,0.012098133563995361,0.263092041015625,0.42794458329002205,10,P006,0.0,0.0,0.0,0.0,0.0,0.615478515625,0.183837890625,0.227783203125,0.0,0.0,0.0,0.0,0.0,0.0,0.0,0.0,0.0,0.0,0.0,7.4033203125,0.0,0.0,0.0,0.0,0.0,0.065673828125
146.80578857421875,70.98913669361058,563.1162956185282,2835,0.048935546875,0.008544921875,0.39794921875,1.488525390625,0.005615234375,0.044677734375,0.149658203125,0.0,0.02392578125,75.03076171875,0.0,0.04907226562499999,1.0,0.0,0.142578125,0.0,0.0,0.0,4.93798828125,0.0,0.0,0.0,0.0029296875,0.392333984375,0.6923828125,112.12517547607422,48.98393249511719,0.0,208.0,208.0,7.528594017028809,0.998369140625,-0.4357173442840576,0.03183645009994507,0.2150515913963318,0.4869397813149108,11,P006,0.0,0.0,0.0,0.0,0.0,1.560791015625,0.0,0.21069335937500003,0.0,0.0,0.0,0.0,0.0,0.0,1.863525390625,0.0,0.0,0.0,0.809814453125,10.93017578125,0.0,0.036376953125,0.0,0.0,0.13427734375,0.08740234375
135.77481201171875,72.49642313939808,902.9395620106158,4182,0.063076171875,0.0185546875,0.65673828125,5.291748046875,0.007080078124999999,0.05053710937499999,0.125,0.0,0.042236328125,54.1220703125,0.0,0.31494140625,3.6228027343749996,0.0,0.2744140625,0.0,0.0,0.0302734375,12.521240234375,0.0,0.0,0.095947265625,0.28564453125,0.370849609375,1.15380859375,109.20344543457031,48.21766662597656,0.0,208.0,208.0,7.530826568603516,0.99822265625,-0.3706839084625244,0.02208489179611206,0.23705023527145386,0.4405531937019079,12,P006,0.0,0.0,0.0,0.0,0.23095703125000003,2.022705078125,0.0,0.0,0.0,0.2294921875,3.7685546875000004,0.9658203125,0.0,0.0,3.7272949218749996,0.0,0.0,0.0,0.744140625,9.1875,0.0,0.05029296875,0.0,0.0,0.08935546875,0.0
159.41624755859374,71.19886029430701,824.808434858984,3841,0.0581884765625,0.024658203125,0.8610839843750001,7.283935546875001,0.007080078124999999,0.055908203125,0.011962890625,0.00048828125,0.0498046875,65.598876953125,0.0,0.4560546875,3.8330078125,0.0,0.211181640625,0.0,0.003173828125,0.000244140625,7.003662109375,0.0,0.0,0.114013671875,0.651611328125,1.050537109375,1.48583984375,101.99954223632812,48.908607482910156,0.0,208.0,208.0,7.565774440765381,0.99875,-0.3373427391052246,-0.03009575605392456,0.23783519864082336,0.41384956188450034,13,P006,0.0,0.0,0.0,0.0,0.0,3.185302734375,0.0,0.0,0.0,0.0,0.04956054687499999,0.0,0.0,0.0,4.81005859375,0.0,0.0,0.0,0.396240234375,2.751220703125,0.0,0.075439453125,0.0,0.0,0.029052734375,0.0
193.48656005859374,57.29624893161507,533.092934962368,3048,0.03779541015625,0.022705078125,1.07958984375,7.004394531249999,0.0048828125,0.0419921875,0.0,0.00390625,0.012451171875,76.656982421875,0.0,0.0732421875,2.875732421875,0.0,0.089599609375,0.0,0.00146484375,0.0,3.202880859375,0.0,0.0,0.129150390625,0.705810546875,1.357177734375,1.8972167968749998,103.53772735595703,49.41265106201172,0.0,208.0,208.0,7.572971343994141,0.9982861328125,-0.29544806480407715,-0.02996617555618286,0.17425134778022766,0.34431244949487955,14,P006,0.0,0.0,0.0,0.0,0.0,4.718994140625,0.0,0.0,0.0,0.0,0.0,0.0,0.0,0.0,0.0,0.0,0.0,0.0,0.0,0.0,0.0,0.121826171875,0.0,0.0,0.0,0.0
203.90608642578124,63.607846687504264,548.0169076293706,2838,0.03941650390625,0.015380859375,1.394287109375,6.696044921875,0.0,0.014404296875,0.0,0.0,0.018310546875,76.25537109375,0.0,0.06884765625,2.623291015625,0.3720703125,0.062744140625,0.0,0.0,0.0,1.894775390625,0.0,0.0,0.1533203125,0.5654296875,1.950927734375,2.51513671875,102.80876159667969,49.00991439819336,0.0,208.0,208.0,7.569472312927246,0.99844970703125,-0.31467676162719727,-0.03404134511947632,0.15013206750154495,0.3503140236673543,15,P006,0.0,0.0,0.0,0.0,0.0,5.192138671875,0.0,0.0,0.0,0.0,0.0,0.0,0.0,0.0,0.0,0.0,0.0,0.0,0.0,0.0,0.0,0.20751953125,0.0,0.0,0.0,0.0
211.638154296875,57.427983053638634,469.76063687786467,2284,0.03393798828125,0.005126953125,2.02197265625,5.924560546875,0.0,0.0,0.0,0.0,0.021728515625,78.634521484375,0.0,0.06884765625,1.906982421875,0.31494140625,0.017822265625,0.0,0.0,0.0,1.385986328125,0.0,0.0,0.19482421875,0.254150390625,2.853515625,3.6784667968749996,102.4649887084961,48.98529052734375,0.0,208.0,208.0,7.565207481384277,0.99854736328125,-0.36188340187072754,-0.03846210241317749,0.12815841287374496,0.385828340926233,16,P006,0.0,0.0,0.0,0.0,0.0,2.29638671875,0.0,0.0,0.0,0.0,0.0,0.0,0.0,0.0,0.0,0.0,0.0,0.0,0.0,0.0,0.0,0.420166015625,0.0,0.0,0.0,0.0
208.429951171875,54.352153698969154,491.9263500554503,2650,0.03656494140625,0.0,3.6914062499999996,5.373779296875,0.0,0.0,0.0,0.0,0.02099609375,76.68310546875,0.0,0.09326171875,1.21435546875,0.38232421875,0.05981445312500001,0.0,0.0,0.0,1.025390625,0.0,0.0,0.1298828125,0.122314453125,4.04296875,5.9501953125,103.77518463134766,49.37405776977539,0.0,208.0,208.0,7.572556972503662,0.9981201171875,-0.3120690584182739,-0.030054450035095215,0.08074721693992615,0.323744467493305,17,P006,0.0,0.0,0.0,0.0,0.0,0.0,0.0,0.0,0.0,0.0,0.0,0.0,0.0,0.0,0.0,0.0,0.0,0.0,0.0,0.0,0.0,1.210205078125,0.0,0.0,0.0,0.0
198.605849609375,54.4123726806965,618.2556330532076,3269,0.0494091796875,0.0,7.279541015625,6.056396484375,0.0,0.0,0.0,0.0,0.486572265625,67.637451171875,0.0,0.103759765625,0.751953125,0.264892578125,0.073974609375,0.083984375,0.0,0.0,1.454833984375,0.0,0.0,0.115234375,0.10327148437500001,4.4892578125,9.34521484375,107.02084350585938,48.769256591796875,0.0,208.0,208.0,7.532188415527344,0.99829833984375,-0.2647891044616699,-0.022236496210098267,0.05285431444644928,0.27092676161818896,18,P006,0.091552734375,0.0087890625,0.0107421875,0.0,0.0,0.0,0.0,0.0,0.0,0.0,0.0,0.0,0.0,0.0,0.0,0.0,0.0,0.0,0.0,0.0,0.0,1.642578125,0.0,0.0,0.0,0.0
181.82741455078124,56.04101897293121,971.8848227090298,3998,0.07752685546875,0.0,13.4072265625,8.27001953125,0.0,0.0,0.0,0.0,1.338623046875,51.192138671875,0.0,0.10498046875,1.469970703125,0.223388671875,0.077392578125,0.0986328125,0.0,0.0,2.494140625,0.0,0.0,0.267578125,0.201904296875,4.971435546875,14.129150390625,104.4574966430664,47.36326599121094,0.0,208.0,208.0,7.497135162353516,0.99928466796875,-0.2938263416290283,-0.019924014806747437,0.045054465532302856,0.29792749162425314,19,P006,0.20043945312500003,0.044189453125,0.03369140625,0.005859375,1.4658203125,0.0,0.0,0.0,0.0,0.0034179687500000004,0.0,0.0,0.0,0.0,0.0,0.0,0.0,0.0,0.0,0.0,0.0,0.0,0.0,0.0,0.0,0.0
149.704560546875,55.207718556247066,1587.0053142979084,4400,0.11806640625,0.0,19.853515625,12.76220703125,0.0,0.0,0.0,0.0,1.93212890625,16.15234375,0.0,0.10400390625,4.565185546875,0.21289062500000003,0.0751953125,0.113037109375,0.0,0.0,1.402099609375,0.0,0.0,0.34912109375,0.62744140625,5.8740234375,30.594482421875004,101.1703109741211,48.14358139038086,0.0,208.0,208.0,7.537176132202148,0.99889892578125,-0.25211596488952637,-0.012489020824432373,0.028846904635429382,0.2540680603703967,20,P006,0.227783203125,0.042236328125,0.042724609375,0.006103515625,2.660888671875,0.0,0.0,0.0,0.0,0.0,0.0,0.0,0.05566406249999999,0.0,0.0,0.0,0.0,0.0,0.0,0.0,0.0,0.0,2.346923828125,0.0,0.0,0.0
149.35073974609375,57.2944719012149,1666.5502735805517,4352,0.12255615234375,0.0,20.920166015625,13.51708984375,0.0,0.007080078124999999,0.0,0.0,2.19970703125,13.034912109375,0.0,0.103515625,5.974365234375,0.21337890625,0.065673828125,0.1328125,0.0,0.0,0.837890625,0.0,0.0,0.387451171875,1.182861328125,6.332275390625,30.64990234375,100.58660125732422,47.87458038330078,0.0,208.0,208.0,7.530925750732422,0.99882080078125,-0.30555301904678345,-0.008922576904296875,0.02425810694694519,0.30664428183135345,21,P006,0.257568359375,0.035888671875,0.051025390625,0.01123046875,4.085205078125,0.0,0.0,0.0,0.0,0.0,0.0,0.0,0.0,0.0,0.0,0.0,0.0,0.0,0.0,0.0,0.0,0.0,0.0,0.0,0.0,0.0
147.6222802734375,56.101204402627154,1421.5149524866038,4343,0.11168212890625,0.0,19.038818359375,13.623779296875,0.0,0.040771484375,0.0,0.0,2.87060546875,13.258544921875002,0.0,0.11254882812500001,4.16162109375,0.180419921875,0.0791015625,0.15673828125,0.0,0.0,0.6162109375,0.0,0.0,0.50244140625,1.47509765625,6.22998046875,33.118896484375,101.22991180419922,47.76504898071289,0.0,208.0,208.0,7.526442050933838,0.99879150390625,-0.22129690647125244,-0.0020519793033599854,0.01097145676612854,0.22157821259406055,22,P006,0.302734375,0.03173828125,0.06079101562500001,0.010498046875,4.128662109375,0.0,0.0,0.0,0.0,0.0,0.0,0.0,0.0,0.0,0.0,0.0,0.0,0.0,0.0,0.0,0.0,0.0,0.0,0.0,0.0,0.0
145.62062255859374,55.21022227411997,1179.6801244841515,4288,0.1002490234375,0.0,16.246826171875,13.123779296874998,0.0,0.085205078125,0.0,0.0,3.3535156250000004,13.944824218749998,0.0,0.1259765625,2.553955078125,0.17041015625,0.073974609375,0.1767578125,0.0,0.0,0.831787109375,0.003173828125,0.0,0.654541015625,1.45166015625,5.86669921875,37.7275390625,101.29045867919922,47.45352554321289,0.0,208.0,208.0,7.529006004333496,0.99906005859375,-0.14457455277442932,0.00024521350860595703,0.004850536584854126,0.14465610648967453,23,P006,0.33154296875,0.03125,0.070556640625,0.00732421875,3.168701171875,0.0,0.0,0.0,0.0,0.0,0.0,0.0,0.0,0.0,0.0,0.0,0.0,0.0,0.0,0.0,0.0,0.0,0.0,0.0,0.0,0.0
144.61076904296874,54.927383531936336,1028.1112423351049,4095,0.08741455078125,0.0,13.371582031250002,12.456298828125,0.011962890625,0.110107421875,0.0,0.0,3.59521484375,13.660400390625,0.0,0.142578125,1.6672363281250002,0.14990234375,0.03271484375,0.1875,0.0,0.0,1.435546875,0.020751953125,0.0,0.8244628906250001,1.157470703125,5.70849609375,42.46875,100.18888854980469,47.247737884521484,0.0,208.0,208.0,7.518393516540527,0.999111328125,-0.04924970865249634,0.0003269016742706299,0.001297086477279663,0.049267870873318194,24,P006,0.3466796875,0.023193359375,0.0751953125,0.006591796875,2.54736328125,0.0,0.0,0.0,0.0,0.0,0.0,0.0,0.0,0.0,0.0,0.0,0.0,0.0,0.0,0.0,0.0,0.0,0.0,0.0,0.0,0.0
144.54513671875,54.92621345578706,933.9925821661949,3989,0.08271728515625,0.0,12.208740234375,11.45361328125,0.01611328125,0.12109375,0.0,0.0,3.55322265625,13.368164062499998,0.0,0.15673828125,1.46240234375,0.110595703125,0.006835937500000001,0.189453125,0.0,0.0,1.829833984375,0.032470703125,0.0,0.91357421875,0.8156738281249999,5.486328125,45.28857421875,99.48933410644531,47.28971481323242,0.0,208.0,208.0,7.514741897583008,0.9991015625,-0.08793565630912781,0.0008667111396789551,0.0019029974937438965,0.0879605152223308,25,P006,0.343994140625,0.018310546875,0.074951171875,0.006103515625,2.543212890625,0.0,0.0,0.0,0.0,0.0,0.0,0.0,0.0,0.0,0.0,0.0,0.0,0.0,0.0,0.0,0.0,0.0,0.0,0.0,0.0,0.0
144.03027099609375,54.18580869958954,847.5172639113426,3788,0.0755029296875,0.0,10.298828125,11.753173828125,0.017822265625,0.13232421875,0.0,0.0,3.6838378906249996,12.776611328125002,0.0,0.1748046875,0.99462890625,0.057861328125,0.0,0.20043945312500003,0.0,0.0,1.68505859375,0.058837890625,0.0,0.93896484375,0.658447265625,5.159912109375,48.820068359375,98.3559799194336,47.37509536743164,0.0,208.0,208.0,7.520398139953613,0.99908447265625,-0.03442177176475525,0.0004323422908782959,0.0006088912487030029,0.03442987133049048,26,P006,0.3662109375,0.005859375,0.07861328125,0.005859375,2.1318359375,0.0,0.0,0.0,0.0,0.0,0.0,0.0,0.0,0.0,0.0,0.0,0.0,0.0,0.0,0.0,0.0,0.0,0.0,0.0,0.0,0.0
143.613076171875,53.804497779994925,815.3750316526352,3675,0.0721630859375,0.0,9.6484375,12.260498046875,0.017822265625,0.13818359375,0.0,0.0,3.787841796875,12.36767578125,0.0,0.18603515625,0.8232421875,0.0390625,0.0,0.20434570312499997,0.0,0.0,1.451171875,0.07080078125,0.0,0.967041015625,0.633544921875,4.90576171875,50.119873046875,97.75631713867188,47.42213821411133,0.0,208.0,208.0,7.524530410766602,0.9991064453125,-0.053702011704444885,0.0007743239402770996,0.0008043646812438965,0.05371361690678868,27,P006,0.381103515625,0.002197265625,0.081787109375,0.005859375,1.90771484375,0.0,0.0,0.0,0.0,0.0,0.0,0.0,0.0,0.0,0.0,0.0,0.0,0.0,0.0,0.0,0.0,0.0,0.0,0.0,0.0,0.0
142.33964599609374,53.50012539660825,759.6877855718376,3512,0.06846923828125,0.0,8.261474609375,13.85791015625,0.017333984375,0.142822265625,0.0,0.0,4.0234375,11.697021484375,0.0,0.19287109375,0.62939453125,0.040771484375,0.0,0.19384765625,0.0,0.0,1.04736328125,0.088623046875,0.0,1.10302734375,0.838623046875,4.8759765625,51.21826171875,96.90701293945312,47.4304084777832,0.0,208.0,208.0,7.52667236328125,0.99916259765625,-0.08619514107704163,0.0014853477478027344,0.0009364485740661621,0.0862130241851826,28,P006,0.4111328125,0.0,0.087646484375,0.006835937500000001,1.265625,0.0,0.0,0.0,0.0,0.0,0.0,0.0,0.0,0.0,0.0,0.0,0.0,0.0,0.0,0.0,0.0,0.0,0.0,0.0,0.0,0.0
140.0173681640625,53.49838012394338,722.2571598591269,3324,0.0628271484375,0.0,6.4287109375,15.4697265625,0.017578125,0.149658203125,0.0,0.0,4.299072265625,9.82666015625,0.0,0.215087890625,0.74951171875,0.043212890625,0.0,0.11352539062500001,0.0,0.0,0.57763671875,0.1240234375,0.0,1.213623046875,1.191162109375,4.965576171875,53.813232421875,95.12014770507812,47.55997085571289,0.0,208.0,208.0,7.521542549133301,0.99915283203125,-0.030828937888145447,0.000601351261138916,0.00023245811462402344,0.03083567854653855,29,P006,0.462158203125,0.0,0.09765625,0.006591796875,0.235595703125,0.0,0.0,0.0,0.0,0.0,0.0,0.0,0.0,0.0,0.0,0.0,0.0,0.0,0.0,0.0,0.0,0.0,0.0,0.0,0.0,0.0
139.637958984375,53.26677475231576,706.0032449388266,3261,0.06150634765625,0.0,6.24609375,16.01904296875,0.016845703125,0.15576171875,0.0,0.0,4.22314453125,8.953857421875,0.0,0.22680664062499997,0.72802734375,0.0244140625,0.0,0.06982421875,0.0,0.0,0.2783203125,0.141357421875,0.0,1.244384765625,1.257080078125,4.9072265625,54.86621093750001,94.39178466796875,47.605804443359375,0.0,208.0,208.0,7.517119407653809,0.99908447265625,-0.06225135177373886,0.0013221800327301025,0.00031197071075439453,0.06226617286634131,30,P006,0.48803710937499994,0.0,0.10498046875,0.007080078124999999,0.04150390625,0.0,0.0,0.0,0.0,0.0,0.0,0.0,0.0,0.0,0.0,0.0,0.0,0.0,0.0,0.0,0.0,0.0,0.0,0.0,0.0,0.0
139.57845703125,52.1492626270125,662.2308315902711,3179,0.059052734375,0.0,5.729248046875,15.79833984375,0.019287109375,0.181396484375,0.0,0.0,3.9580078125,7.514892578125,0.0,0.255615234375,0.642578125,0.0,0.0,0.027099609375000003,0.0,0.0,0.10498046875,0.19091796875,0.0,1.33740234375,0.91015625,4.454833984375,58.291015625,94.34262084960938,48.15287399291992,0.0,208.0,208.0,7.514732837677002,0.998330078125,-0.07374183740466833,0.0017469823360443115,0.00010573863983154297,0.07376260374850488,31,P006,0.46850585937500006,0.0,0.111083984375,0.004638671875,0.0,0.0,0.0,0.0,0.0,0.0,0.0,0.0,0.0,0.0,0.0,0.0,0.0,0.0,0.0,0.0,0.0,0.0,0.0,0.0,0.0,0.0
140.56201171875,49.744961636910276,652.0461352606773,3096,0.05628173828125,0.0,5.17578125,15.058837890624998,0.021484375,0.20849609374999997,0.0,0.0,3.48828125,6.404541015625,0.0,0.299560546875,0.65380859375,0.0,0.0,0.029296875,0.0,0.0,0.0263671875,0.2783203125,0.0,1.259521484375,0.60400390625,3.4038085937499996,62.58251953125,96.88407897949219,49.074241638183594,0.0,208.0,208.0,7.5317535400390625,0.99762451171875,-0.15945830289274454,0.004423052072525024,-0.0007142722606658936,0.1595212334955221,32,P006,0.39086914062500006,0.0,0.114013671875,0.00048828125,0.0,0.0,0.0,0.0,0.0,0.0,0.0,0.0,0.0,0.0,0.0,0.0,0.0,0.0,0.0,0.0,0.0,0.0,0.0,0.0,0.0,0.0
145.25715087890626,42.99867627059157,577.706481056875,3063,0.05164306640625,0.0,3.673583984375,14.1171875,0.02392578125,0.236328125,0.0,0.03955078125,1.34912109375,4.704345703125,0.0,0.31201171875,0.631591796875,0.0,0.0,0.0,0.0,0.0,0.0,0.517578125,0.0,1.31494140625,0.6005859375,3.11328125,69.22314453125,101.77538299560547,49.70900344848633,0.0,208.0,208.0,7.548996925354004,0.9978515625,-0.11316689848899841,0.0036537349224090576,-0.001259535551071167,0.11323287120932206,33,P006,0.142822265625,0.0,0.0,0.0,0.0,0.0,0.0,0.0,0.0,0.0,0.0,0.0,0.0,0.0,0.0,0.0,0.0,0.0,0.0,0.0,0.0,0.0,0.0,0.0,0.0,0.0
148.71501708984374,37.11119177230031,499.3716668195186,2830,0.04391357421875,0.0,3.051513671875,13.66259765625,0.023681640625,0.24462890625,0.0,0.2255859375,0.21435546874999997,4.2705078125,0.0,0.3564453125,0.6611328125,0.0,0.0517578125,0.0,0.0,0.0,0.0,0.756103515625,0.0,1.491943359375,0.700927734375,3.3916015624999996,70.897216796875,104.10877227783203,49.51546096801758,0.0,208.0,208.0,7.557696342468262,0.99806884765625,-0.15812376141548157,0.005825787782669067,-0.00281485915184021,0.15825608095587837,34,P006,0.0,0.0,0.0,0.0,0.0,0.0,0.0,0.0,0.0,0.0,0.0,0.0,0.0,0.0,0.0,0.0,0.0,0.0,0.0,0.0,0.0,0.0,0.0,0.0,0.0,0.0
150.8485888671875,37.939125846299625,497.2637637042761,3273,0.0396337890625,0.0,2.754638671875,13.083251953125,0.0234375,0.24560546875,0.0,0.55810546875,0.21044921874999997,5.97509765625,0.0,0.31884765625,0.7255859375,0.0,0.058837890625,0.0,0.0,0.0,0.0,1.18115234375,0.0,1.790283203125,1.314697265625,3.902587890625,67.857421875,105.71792602539062,49.38892364501953,0.0,208.0,208.0,7.5584588050842285,0.9980224609375,-0.08654162287712097,0.0035780370235443115,-0.0020954906940460205,0.0866409021213221,35,P006,0.0,0.0,0.0,0.0,0.0,0.0,0.0,0.0,0.0,0.0,0.0,0.0,0.0,0.0,0.0,0.0,0.0,0.0,0.0,0.0,0.0,0.0,0.0,0.0,0.0,0.0
151.54157470703126,39.05220745727344,536.4700067176756,3580,0.0426904296875,0.0,3.256103515625,14.2568359375,0.0234375,0.250244140625,0.0,0.668701171875,0.20629882812499997,7.480468749999999,0.0,0.285888671875,0.731689453125,0.0,0.057861328125,0.0,0.0,0.0,0.0,1.510986328125,0.0,1.88037109375,1.708251953125,4.03955078125,63.643310546875,106.52696228027344,49.17243194580078,0.0,208.0,208.0,7.5492844581604,0.99793701171875,-0.14214003086090088,0.0069200098514556885,-0.00392073392868042,0.1423623793845186,36,P006,0.0,0.0,0.0,0.0,0.0,0.0,0.0,0.0,0.0,0.0,0.0,0.0,0.0,0.0,0.0,0.0,0.0,0.0,0.0,0.0,0.0,0.0,0.0,0.0,0.0,0.0
152.36114013671875,42.637784123129066,730.3841749236822,4510,0.04863525390625,0.0,3.831298828125,16.0009765625,0.0263671875,0.280517578125,0.0,1.298828125,0.21484375000000003,10.521240234375,0.0,0.23095703125000003,0.618896484375,0.0,0.066162109375,0.0,0.0,0.0,0.0,2.62353515625,0.0,2.032470703125,1.692138671875,4.058837890625,56.5029296875,107.6729507446289,48.70722579956055,0.0,208.0,208.0,7.548576831817627,0.99847412109375,-0.1679830551147461,0.01126939058303833,0.001959681510925293,0.16837204732799668,37,P006,0.0,0.0,0.0,0.0,0.0,0.0,0.0,0.0,0.0,0.0,0.0,0.0,0.0,0.0,0.0,0.0,0.0,0.0,0.0,0.0,0.0,0.0,0.0,0.0,0.0,0.0
156.3013818359375,47.40330344794579,883.0422273690166,4878,0.06076171875,0.0,4.49267578125,20.138671875,0.029541015625,0.336181640625,0.0,1.9013671875,0.227294921875,16.30615234375,0.0,0.13330078125,0.64208984375,0.0,0.07666015625,0.0,0.0,0.0,0.0,4.408935546875,0.0,2.117431640625,1.54736328125,3.34033203125,44.302001953125,103.57565307617188,48.53460693359375,0.0,208.0,208.0,7.555331707000732,0.99923828125,-0.13416963815689087,0.009769678115844727,0.022715896368026733,0.13642928703706245,38,P006,0.0,0.0,0.0,0.0,0.0,0.0,0.0,0.0,0.0,0.0,0.0,0.0,0.0,0.0,0.0,0.0,0.0,0.0,0.0,0.0,0.0,0.0,0.0,0.0,0.0,0.0
159.84150390625,51.7821026359719,1069.2832605986057,4962,0.07047119140625,0.0,5.027099609375,24.43017578125,0.033935546875,0.401123046875,0.0,2.278076171875,0.239501953125,22.856201171875,0.0,0.121826171875,0.640869140625,0.0,0.09814453124999999,0.0,0.0,0.0,0.0,5.476318359375,0.0,2.11181640625,1.325439453125,2.3779296875,32.58154296875,98.86788177490234,48.9178466796875,0.0,208.0,208.0,7.530945301055908,0.99826171875,-0.14205443859100342,0.01413726806640625,0.03372344374656677,0.1466853657660315,39,P006,0.0,0.0,0.0,0.0,0.0,0.0,0.0,0.0,0.0,0.0,0.0,0.0,0.0,0.0,0.0,0.0,0.0,0.0,0.0,0.0,0.0,0.0,0.0,0.0,0.0,0.0
167.77064453125,53.28779361920823,1172.6987199942525,4995,0.07792236328125,0.0,5.9677734375,25.929931640624996,0.037353515625,0.3623046875,0.0,2.787109375,0.228271484375,25.742431640625004,0.0,0.137939453125,0.676513671875,0.0,0.268310546875,0.0,0.0,0.0,0.0,6.365478515625,0.0,2.26708984375,1.715087890625,1.586181640625,25.92822265625,94.65433502197266,49.402976989746094,0.0,208.0,208.0,7.539213180541992,0.99770263671875,-0.14213407039642334,0.032664954662323,0.0268976092338562,0.14829893665513677,40,P006,0.0,0.0,0.0,0.0,0.0,0.0,0.0,0.0,0.0,0.0,0.0,0.0,0.0,0.0,0.0,0.0,0.0,0.0,0.0,0.0,0.0,0.0,0.0,0.0,0.0,0.0
169.85089111328125,56.85584198659576,1212.5008146335542,4979,0.08528076171875,0.0,7.5361328125,26.5634765625,0.018798828125,0.0830078125,0.0,3.1337890625000004,0.158203125,28.878173828124996,0.0,0.14794921875,0.749755859375,0.0,0.273681640625,0.0,0.0,0.0,0.0,7.570556640624999,0.0,2.251953125,3.6311035156249996,1.03076171875,17.97265625,92.71327209472656,49.499549865722656,0.0,208.0,208.0,7.538741111755371,0.99766845703125,-0.043471574783325195,0.024475693702697754,-0.005133539438247681,0.05015167617871369,41,P006,0.0,0.0,0.0,0.0,0.0,0.0,0.0,0.0,0.0,0.0,0.0,0.0,0.0,0.0,0.0,0.0,0.0,0.0,0.0,0.0,0.0,0.0,0.0,0.0,0.0,0.0
169.89802734375,57.299846843225204,1198.3084836060466,4970,0.08699462890625,0.0,7.988037109375,25.86474609375,0.0,0.078369140625,0.0,3.142333984375,0.1201171875,30.28076171875,0.0,0.140380859375,0.8593750000000001,0.0,0.270263671875,0.0,0.0,0.0,0.0,7.29541015625,0.0,2.01806640625,4.334228515625,0.52587890625,17.08203125,91.67996215820312,49.32191848754883,0.0,208.0,208.0,7.527469635009766,0.99749755859375,-0.0039359331130981445,0.004263818264007568,-0.002947211265563965,0.006508284712820584,42,P006,0.0,0.0,0.0,0.0,0.0,0.0,0.0,0.0,0.0,0.0,0.0,0.0,0.0,0.0,0.0,0.0,0.0,0.0,0.0,0.0,0.0,0.0,0.0,0.0,0.0,0.0
171.95421630859374,55.57820948164516,1140.289951748252,4978,0.0829052734375,0.0,7.557128906250001,24.95068359375,0.0,0.07958984375,0.0,3.195068359375,0.1240234375,30.917724609375004,0.0,0.14013671875,0.892578125,0.0,0.26171875,0.0,0.0,0.0,0.0,6.844238281249999,0.0,2.080078125,3.17236328125,0.559814453125,19.224853515625,90.77468872070312,49.070369720458984,0.0,208.0,208.0,7.52013635635376,0.99742919921875,0.034535884857177734,0.04042971134185791,-0.07801803946495056,0.09441452951748887,43,P006,0.0,0.0,0.0,0.0,0.0,0.0,0.0,0.0,0.0,0.0,0.0,0.0,0.0,0.0,0.0,0.0,0.0,0.0,0.0,0.0,0.0,0.0,0.0,0.0,0.0,0.0
173.37151123046874,52.98576159726644,1013.505942418331,4964,0.074619140625,0.0,6.989013671875,22.01708984375,0.0,0.057373046875,0.0,3.009765625,0.09375,32.078125,0.0,0.086181640625,1.058837890625,0.0,0.244140625,0.0,0.0,0.0,0.0,4.993408203125,0.0,1.7109375,2.4296875,1.544189453125,23.6875,90.3158187866211,48.640872955322266,0.0,208.0,208.0,7.519235134124756,0.9983154296875,0.11341416835784912,0.01784801483154297,-0.1063174456357956,0.1564759549076147,44,P006,0.0,0.0,0.0,0.0,0.0,0.0,0.0,0.0,0.0,0.0,0.0,0.0,0.0,0.0,0.0,0.0,0.0,0.0,0.0,0.0,0.0,0.0,0.0,0.0,0.0,0.0
173.07577392578125,50.32108887298598,977.9978030230938,4832,0.06744873046875,0.0,5.71484375,19.667724609375,0.0,0.09716796875,0.0,2.725341796875,0.903076171875,33.283935546875,0.0,0.172119140625,1.378173828125,0.0,0.22802734375,0.05004882812499999,0.0,0.0,0.04443359375,3.9394531250000004,0.0,1.019287109375,0.188232421875,2.69384765625,27.55322265625,95.0256576538086,50.160858154296875,0.0,208.0,208.0,7.528657913208008,0.9969384765625,0.04798924922943115,0.0034665465354919434,-0.0383523553609848,0.06152957133137244,45,P006,0.341064453125,0.0,0.0,0.0,0.0,0.0,0.0,0.0,0.0,0.0,0.0,0.0,0.0,0.0,0.0,0.0,0.0,0.0,0.0,0.0,0.0,0.0,0.0,0.0,0.0,0.0
172.23570068359376,49.5950013564192,975.3454581074179,4835,0.06613525390625,0.0,5.440673828125,19.2314453125,0.0,0.10009765624999999,0.0,2.52001953125,1.580322265625,33.216064453125,0.0,0.172119140625,1.37353515625,0.0,0.21850585937499997,0.06884765625,0.0,0.0,0.108154296875,3.8317871093749996,0.0,0.9106445312499999,0.0,2.67041015625,28.199951171875,95.14073944091797,50.541446685791016,0.0,208.0,208.0,7.504681587219238,0.9961181640625,0.013410449028015137,0.000746607780456543,-0.010291069746017456,0.016920510714166583,46,P006,0.357421875,0.0,0.0,0.0,0.0,0.0,0.0,0.0,0.0,0.0,0.0,0.0,0.0,0.0,0.0,0.0,0.0,0.0,0.0,0.0,0.0,0.0,0.0,0.0,0.0,0.0
171.19162841796876,49.76699904632357,962.114916198915,4863,0.0672119140625,0.0,5.716064453125,19.640869140625,0.0,0.099853515625,0.0,2.390869140625,1.554931640625,32.70068359375,0.0,0.1669921875,1.383544921875,0.0,0.21069335937500003,0.097900390625,0.0,0.0,0.04833984375,3.817626953125,0.0,1.12548828125,0.04345703125,2.579345703125,28.031982421875,95.9045639038086,50.59760665893555,0.0,208.0,208.0,7.513972282409668,0.99655029296875,0.03654074668884277,0.0016419291496276855,-0.027237921953201294,0.04560511475963257,47,P006,0.391357421875,0.0,0.0,0.0,0.0,0.0,0.0,0.0,0.0,0.0,0.0,0.0,0.0,0.0,0.0,0.0,0.0,0.0,0.0,0.0,0.0,0.0,0.0,0.0,0.0,0.0
169.92404541015625,49.590202643117294,965.4838608450829,4861,0.0675146484375,0.0,5.84033203125,19.7587890625,0.025390625,0.10595703125,0.0,2.159912109375,1.555419921875,32.203369140625,0.0,0.15625,1.4140625,0.0,0.22485351562500003,0.21826171875,0.0,0.0,0.03125,3.7609863281250004,0.0,1.31005859375,0.161376953125,2.715087890625,27.885498046875,96.48563385009766,50.63748550415039,0.0,208.0,208.0,7.515588283538818,0.99680908203125,0.11863446235656738,0.0023308396339416504,-0.08172210678458214,0.1440766157616898,48,P006,0.465087890625,0.0,0.008056640625,0.0,0.0,0.0,0.0,0.0,0.0,0.0,0.0,0.0,0.0,0.0,0.0,0.0,0.0,0.0,0.0,0.0,0.0,0.0,0.0,0.0,0.0,0.0
168.49249267578125,48.629964372298495,993.3855366580724,4816,0.06380126953125,0.0,5.244384765625,17.976318359375,0.0263671875,0.11645507812499999,0.0,1.744873046875,2.785400390625,31.206298828125,0.0,0.1455078125,1.4990234375,0.0,0.22460937499999997,0.37353515625,0.0,0.0,0.258544921875,3.9562988281250004,0.0,1.148193359375,0.138427734375,3.26171875,29.031494140625004,95.87167358398438,50.67408752441406,0.0,208.0,208.0,7.517325401306152,0.99708251953125,0.13814204931259155,-0.001220405101776123,-0.08514724671840668,0.16227990880149068,49,P006,0.71923828125,0.0,0.143310546875,0.0,0.0,0.0,0.0,0.0,0.0,0.0,0.0,0.0,0.0,0.0,0.0,0.0,0.0,0.0,0.0,0.0,0.0,0.0,0.0,0.0,0.0,0.0
168.56037841796876,46.992885120064514,951.7033711612464,4761,0.0602978515625,0.0,4.552490234375,14.630615234375,0.009765625,0.11840820312499999,0.0,1.330322265625,3.24951171875,31.44580078125,0.0,0.135498046875,1.6469726562499998,0.0,0.21655273437499997,0.364501953125,0.0,0.0,0.8681640625,3.753662109375,0.0,0.901611328125,0.069091796875,3.767333984375,31.95166015625,96.06581115722656,50.76680374145508,0.0,208.0,208.0,7.534842491149902,0.997109375,0.1158217191696167,-0.003290116786956787,-0.06470153853297234,0.13270939902060847,50,P006,0.837158203125,0.018798828125,0.132080078125,0.0,0.0,0.0,0.0,0.0,0.0,0.0,0.0,0.0,0.0,0.0,0.0,0.0,0.0,0.0,0.0,0.0,0.0,0.0,0.0,0.0,0.0,0.0
169.9784765625,46.48613117085382,878.7003643815758,4578,0.05678955078125,0.0,4.062744140625,12.010498046875,0.001220703125,0.123046875,0.0,1.283203125,3.302001953125,32.50537109375,0.0,0.129150390625,1.7802734375,0.0,0.207275390625,0.52978515625,0.0,0.0,1.523193359375,3.0126953125,0.0,0.726806640625,0.0224609375,4.168212890625,33.209716796875,95.91309356689453,50.79338455200195,0.0,208.0,208.0,7.548330307006836,0.99714599609375,0.1433088779449463,-0.006160855293273926,-0.07475157827138901,0.16175039131281188,51,P006,0.870361328125,0.328857421875,0.122314453125,0.080322265625,0.0,0.0,0.0,0.0,0.0,0.00048828125,0.0,0.0,0.0,0.0,0.0,0.0,0.0,0.0,0.0,0.0,0.0,0.0,0.0,0.0,0.0,0.0
171.75300048828126,45.437274753686445,816.2497940568679,4247,0.05447021484375,0.37353515625,3.5258789062499996,8.95751953125,0.0,0.126220703125,0.0,0.789306640625,3.10546875,33.570556640625,0.0,0.120361328125,1.896728515625,0.0,0.198974609375,0.626708984375,0.0,0.0,2.485107421875,2.0654296875,0.0,0.530029296875,0.0,4.519287109375,35.400390625,95.38444519042969,50.33718490600586,0.0,208.0,208.0,7.557772636413574,0.99733642578125,0.13566327095031738,-0.007597804069519043,-0.06736434996128082,0.15165818592256713,52,P006,0.8410644531250001,0.445556640625,0.11254882812500001,0.074951171875,0.051025390625,0.0,0.0,0.0,0.0,0.183349609375,0.0,0.0,0.0,0.0,0.0,0.0,0.0,0.0,0.0,0.0,0.0,0.0,0.0,0.0,0.0,0.0
172.32454345703124,45.28330607134962,656.0616576029719,3752,0.05408203125,0.704833984375,3.06591796875,6.799072265625,0.0,0.12475585937500001,0.0,0.71533203125,2.6943359375,33.59619140625,0.0,0.1142578125,2.33837890625,0.0,0.188720703125,0.6044921875,0.0,0.0,3.5322265625,1.236083984375,0.0,0.381591796875,0.0,4.8125,36.7451171875,94.80601501464844,49.40206527709961,0.0,208.0,208.0,7.538119316101074,0.99762939453125,0.18852324783802032,-0.013166069984436035,-0.09035107493400574,0.20946999096758712,53,P006,0.810302734375,0.416259765625,0.10424804687499999,0.0703125,0.775634765625,0.0,0.0,0.0,0.0,0.16943359375,0.0,0.0,0.0,0.0,0.0,0.0,0.0,0.0,0.0,0.0,0.0,0.0,0.0,0.0,0.0,0.0
169.926298828125,49.480082529849334,621.4746699191988,3543,0.05311767578125,0.9970703125000001,2.227783203125,4.64990234375,0.0,0.111083984375,0.0,0.753662109375,2.17138671875,32.668212890625,0.0,0.095458984375,3.93359375,0.0,0.175048828125,0.56884765625,0.0,0.0,5.264404296875,0.7265625,0.0,0.182861328125,0.0,4.901611328125,36.85302734375,97.18238067626953,48.61456298828125,0.0,208.0,208.0,7.538793087005615,0.99874755859375,0.23093886766582727,-0.020395338535308838,-0.10838401317596436,0.2559215206755226,54,P006,0.7685546875,0.378173828125,0.0927734375,0.06396484375,2.264404296875,0.0,0.0,0.0,0.0,0.151611328125,0.0,0.0,0.0,0.0,0.0,0.0,0.0,0.0,0.0,0.0,0.0,0.0,0.0,0.0,0.0,0.0
164.497265625,58.875317038555146,647.6546151413859,3319,0.05344482421875,1.18798828125,1.023681640625,1.74560546875,0.0,0.093505859375,0.000244140625,0.80810546875,1.645751953125,31.288330078125,0.0,0.040283203125,6.203369140625,0.007080078124999999,0.434326171875,0.5380859375,0.0,0.0,7.5439453125,0.39501953125,0.0,0.00146484375,0.0,4.480224609375,37.020751953125,100.32202911376953,48.1125602722168,0.0,208.0,208.0,7.538100719451904,0.99856689453125,0.16378906276077032,-0.017820000648498535,-0.07714572548866272,0.1819227101390482,55,P006,0.712890625,0.33984375,0.0830078125,0.056884765625,4.21484375,0.0,0.0,0.0,0.0,0.134765625,0.0,0.0,0.0,0.0,0.0,0.0,0.0,0.0,0.0,0.0,0.0,0.0,0.0,0.0,0.0,0.0
161.7242236328125,63.11156893881452,669.1160033391413,3388,0.0526953125,1.26953125,0.210205078125,1.3271484375,0.0,0.078369140625,0.0,0.85107421875,1.35400390625,30.92236328125,0.0,0.012939453125,7.291259765624999,0.03857421875,0.7265625,0.51904296875,0.0,0.0,9.352783203125,0.182373046875,0.0,0.0,0.0,3.89794921875,35.02587890625,102.27256774902344,47.9266471862793,0.0,208.0,208.0,7.544765472412109,0.99865966796875,0.17563095688819885,-0.02286607027053833,-0.08429008722305298,0.19614767138855216,56,P006,0.677001953125,0.313720703125,0.075927734375,0.052734375,5.697021484375,0.0,0.0,0.0,0.0,0.123046875,0.0,0.0,0.00048828125,0.0,0.0,0.0,0.0,0.0,0.0,0.0,0.0,0.0,0.0,0.0,0.0,0.0
160.25982421875,64.64674959026392,702.2009130095482,3687,0.0529736328125,1.335205078125,0.32861328125,1.513427734375,0.0,0.071044921875,0.00048828125,0.89990234375,1.081298828125,31.50439453125,0.0,0.00048828125,7.134033203124999,0.05078125,0.6484375,0.499755859375,0.0,0.0,11.762939453125,0.1513671875,0.0,0.0,0.0,3.14501953125,32.92626953125,104.55073547363281,48.02433776855469,0.0,208.0,208.0,7.535011291503906,0.99870361328125,0.11865270137786865,-0.016615748405456543,-0.05602318048477173,0.13226164746807145,57,P006,0.6494140625,0.291259765625,0.071044921875,0.048828125,5.6494140625,0.0,0.0,0.0,0.0,0.11328124999999999,0.0,0.0,0.123291015625,0.0,0.0,0.0,0.0,0.0,0.0,0.0,0.0,0.0,0.0,0.0,0.0,0.0
159.093955078125,64.67498596182332,743.3741664207222,3731,0.0552294921875,1.3759765625,0.58544921875,1.80322265625,0.0,0.07421875,0.000244140625,0.95068359375,1.0126953125,32.057861328125,0.0,0.0,6.63916015625,0.0017089843750000002,0.59228515625,0.49194335937499994,0.0,0.0,13.277099609375002,0.13671875,0.0,0.0,0.0,2.5517578125,31.8916015625,106.25248718261719,48.11998748779297,0.0,208.0,208.0,7.532321929931641,0.99877197265625,0.17902979254722595,-0.024222850799560547,-0.07875466346740723,0.1970804661508215,58,P006,0.635498046875,0.27880859375,0.068115234375,0.1787109375,5.176513671875,0.0,0.0,0.0,0.0,0.10839843750000001,0.0,0.0,0.11132812499999999,0.0,0.0,0.0,0.0,0.0,0.0,0.0,0.0,0.0,0.0,0.0,0.0,0.0
154.9872607421875,65.0149973595064,824.2657690614459,3700,0.05915283203125,1.421142578125,1.108154296875,2.246826171875,0.0,0.078125,0.00146484375,0.8923339843749999,1.312744140625,32.6982421875,0.0,0.0,5.92236328125,0.0,0.514892578125,0.48681640625000006,0.0,0.0,15.569091796875,0.10498046875,0.0,0.0,0.0,1.763916015625,29.951171875,108.84790802001953,48.320838928222656,0.0,208.0,208.0,7.535304069519043,0.99892578125,0.12175148725509644,-0.013702481985092163,-0.046148836612701416,0.1309232514952386,59,P006,0.611572265625,0.25927734375,0.06494140625,0.158203125,4.63818359375,0.0,0.0,0.0,0.0,0.099853515625,0.0,0.0,0.095703125,0.0,0.0,0.0,0.0,0.0,0.0,0.0,0.0,0.0,0.0,0.0,0.0,0.0
151.81998291015626,64.50941862554613,857.3055633846285,3582,0.06076171875,1.36865234375,1.641845703125,2.511962890625,0.0,0.080810546875,0.002197265625,0.838623046875,1.583740234375,32.836669921875,0.0,0.0,5.514892578125,0.0,0.49658203125,0.4814453125,0.0,0.0,17.266357421875,0.108154296875,0.0,0.0,0.0,1.17724609375,27.92431640625,110.10267639160156,48.53910827636719,0.0,208.0,208.0,7.539191722869873,0.9989453125,0.07676029205322266,-0.006509304046630859,-0.024546802043914795,0.0808520807762587,60,P006,0.8706054687499999,0.251953125,0.062744140625,0.142822265625,4.34033203125,0.0,0.0,0.0,0.0,0.095947265625,0.0,0.0,0.0859375,0.0,0.0,0.0,0.0,0.0,0.0,0.0,0.0,0.0,0.316162109375,0.0,0.0,0.0
151.1632470703125,62.74759660489722,878.6906760860444,3480,0.0631689453125,1.1318359375,1.884765625,2.275634765625,0.0,0.081787109375,0.0009765625,0.70849609375,1.760498046875,32.478271484375,0.0,0.0,5.26708984375,0.0,0.834228515625,0.47851562500000006,0.0,0.0,18.568115234375,0.11132812499999999,0.0,0.0,0.0,0.90478515625,25.815673828125004,109.94194030761719,48.772891998291016,0.0,208.0,208.0,7.547544002532959,0.998828125,0.07281291484832764,-0.004139423370361328,-0.019281446933746338,0.07543626177381658,61,P006,1.065673828125,0.2509765625,0.063720703125,0.13525390625,4.235107421875,0.0,0.0,0.0,0.0,0.0947265625,0.0,0.0,0.08154296875,0.0,0.0,0.0,0.0,0.0,0.0,0.0,0.0,0.0,1.7709960937500002,0.0,0.0,0.0
150.9942236328125,60.888064008505765,878.216820533657,3499,0.0626416015625,0.892822265625,1.79443359375,2.001220703125,0.0,0.082275390625,0.002685546875,0.57763671875,1.7907714843749998,31.41064453125,0.0,0.0,5.01806640625,0.0,1.093505859375,0.47802734374999994,0.0,0.0,20.0859375,0.1142578125,0.0,0.0,0.0,0.822265625,24.12548828125,109.01045227050781,48.944061279296875,0.0,208.0,208.0,7.557929039001465,0.99847900390625,0.030412793159484863,-0.0010180473327636719,-0.006728529930114746,0.03116484434669627,62,P006,1.024658203125,0.248779296875,0.06201171875,0.131103515625,4.19189453125,0.0,0.0,0.0,0.0,0.091552734375,0.0,0.0,0.078125,0.0,0.0,0.0,0.0,0.0,0.0,0.0,0.0,0.0,3.8818359375,0.0,0.0,0.0
151.1252685546875,59.896468384844745,843.1610351533652,3573,0.06009765625,0.776611328125,1.5458984375,1.8427734375,0.0,0.08154296875,0.0034179687500000004,0.51123046875,1.7373046875,30.707763671875,0.0,0.0,4.8779296875,0.0,1.017333984375,0.4794921875,0.0,0.0,21.280517578125,0.11328124999999999,0.0,0.0,0.0,0.8447265625,23.29248046875,108.11174774169922,49.12907028198242,0.0,208.0,208.0,7.56562614440918,0.99814697265625,0.07201653718948364,-0.0004495382308959961,-0.01243436336517334,0.07308349407138716,63,P006,0.990478515625,0.25048828125,0.06127929687499999,0.127685546875,4.224609375,0.0,0.0,0.0,0.0,0.092529296875,0.0,0.0,0.0771484375,0.0,0.0,0.0,0.0,0.0,0.0,0.0,0.0,0.0,5.0634765625,0.0,0.0,0.0
150.50175537109374,58.64389335120428,852.1017116638183,3567,0.05943359375,0.636474609375,1.558349609375,1.786376953125,0.0,0.0810546875,0.006835937500000001,0.424560546875,1.577880859375,28.99609375,0.0,0.0,4.623779296875,0.0,0.936279296875,0.47192382812499994,0.0,0.0,22.17724609375,0.093505859375,0.0,0.0,0.0,0.873779296875,22.455078125,106.50568389892578,49.34884262084961,0.0,208.0,208.0,7.571235656738281,0.9976806640625,0.16796660423278809,0.00787895917892456,-0.011951923370361328,0.16857552197008976,64,P006,0.911865234375,0.24462890625,0.0615234375,0.1259765625,4.120361328125,0.0,0.0,0.0,0.0,0.091796875,0.0,0.0,0.07373046875,0.0,0.0,0.0,0.0,0.0,0.0,0.0,0.0,0.0,7.6708984375,0.0,0.0,0.0
148.43505126953124,56.503211506680394,891.2645313911202,3625,0.06189208984375,0.446533203125,2.020751953125,1.85693359375,0.0,0.075439453125,0.01220703125,0.331298828125,1.28369140625,25.154541015625,0.0,0.0,4.15380859375,0.0,0.8044433593750001,0.45141601562499994,0.0,0.0,22.35302734375,0.064208984375,0.0,0.0,0.0,0.845947265625,20.840576171875,104.90648651123047,49.78023910522461,0.0,208.0,208.0,7.567920207977295,0.997763671875,0.2511836290359497,0.026304692029953003,0.016606688499450684,0.2531026163858803,65,P006,0.732421875,0.227294921875,0.0595703125,0.115234375,3.7014160156250004,0.0,0.0,0.0,0.0,0.08642578125,0.0,0.0,0.067626953125,0.0,0.0,0.0,0.0,0.0,0.0,0.0,0.0,0.0,14.315185546875,0.0,0.0,0.0
170.9464990234375,59.53314710682093,818.974709379524,3464,0.05953857421875,0.28564453125,3.175537109375,2.065185546875,0.0,0.06396484375,0.012451171875,0.266357421875,0.9377441406249999,43.8515625,0.0,0.0,3.63671875,0.0,0.669921875,0.41040039062499994,0.0,0.0,18.7734375,0.04052734375,0.0,0.0,0.0,0.716552734375,17.938232421875,106.38434600830078,48.596275329589844,0.0,208.0,208.0,7.506125450134277,0.99813232421875,0.20401620864868164,0.02373439073562622,0.03227871656417847,0.20791308337380876,66,P006,0.56494140625,0.20019531249999997,0.054931640625,0.10107421874999999,3.048583984375,0.0,0.0,0.0,0.0,0.0771484375,0.0,0.0,0.0595703125,0.0,0.0,0.0,0.0,0.0,0.0,0.0,0.0,0.0,3.04931640625,0.0,0.0,0.0
196.160234375,54.71902478642944,752.4668651771307,3113,0.05013671875,0.2294921875,4.562255859375,1.7187500000000002,0.0,0.055419921875,0.0078125,0.266845703125,0.522216796875,64.917724609375,0.0,0.0,2.759033203125,0.0,0.5322265625,0.373291015625,0.0,0.0,9.4716796875,0.030517578125,0.0,0.0,0.0,0.60302734375,10.681640625,113.56470489501953,47.93867492675781,0.0,208.0,208.0,7.497030735015869,0.99831787109375,0.12008166313171387,0.010277748107910156,0.021754026412963867,0.12246826361071668,67,P006,0.42919921874999994,0.177001953125,0.05053710937499999,0.030029296875,2.509521484375,0.0,0.0,0.0,0.0,0.07177734375,0.0,0.0,0.0,0.0,0.0,0.0,0.0,0.0,0.0,0.0,0.0,0.0,0.0,0.0,0.0,0.0
207.4713525390625,47.13695383271674,604.6747231662512,2524,0.04235595703125,0.22705078125000003,4.550537109375,1.135009765625,0.0,0.04956054687499999,0.0,0.299560546875,0.498291015625,74.884033203125,0.0,0.0,0.810791015625,0.0,0.2548828125,0.350341796875,0.0,0.0,6.015869140625,0.027587890624999997,0.0,0.0,0.0,0.52001953125,8.240478515625,114.58324432373047,48.74828338623047,0.0,208.0,208.0,7.488328456878662,0.9978173828125,0.11564302444458008,0.007101655006408691,0.02181541919708252,0.11789679860481468,68,P006,0.400634765625,0.16455078125,0.0478515625,0.027832031249999997,1.364013671875,0.0,0.0,0.0,0.0,0.06787109375,0.0,0.0,0.0,0.0,0.0,0.0,0.0,0.0,0.0,0.0,0.0,0.063232421875,0.0,0.0,0.0,0.0
213.60809326171875,45.350256957167794,481.4843611083985,1956,0.0367626953125,0.21850585937499997,3.69873046875,0.754150390625,0.0,0.044189453125,0.0,0.318359375,0.425048828125,80.060791015625,0.0,0.0,0.740234375,0.0,0.25830078125,0.22607421875,0.0,0.0,3.5341796875,0.02001953125,0.0,0.0,0.0,0.466552734375,6.721923828125,111.29161071777344,50.10519790649414,0.0,208.0,208.0,7.478780746459961,0.99735107421875,0.09182703495025635,0.0044661760330200195,0.018041014671325684,0.09368900301788098,69,P006,0.373779296875,0.15234375,0.044677734375,0.026123046875,0.4873046875,0.0,0.0,0.0,0.0,0.0,0.0,0.0,0.0,0.0,0.0,0.0,0.0,0.0,0.0,0.0,0.0,1.4287109375,0.0,0.0,0.0,0.0
217.928896484375,43.415275316569215,370.0954570888936,1395,0.0296044921875,0.20654296875000003,2.6953125,0.532958984375,0.0,0.0400390625,0.0,0.320556640625,0.283447265625,84.4365234375,0.0,0.0,0.6865234375,0.0,0.24926757812500003,0.20629882812499997,0.0,0.0,2.091552734375,0.012939453125,0.0,0.0,0.0,0.4326171875,5.655517578125,108.083251953125,50.756011962890625,0.0,208.0,208.0,7.503714561462402,0.99716796875,0.18842780590057373,0.009361445903778076,0.03967803716659546,0.1927875030682938,70,P006,0.26953125,0.132568359375,0.041748046875,0.0,0.08203125,0.0,0.0,0.0,0.0,0.0,0.0,0.0,0.0,0.0,0.0,0.0,0.0,0.0,0.0,0.0,0.0,1.6240234375,0.0,0.0,0.0,0.0
225.44588134765624,38.507230460446884,182.02207291831976,617,0.01787841796875,0.15771484375,0.811767578125,0.20239257812499997,0.0,0.0,0.0,0.26220703125,0.06225585937499999,92.203369140625,0.0,0.0,0.590087890625,0.0,0.22216796875,0.027099609375000003,0.0,0.0,0.5400390625,0.003173828125,0.0,0.0,0.0,0.39257812499999994,3.403564453125,105.01078033447266,50.978336334228516,0.0,208.0,208.0,7.5638203620910645,0.9976171875,0.26157379150390625,0.03188002109527588,0.060222506523132324,0.2703034118147475,71,P006,0.0,0.0,0.0,0.0,0.0,0.0,0.0,0.0,0.0,0.0,0.0,0.0,0.0,0.0,0.0,0.0,0.0,0.0,0.0,0.0,0.0,1.12158203125,0.0,0.0,0.0,0.0
227.8270654296875,38.423618312443296,126.416376706785,498,0.01411865234375,0.114990234375,0.04931640625,0.041259765625,0.0,0.0,0.0,0.1865234375,0.0,94.365234375,0.0,0.0,0.46533203124999994,0.0,0.042236328125,0.0,0.0,0.0,0.08935546875,0.0,0.0,0.0,0.0,0.42358398437500006,1.6367187500000002,101.83155059814453,50.834293365478516,0.0,208.0,208.0,7.559966564178467,0.9977734375,0.3231320381164551,0.029870331287384033,0.002746760845184326,0.3245213328021024,72,P006,0.0,0.0,0.0,0.0,0.0,1.88720703125,0.0,0.0,0.0,0.0,0.0,0.0,0.0,0.0,0.0,0.0,0.0,0.0,0.0,0.0,0.0,0.6982421875,0.0,0.0,0.0,0.0
221.8923828125,43.14417265820805,120.28824426221249,497,0.01565673828125,0.05419921875000001,0.0,0.0,0.0,0.0,0.0,0.11132812499999999,0.0,93.98681640625,0.0,0.0,0.28662109375,0.0,0.03466796875,0.0,0.0,0.0,0.01806640625,0.0,0.0,0.0,0.0,0.3037109375,0.3818359375,100.74189758300781,50.47597885131836,0.0,208.0,208.0,7.572791576385498,0.99776123046875,0.2503693103790283,-0.00035506486892700195,-0.03736764192581177,0.2531427627127172,73,P006,0.0,0.0,0.0,0.0,0.0,4.405517578125,0.0,0.0,0.0,0.0,0.0,0.0,0.0,0.0,0.0,0.0,0.0,0.0,0.0,0.0,0.0,0.417236328125,0.0,0.0,0.0,0.0
212.9818017578125,42.148701555889225,110.27294091963175,654,0.01617919921875,0.012451171875,0.0,0.0,0.0,0.0,0.0,0.037841796875,0.0,94.322509765625,0.0,0.0,0.137939453125,0.0,0.0234375,0.0,0.0,0.0,0.06787109375,0.0,0.0,0.0,0.0,0.42309570312499994,0.03564453125,101.65261840820312,50.41704177856445,0.0,208.0,208.0,7.572149753570557,0.9977490234375,0.28896403312683105,-0.008328735828399658,-0.05638307332992554,0.2945312058841157,74,P006,0.0,0.0,0.0,0.0,0.0,4.656005859375,0.0,0.0,0.0,0.0,0.0,0.0,0.0,0.0,0.0,0.0,0.0,0.0,0.0,0.0,0.0,0.283203125,0.0,0.0,0.0,0.0
193.1369775390625,58.01003387451642,247.77909274969096,1185,0.02754150390625,0.0,0.0,0.0,0.0,0.0,0.0,0.0,0.0,87.425537109375,0.0,0.097900390625,0.957275390625,0.0,0.0,0.0,0.0,0.0,0.272216796875,0.0,0.0,0.0,0.0,0.279296875,0.0,102.35284423828125,50.45237350463867,0.0,208.0,208.0,7.578956604003906,0.99791015625,0.33438873291015625,-0.013554155826568604,-0.07569247484207153,0.34311643881508846,75,P006,0.0,0.0,0.0,0.0,0.094482421875,5.158935546875,0.0,0.0,0.0,0.240478515625,3.538330078125,0.48974609374999994,0.0,0.0,1.284423828125,0.0,0.0,0.0,0.0,0.0,0.0,0.161376953125,0.0,0.0,0.0,0.0
162.78989501953126,68.71387597780578,656.5847528265414,4089,0.0500048828125,0.0,0.003662109375,1.5068359375,0.0,0.0,0.0,0.0,0.0,67.286865234375,0.0,0.23510742187500003,1.9819335937500002,0.0,0.122314453125,0.0,0.0,0.0,8.822021484375,0.0,0.0,0.0,0.0,0.067626953125,0.0,99.55241394042969,49.52516555786133,0.0,208.0,208.0,7.567644119262695,0.99758056640625,0.4049341678619385,-0.016861796379089355,-0.10978645086288452,0.41989173041659084,76,P006,0.0,0.0,0.0,0.0,0.563232421875,3.5791015625,0.0,0.0,0.0,0.18994140625,5.3759765625,2.29443359375,0.0,0.0,3.6066894531249996,0.0,0.0,0.0,0.364013671875,3.968017578125,0.0,0.0,0.0,0.0,0.0322265625,0.0
137.84747802734375,76.67787952362313,700.9543970225749,3811,0.04971923828125,0.0,0.47607421875,2.51611328125,0.0,0.0,0.0302734375,0.0,0.0,57.78271484375001,0.0,0.183837890625,1.5107421875,0.0,0.67138671875,0.0,0.0,0.0,11.43994140625,0.0,0.0,0.0,0.0,0.016845703125,0.0,106.49317169189453,48.85591125488281,0.0,208.0,208.0,7.544558525085449,0.99801025390625,0.3111577033996582,-0.01740318536758423,-0.1243324875831604,0.33553025901474953,77,P006,0.0,0.0,0.0,0.0,0.461181640625,1.56591796875,0.0,0.0,0.0,0.13818359375,4.912841796875,3.492919921875,0.0,0.0,3.31884765625,0.0,0.0,0.0,0.704345703125,10.668701171875,0.0,0.0,0.0,0.0,0.09521484375,0.013916015624999998
147.047685546875,74.11765158107282,468.96921787681583,2478,0.0379541015625,0.0,1.142578125,1.641845703125,0.0,0.0,0.0,0.0,0.0,77.44677734375,0.0,0.028076171874999997,0.45800781250000006,0.0,0.09765625,0.0,0.0,0.0,3.33251953125,0.0,0.0,0.0,0.0,0.0,0.0,112.1757583618164,47.634437561035156,0.0,208.0,208.0,7.494561672210693,0.99855224609375,0.2632722854614258,-0.02836209535598755,-0.1673492193222046,0.31324505734778313,78,P006,0.0,0.0,0.0,0.0,0.0,0.667236328125,0.0,0.0,0.0,0.0,0.0,0.0,0.0,0.0,2.158447265625,0.0,0.0,0.0,0.798583984375,11.971923828125,0.0,0.0,0.0,0.0,0.129638671875,0.126708984375
155.48120849609376,66.2494039139198,250.26936816689974,1212,0.0260400390625,0.0,0.41162109375,0.9814453125000001,0.0,0.0,0.0,0.0,0.0,82.54736328125,0.0,0.0,0.0,0.0,0.0009765625,0.0,0.0,0.0,0.46142578124999994,0.0,6.07861328125,0.0,0.0,0.1650390625,0.0,111.21636962890625,48.71221923828125,0.0,208.0,208.0,7.5162858963012695,0.9979296875,0.3110332489013672,-0.04831773042678833,-0.23265957832336426,0.3914163568137403,79,P006,0.0,0.0,0.0,0.0,0.0,0.310546875,0.0,0.0,0.0,0.0,0.0,0.0,0.0,0.0,0.0,0.0,0.0,0.0,0.0,8.908203125,0.0,0.0,0.0,0.0,0.0,0.134765625
144.3764111328125,63.68723153932403,255.92583135814075,2037,0.03730224609375,0.0,0.028320312499999997,0.39599609375,0.0,0.0,0.0,0.0,0.0,59.42919921874999,0.0,0.0,0.0,0.0,0.0,0.0,0.0,0.0,2.598388671875,0.0,33.861083984375,0.0,0.0,0.233642578125,0.0,107.54695129394531,48.26020812988281,0.0,208.0,208.0,7.532077789306641,0.99871337890625,0.3231320381164551,-0.05618637800216675,-0.23806869983673096,0.4052751275025992,80,P006,0.0,0.0,0.0,0.0,0.0,0.15380859375,0.0,0.130859375,0.0,0.0,0.0,0.0,0.0,0.0,0.0,0.0,0.0,0.0,0.0,3.166259765625,0.0,0.0,0.0,0.0,0.0,0.00244140625
164.0431640625,45.08137539352056,288.96173014984123,2052,0.03640869140625,0.0,0.0,0.509521484375,0.0,0.0,0.0,0.0,0.0,76.14794921875,0.0,0.0,0.0,0.0,0.0,0.0,0.0,0.0,2.252685546875,0.0,14.66455078125,0.0,0.0,0.0673828125,0.0,106.21308898925781,47.625770568847656,0.0,208.0,208.0,7.527775764465332,0.99879638671875,0.4041109085083008,-0.08233451843261719,-0.2823525667190552,0.49980753419068596,81,P006,0.0,0.0,0.0,5.364501953125,0.0,0.235595703125,0.20458984375000003,0.263671875,0.0,0.0,0.0,0.0,0.05517578124999999,0.0,0.0,0.0,0.0,0.06298828125,0.0,0.17138671875,0.0,0.0,0.0,0.0,0.0,0.0
171.5868017578125,37.29670755128095,371.54208757447594,2167,0.03371826171875,0.0,0.24096679687499997,2.62744140625,0.0,0.0,0.0,0.0,0.0017089843750000002,84.86669921875,0.0,0.0,0.0,0.0,0.0,0.0,0.05078125,0.0,1.14990234375,0.0,3.525634765625,0.00927734375,0.018798828125,0.0,0.08251953125,107.28073120117188,47.37998580932617,0.0,208.0,208.0,7.516140937805176,0.99896728515625,0.36736106872558594,-0.09997251629829407,-0.22470557689666748,0.442087384030218,82,P006,0.0,0.0,0.0,0.602783203125,0.0,0.48242187500000006,0.32470703125,0.0,0.0,0.0,0.0,0.0,0.922607421875,0.0,0.0,0.0,0.0,0.0,0.083984375,5.005126953125,0.0,0.004638671875,0.0,0.0,0.0,0.0
165.180849609375,40.84757756860835,467.2534543490351,2495,0.0442822265625,0.0,0.3603515625,8.242919921875,0.0,0.0,0.0,0.0,0.0,65.389404296875,0.0,0.0,0.019775390625,0.0,0.0,0.0,0.1416015625,0.0,3.3549804687499996,0.02880859375,1.146484375,0.004638671875,0.454833984375,0.042236328125,0.001953125,103.87245178222656,49.07969284057617,0.0,208.0,208.0,7.5559892654418945,0.99827880859375,0.31195735931396484,-0.12480130791664124,-0.14445066452026367,0.365730440308422,83,P006,0.0,0.0,0.0,0.129150390625,0.0,0.40576171875,0.317626953125,0.010009765625,0.0,0.0,0.0,0.0,0.19873046875,0.0,0.0,0.0,0.0,0.0,0.170166015625,19.579345703125,0.0,0.001220703125,0.0,0.0,0.0,0.0
158.05447998046876,43.583209110899396,588.2043063020467,2127,0.047001953125,0.0,0.20947265625,8.21875,0.0,0.0,0.017333984375,0.0,0.357177734375,58.00537109375,0.03564453125,0.0751953125,2.156005859375,0.0,0.014404296875,0.0,0.12744140625,0.0,8.366943359375,0.11645507812499999,0.025146484375,0.0,0.473876953125,0.027587890624999997,0.0,103.38824462890625,47.151329040527344,0.0,208.0,208.0,7.523228645324707,0.99982421875,0.25730085372924805,-0.19560813158750534,-0.07060527801513672,0.33083436302256974,84,P006,0.0,0.0,0.0,0.0,0.0,0.287109375,0.2236328125,0.00634765625,0.0,0.0,0.0,0.0,0.0,0.0,0.0,0.0,0.0,0.0,0.19384765625,21.056640625,0.0,0.0,0.0,0.005615234375,0.0,0.0
149.21716064453125,50.589899984232254,711.5294549936712,3133,0.051123046875,0.0,0.0,4.81982421875,0.0,0.0,0.24487304687499997,0.0,0.0,49.88720703125,0.0,0.0,6.577880859375,0.07568359375,0.79345703125,0.0,0.0,0.0,14.2451171875,0.0,0.0,0.0,0.0,0.00146484375,0.0,108.79035186767578,46.11435317993164,0.0,208.0,208.0,7.453688621520996,0.99957763671875,0.17438602447509766,-0.26326925307512283,-0.01423501968383789,0.31610729338685256,85,P006,0.0,0.0,0.0,0.0,0.0,0.0,0.0,0.0,0.0048828125,0.0,0.0,0.0,0.0,0.0,0.0,0.0,0.0,0.0,0.20214843749999997,22.778076171875,0.369384765625,0.0,0.0,0.0,0.0,0.0
137.18791748046874,59.24253271616603,1133.224387282729,3745,0.068828125,0.0,0.0,3.777099609375,0.0,0.0,0.71142578125,0.0,0.0,36.10205078125,0.0,0.0,12.03759765625,2.4072265625,1.04541015625,0.0,0.0,0.0,14.44189453125,0.0,0.0,0.0,0.0,0.0029296875,0.0,110.61930847167969,45.98609924316406,0.0,208.0,208.0,7.476945877075195,0.99951416015625,0.16901922225952148,-0.16371047496795654,-0.00762629508972168,0.23542892236138482,86,P006,0.0,0.0,0.0,0.0,0.0,0.0,0.0,0.0,0.047607421875,0.0,0.0,0.0,0.0,0.0,0.0,0.0,0.0,0.0,0.253662109375,28.840087890625,0.3330078125,0.0,0.0,0.0,0.0,0.0
128.15220458984376,64.60899890514129,1410.5775443373682,4135,0.0743896484375,0.0,0.0,3.552001953125,0.0,0.0,1.326416015625,0.0,0.0,33.292724609375,0.0,0.0,17.345703125,3.35009765625,1.23046875,0.0,0.0,0.0,13.954345703125002,0.0,0.0,0.0,0.0,0.0107421875,0.0,110.75342559814453,46.545509338378906,0.0,208.0,208.0,7.488600730895996,0.9993212890625,0.18230676651000977,-0.15857374668121338,0.0030591487884521484,0.24164177752028462,87,P006,0.0,0.0,0.0,0.0,0.0,0.0,0.0,0.0,0.12939453125,0.0,0.0,0.0,0.0,0.0,0.0,0.0,0.0,0.0,0.174560546875,25.35595703125,0.277587890625,0.0,0.0,0.0,0.0,0.0
116.44226806640626,68.73528309834607,1665.0140250256009,4317,0.08272216796875,0.0,0.0,3.32275390625,0.0,0.0,2.68505859375,0.0,0.0,34.8212890625,0.0,0.0,23.283935546875,3.9301757812499996,1.0625,0.0,0.0,0.0,13.133056640624998,0.0,0.0,0.0,0.0,0.0048828125,0.0,109.30171966552734,47.38813781738281,0.0,208.0,208.0,7.526262283325195,0.9991943359375,0.10636281967163086,-0.13738548755645752,0.00539088249206543,0.1738300411714519,88,P006,0.0,0.0,0.0,0.0,0.0,0.0,0.0,0.0,0.359619140625,0.0,0.0,0.0,0.0,0.0,0.0,0.0,0.0,0.0,0.1474609375,17.034912109375,0.21435546874999997,0.0,0.0,0.0,0.0,0.0
105.086357421875,70.07501622433634,1878.3725834822117,4521,0.08973388671875,0.0,0.0,2.7802734375,0.0,0.0,4.76904296875,0.0,0.0,36.423828125,0.0,0.0,29.6826171875,3.7763671875,0.2939453125,0.0,0.0,0.0,12.709228515625002,0.0,0.0,0.0,0.0,0.02490234375,0.0,107.89537048339844,48.02694320678711,0.0,208.0,208.0,7.543802738189697,0.999140625,0.09600400924682617,-0.14051908254623413,0.005922794342041016,0.17028641121333835,89,P006,0.0,0.0,0.0,0.0,0.0,0.0,0.0,0.0,0.462890625,0.0,0.0,0.0,0.0,0.0,0.0,0.0,0.0,0.0,0.08056640625,8.81689453125,0.179443359375,0.0,0.0,0.0,0.0,0.0
