brightness,contrast,blur,orb_features,edge_density,class_8_percent,class_27_percent,class_28_percent,class_59_percent,class_64_percent,class_70_percent,class_74_percent,class_87_percent,class_115_percent,class_119_percent,class_123_percent,class_125_percent,class_132_percent,class_143_percent,class_146_percent,class_157_percent,class_175_percent,class_180_percent,class_199_percent,class_205_percent,class_208_percent,class_214_percent,class_229_percent,class_239_percent,mean_depth,std_depth,min_depth,max_depth,depth_range,depth_entropy,valid_depth_ratio,dx,dy,dz,translation_distance,frame,sequence,class_69_percent,class_160_percent,class_109_percent,class_49_percent,class_1_percent,class_161_percent,class_191_percent,class_195_percent,class_7_percent,class_244_percent,class_9_percent,class_60_percent,class_171_percent,class_200_percent,class_31_percent,class_6_percent,class_129_percent,class_36_percent,class_23_percent,class_116_percent,class_106_percent,class_48_percent,class_65_percent,class_90_percent,class_72_percent,class_242_percent,matches,ground_truth_distance,estimated_distance,localization_error
154.78223388671876,73.03053304693267,1316.2794891695914,4979,0.07848388671875,3.8349609375,2.357177734375,2.62890625,0.009521484375,0.0981445312499999,1.097412109375,1.07958984375,0.360107421875,42.422607421875,0.35595703125,0.8383789062500001,5.4365234375,1.84130859375,0.39794921875,0.169677734375,0.451171875,0.02197265625,11.133544921875,1.898193359375,4.539794921875,0.599365234375,4.142822265625,4.63623046875,9.648681640625,102.0934829711914,48.42610931396485,0.0,208.0,208.0,7.482609748840332,0.998447265625,0.3437905460596084,0.029633492231369,-0.030018925666809,0.3463686176892759,0,P000,0.0,0.0,0.0,0.0,0.0,0.0,0.0,0.0,0.0,0.0,0.0,0.0,0.0,0.0,0.0,0.0,0.0,0.0,0.0,0.0,0.0,0.0,0.0,0.0,0.0,0.0,1960,0.3463686176892759,0.98,0.633631382310724
156.10968505859375,68.31874930636229,1206.215444054311,4952,0.0729345703125,2.4521484375,1.5556640625,3.357666015625,0.00830078125,0.086181640625,0.86328125,0.762939453125,0.674072265625,34.748291015625,0.25146484375,0.5966796875,4.760498046875,1.221435546875,0.333740234375,0.49267578125,0.34375,0.02294921875,19.909912109375,1.26953125,5.950927734375,0.427978515625,3.238037109375,2.9169921875,12.755126953125002,103.15219116210938,46.987674713134766,0.0,208.0,208.0,7.501641273498535,0.99882568359375,0.2489679455757141,0.0219675302505493,-0.0219601392745971,0.250898102875371,1,P000,0.8488769531250001,0.15087890625,0.0,0.0,0.0,0.0,0.0,0.0,0.0,0.0,0.0,0.0,0.0,0.0,0.0,0.0,0.0,0.0,0.0,0.0,0.0,0.0,0.0,0.0,0.0,0.0,2237,0.250898102875371,1.0,0.749101897124629
155.45177734375,66.7992077353288,1176.6851771358904,4966,0.07337890625,1.42431640625,1.1865234375,3.55322265625,0.0078125,0.274658203125,0.723388671875,0.6123046875,0.7973632812499999,31.13330078125,0.200927734375,0.498779296875,4.4033203125,0.604736328125,1.6557617187499998,0.546142578125,0.29052734375,0.021728515625,24.146240234375,0.97314453125,5.847412109375,0.357177734375,2.790771484375,1.97607421875,14.374999999999998,104.8886260986328,47.28243637084961,0.0,208.0,208.0,7.515071868896484,0.99910400390625,0.2671594023704529,0.0255007147789001,-0.0244051218032836,0.2694810618566831,2,P000,0.845703125,0.6044921875,0.149169921875,0.0,0.0,0.0,0.0,0.0,0.0,0.0,0.0,0.0,0.0,0.0,0.0,0.0,0.0,0.0,0.0,0.0,0.0,0.0,0.0,0.0,0.0,0.0,2212,0.2694810618566831,1.0,0.7305189381433168
156.69214111328125,64.45369886680592,1077.7455910510955,4917,0.06830078125,0.880615234375,0.905517578125,3.794189453125,0.0078125,0.2109375,0.628662109375,0.492919921875,0.85986328125,29.903076171875,0.162841796875,0.406982421875,3.821533203125,0.34814453125,0.8574218749999999,0.39404296875,0.239990234375,0.02001953125,28.04150390625,0.735107421875,6.33251953125,0.29833984375,2.340576171875,1.464599609375,15.391113281249998,105.10665893554688,47.80547332763672,0.0,208.0,208.0,7.523324966430664,0.9983837890625,0.1689788103103637,0.0176887512207031,-0.0156928300857543,0.1706253063579789,3,P000,0.85791015625,0.4165039062499999,0.102294921875,0.0849609375,0.0,0.0,0.0,0.0,0.0,0.0,0.0,0.0,0.0,0.0,0.0,0.0,0.0,0.0,0.0,0.0,0.0,0.0,0.0,0.0,0.0,0.0,2467,0.1706253063579789,1.0,0.829374693642021
159.42211669921875,61.73910758887876,979.080430788845,4955,0.061279296875,0.675537109375,0.756591796875,4.036376953125,0.0068359375,0.179443359375,0.585205078125,0.433349609375,0.95263671875,32.190673828125,0.1376953125,0.358642578125,3.71142578125,0.166748046875,0.629638671875,0.51025390625,0.211181640625,0.02001953125,28.853759765625,0.6142578125,4.199951171875,0.263916015625,2.0400390625,1.463134765625,14.7177734375,103.90879821777344,48.09751892089844,0.0,208.0,208.0,7.52444314956665,0.998583984375,0.0794205665588378,0.0055053830146789,-0.0056522488594055,0.0798115502407625,4,P000,0.775146484375,0.34375,0.08642578125,0.071044921875,1.008544921875,0.0,0.0,0.0,0.0,0.0,0.0,0.0,0.0,0.0,0.0,0.0,0.0,0.0,0.0,0.0,0.0,0.0,0.0,0.0,0.0,0.0,2873,0.0798115502407625,1.0,0.9201884497592374
158.1457763671875,62.81711720617653,1111.9754690565526,4942,0.06470947265625,0.60595703125,0.68603515625,4.041015625,0.0068359375,0.17041015625,0.693603515625,0.408203125,2.158935546875,29.692138671875,0.1259765625,0.3271484375,6.029052734375,0.064697265625,0.55517578125,0.50390625,0.193115234375,0.019287109375,28.4970703125,0.545166015625,3.38623046875,0.24560546875,1.8876953125,2.151123046875,14.557861328125,103.0973892211914,48.32120513916016,0.0,208.0,208.0,7.539542198181152,0.99850341796875,0.1263236999511718,0.0056505799293518,-0.0073477625846862,0.1266633168596678,5,P000,0.7509765625,0.32763671875,0.083251953125,0.06787109375,1.218017578125,0.0,0.0,0.0,0.0,0.0,0.0,0.0,0.0,0.0,0.0,0.0,0.0,0.0,0.0,0.0,0.0,0.0,0.0,0.0,0.0,0.0,2632,0.1266633168596678,1.0,0.8733366831403322
154.72147705078126,63.62236177353479,1235.0174560523033,4901,0.0728564453125,0.519287109375,0.609130859375,3.8623046875,0.00634765625,0.161865234375,1.68798828125,0.378173828125,3.3574218750000004,25.988037109375,0.111083984375,0.29296875,8.75,0.001220703125,0.47216796875,0.4897460937499999,0.176025390625,0.01708984375,29.08935546875,0.497314453125,2.5625,0.2226562499999999,1.70751953125,2.26123046875,14.296875,102.16548919677734,48.57737350463867,0.0,208.0,208.0,7.545722007751465,0.99843994140625,0.1323132514953613,0.0043295621871948,-0.0079191923141479,0.1326207194857424,6,P000,0.68798828125,0.301025390625,0.078857421875,0.06298828125,1.350830078125,0.0,0.0,0.0,0.0,0.0,0.0,0.0,0.0,0.0,0.0,0.0,0.0,0.0,0.0,0.0,0.0,0.0,0.0,0.0,0.0,0.0,2603,0.1326207194857424,1.0,0.8673792805142575
152.9480810546875,63.65521913844727,1336.760033046627,4879,0.07710205078125,0.456787109375,0.55859375,3.487548828125,0.005615234375,0.145751953125,2.693603515625,0.358642578125,3.403564453125,23.1943359375,0.1025390625,0.267578125,10.6103515625,0.0,0.390869140625,0.429931640625,0.1611328125,0.016845703125,30.935302734375,0.4291992187499999,2.019287109375,0.207275390625,1.6054687500000002,2.367431640625,13.92724609375,101.01011657714844,48.64218521118164,0.0,208.0,208.0,7.541385650634766,0.9983935546875,0.1802911758422851,0.0046198964118957,-0.0152133107185363,0.180990873671766,7,P000,0.63134765625,0.280517578125,0.072509765625,0.05712890625,1.18359375,0.0,0.0,0.0,0.0,0.0,0.0,0.0,0.0,0.0,0.0,0.0,0.0,0.0,0.0,0.0,0.0,0.0,0.0,0.0,0.0,0.0,2441,0.180990873671766,1.0,0.819009126328234
150.7084716796875,63.3131048797933,1385.7694345329703,4871,0.08313720703125,0.384033203125,0.50244140625,3.220703125,0.006591796875,0.1298828125,3.644287109375,0.32470703125,3.3427734375,20.398193359375,0.09228515625,0.2490234374999999,12.274658203125,0.0,1.372314453125,0.4619140625,0.146728515625,0.043701171875,32.30224609375,0.384765625,1.542724609375,0.18505859375,1.47802734375,2.1103515625,13.178466796875,99.03019714355467,48.60183334350586,0.0,208.0,208.0,7.537458896636963,0.9975634765625,0.1518844366073608,0.0029614567756652,-0.0190023183822631,0.153097160044432,8,P000,0.542724609375,0.2431640625,0.0634765625,0.0495605468749999,1.3251953125,0.0,0.0,0.0,0.0,0.0,0.0,0.0,0.0,0.0,0.0,0.0,0.0,0.0,0.0,0.0,0.0,0.0,0.0,0.0,0.0,0.0,2511,0.153097160044432,1.0,0.8469028399555679
150.88417236328124,62.62633754086847,1419.0309053174915,4875,0.0847802734375,0.329345703125,0.45556640625,3.501220703125,0.006591796875,0.115234375,4.22265625,0.29931640625,3.4365234375,22.3388671875,0.084716796875,0.2307128906249999,12.906494140625,0.0,1.369140625,0.45947265625,0.137939453125,0.05908203125,30.424560546875,0.34130859375,1.26513671875,0.164306640625,1.37353515625,1.740966796875,12.289794921875,98.15499877929688,48.46428298950195,0.0,208.0,208.0,7.536290645599365,0.998798828125,0.2322614192962646,0.0026423335075378,-0.0471420288085937,0.2370120665706085,9,P000,0.470458984375,0.2104492187499999,0.054931640625,0.04248046875,1.669189453125,0.0,0.0,0.0,0.0,0.0,0.0,0.0,0.0,0.0,0.0,0.0,0.0,0.0,0.0,0.0,0.0,0.0,0.0,0.0,0.0,0.0,2194,0.2370120665706085,1.0,0.7629879334293914
157.7327587890625,63.73352175288764,1357.3334511755943,4868,0.08345703125,0.2548828125,1.097900390625,4.07861328125,0.006103515625,0.04833984375,4.984375,0.2626953125,3.756103515625,35.82275390625,0.072998046875,0.19677734375,12.6796875,0.0,0.721435546875,0.11474609375,0.121826171875,0.058349609375,24.901123046875,0.28125,0.955078125,0.1328125,1.203857421875,1.043212890625,7.156494140625,97.63296508789062,49.24816131591797,0.0,208.0,208.0,7.550751686096191,0.99828369140625,0.137606143951416,-8.600950241088867e-05,-0.0471104383468627,0.1454470750893461,10,P000,0.048583984375,0.0,0.0,0.0,0.0,0.0,0.0,0.0,0.0,0.0,0.0,0.0,0.0,0.0,0.0,0.0,0.0,0.0,0.0,0.0,0.0,0.0,0.0,0.0,0.0,0.0,2224,0.1454470750893461,1.0,0.8545529249106538
160.3139404296875,62.90077962274232,1323.0979649047315,4798,0.0807568359375,0.219970703125,1.6801757812499998,3.92041015625,0.004638671875,0.046630859375,5.3212890625,0.245361328125,4.33251953125,40.376708984375,0.065185546875,0.183349609375,11.955078125,0.0,0.513671875,0.0,0.1142578125,0.05908203125,23.258544921875,0.254150390625,0.8244628906250001,0.113037109375,1.109375,0.510498046875,4.8916015625,97.24435424804688,49.160926818847656,0.0,208.0,208.0,7.558916091918945,0.99844970703125,0.1066174507141113,-0.0020757317543029,-0.0536730289459228,0.1193833468090154,11,P000,0.0,0.0,0.0,0.0,0.0,0.0,0.0,0.0,0.0,0.0,0.0,0.0,0.0,0.0,0.0,0.0,0.0,0.0,0.0,0.0,0.0,0.0,0.0,0.0,0.0,0.0,2204,0.1193833468090154,1.0,0.8806166531909846
160.505859375,61.35599235363222,1242.653515723175,4740,0.0778125,0.2043457031249999,1.654052734375,3.822998046875,0.005126953125,0.045166015625,5.5283203125,0.233642578125,4.43115234375,42.20849609375,0.06201171875,0.18115234375,11.103515625,0.0,0.361083984375,0.0,0.113037109375,0.0576171875,23.755615234375,0.245849609375,0.748291015625,0.103759765625,1.05859375,0.223388671875,3.852783203125,96.62674713134766,48.87901306152344,0.0,208.0,208.0,7.54493522644043,0.998603515625,0.1415436267852783,-0.0099950432777404,-0.1074287891387939,0.1779759644150903,12,P000,0.0,0.0,0.0,0.0,0.0,0.0,0.0,0.0,0.0,0.0,0.0,0.0,0.0,0.0,0.0,0.0,0.0,0.0,0.0,0.0,0.0,0.0,0.0,0.0,0.0,0.0,1948,0.1779759644150903,0.974,0.7960240355849096
159.9417236328125,57.48368737151407,1084.3537562316656,4563,0.07191162109375,0.190673828125,1.185302734375,3.31103515625,0.0048828125,0.042724609375,6.2392578125,0.20166015625,3.444580078125,41.306640625,0.05859375,0.170166015625,9.593505859375,0.0,1.4423828125,0.0,0.115966796875,0.059814453125,27.438232421875,0.2348632812499999,0.68310546875,0.093505859375,1.05224609375,0.05078125,3.080078125,100.89199829101562,49.96407318115234,0.0,208.0,208.0,7.575277328491211,0.99794921875,0.061331033706665,-0.0104257464408874,-0.0680058002471923,0.0921682198571654,13,P000,0.0,0.0,0.0,0.0,0.0,0.0,0.0,0.0,0.0,0.0,0.0,0.0,0.0,0.0,0.0,0.0,0.0,0.0,0.0,0.0,0.0,0.0,0.0,0.0,0.0,0.0,2109,0.0921682198571654,1.0,0.9078317801428344
157.2666064453125,55.78257474011155,1019.7993026399552,4618,0.07162109375,0.180908203125,0.70361328125,2.830322265625,0.005859375,0.043212890625,6.050048828125,0.179443359375,2.466796875,39.8671875,0.0612792968749999,0.176513671875,8.966796875,0.0,4.364013671875,0.0,0.12158203125,0.06298828125,28.793945312500004,0.247802734375,0.682373046875,0.090576171875,1.111572265625,0.021240234375,2.971923828125,103.82693481445312,49.50392532348633,0.0,208.0,208.0,7.572952747344971,0.99828125,0.0646872520446777,-0.0215228199958801,-0.0994548797607421,0.1205775495931577,14,P000,0.0,0.0,0.0,0.0,0.0,0.0,0.0,0.0,0.0,0.0,0.0,0.0,0.0,0.0,0.0,0.0,0.0,0.0,0.0,0.0,0.0,0.0,0.0,0.0,0.0,0.0,1935,0.1205775495931577,0.9675,0.8469224504068423
147.87072998046875,52.5397384547998,900.3610961900652,4522,0.0641162109375,0.160888671875,0.35693359375,2.4189453125,0.004638671875,0.04638671875,5.694091796875,0.132568359375,1.7324218749999998,57.793212890625,0.063232421875,0.176513671875,7.619873046875,0.0,2.216552734375,0.0,0.129150390625,0.064453125,16.286376953125,0.252197265625,0.70458984375,0.08349609375,1.169189453125,0.006103515625,2.737060546875,105.63687133789062,48.40217590332031,0.0,208.0,208.0,7.549769401550293,0.99859375,0.046257734298706,-0.034240186214447,-0.1110388040542602,0.1250671193409766,15,P000,0.0,0.0,0.0,0.0,0.0,0.151123046875,0.0,0.0,0.0,0.0,0.0,0.0,0.0,0.0,0.0,0.0,0.0,0.0,0.0,0.0,0.0,0.0,0.0,0.0,0.0,0.0,1827,0.1250671193409766,0.9135,0.7884328806590233
140.8907861328125,55.53409338762902,824.0184150700032,4464,0.0608544921875,0.134033203125,0.339111328125,2.3291015625,0.00537109375,0.04541015625,5.150390625,0.05859375,1.546142578125,55.081787109375,0.064208984375,0.1806640625,6.043212890625,0.0,0.86328125,0.0,0.136474609375,0.0622558593749999,19.94970703125,0.257568359375,0.730224609375,0.06982421875,1.201171875,0.040283203125,2.328125,107.93634796142578,47.918006896972656,0.0,208.0,208.0,7.537875652313232,0.9989208984375,0.0356538295745849,-0.0803279280662536,-0.1902738809585571,0.2095898885103523,16,P000,0.0,0.0,0.0,0.0,0.0,3.383056640625,0.0,0.0,0.0,0.0,0.0,0.0,0.0,0.0,0.0,0.0,0.0,0.0,0.0,0.0,0.0,0.0,0.0,0.0,0.0,0.0,1302,0.2095898885103523,0.651,0.4414101114896476
137.40468017578124,51.389482933021405,618.138541135639,3837,0.04688232421875,0.08251953125,0.361083984375,2.429443359375,0.005126953125,0.03369140625,2.871826171875,0.0,1.434814453125,44.625,0.0622558593749999,0.154052734375,3.343017578125,0.0,0.019287109375,0.0,0.151123046875,0.0,34.485595703125,0.263671875,0.61865234375,0.05126953125,1.273681640625,1.42822265625,1.67529296875,107.55187225341795,47.23878860473633,0.0,208.0,208.0,7.522634506225586,0.9992333984375,-0.0067064762115478,-0.1388546526432037,-0.2376483678817749,0.2753222441807277,17,P000,0.0,0.0,0.0,0.0,0.0,2.83251953125,1.47119140625,0.32666015625,0.0,0.0,0.0,0.0,0.0,0.0,0.0,0.0,0.0,0.0,0.0,0.0,0.0,0.0,0.0,0.0,0.0,0.0,496,0.2753222441807277,0.248,0.0273222441807277
128.5760107421875,50.285205462269886,301.7981225134791,1539,0.02753173828125,0.0,0.0,25.65380859375,0.0,0.576416015625,0.0,0.0,0.03076171875,19.607421875,0.0,0.0,0.44677734375,0.0,0.0,0.0,0.150390625,0.0,44.4521484375,0.0,0.0,0.0,0.0,0.7890625,0.1113281249999999,105.52228546142578,47.06904983520508,0.0,208.0,208.0,7.515632629394531,0.9991748046875,-0.0796656608581543,-0.1592292860150337,-0.1489633321762085,0.2321436136917475,18,P000,0.0,0.0,0.0,0.0,0.0,2.544921875,4.889892578125,0.7470703125,0.0,0.0,0.0,0.0,0.0,0.0,0.0,0.0,0.0,0.0,0.0,0.0,0.0,0.0,0.0,0.0,0.0,0.0,493,0.2321436136917475,0.2465,0.0143563863082524
129.208359375,58.46119785575922,363.1785740545035,1704,0.027734375,0.0,0.0,32.64599609375,0.0,1.229248046875,0.0,0.0,0.0,4.892578125,0.0,0.0,0.313720703125,0.0,0.0,0.0,0.377685546875,0.0,46.723388671875,0.0,0.0,0.0,0.0,0.708984375,0.0,101.5732421875,47.60494995117188,0.0,208.0,208.0,7.5396833419799805,0.9989794921875,-0.1031999588012695,-0.1035346537828445,-0.0694987773895263,0.1618633253370143,19,P000,0.0,0.0,0.0,0.0,0.0,2.575927734375,9.38232421875,1.150146484375,0.0,0.0,0.0,0.0,0.0,0.0,0.0,0.0,0.0,0.0,0.0,0.0,0.0,0.0,0.0,0.0,0.0,0.0,693,0.1618633253370143,0.3465,0.1846366746629856
139.36794677734375,56.58093059904724,357.96793885037897,1746,0.02780029296875,0.0,0.0,30.013671875,0.0,1.47607421875,0.0,0.0,0.0,5.97607421875,0.0,0.0,0.268310546875,0.0,0.0,0.0,0.481689453125,0.0,47.364013671875,0.0,0.0,0.0,0.0,0.796142578125,0.0,96.9446029663086,47.831825256347656,0.0,208.0,208.0,7.536718368530273,0.99880615234375,-0.1234328746795654,-0.0868838503956794,-0.0461256504058837,0.1578355271686508,20,P000,0.0,0.0,0.0,0.0,0.0,0.0,12.026123046875,1.597900390625,0.0,0.0,0.0,0.0,0.0,0.0,0.0,0.0,0.0,0.0,0.0,0.0,0.0,0.0,0.0,0.0,0.0,0.0,685,0.1578355271686508,0.3425,0.1846644728313491
147.96371337890625,58.0709888017247,332.40126219496136,1658,0.02943115234375,0.0,0.0,24.077880859375,0.0,1.320556640625,0.0,0.0,0.0,6.871826171875001,0.0,0.0,0.278564453125,0.0,0.0,0.0,0.596923828125,0.0,48.096435546875,0.0,0.0,0.0,0.0,0.993408203125,0.0,92.39767456054688,47.43507385253906,0.0,208.0,208.0,7.509224891662598,0.9984619140625,-0.1117134094238281,-0.0576990097761154,-0.0265998840332031,0.1285169848884573,21,P000,0.0,0.0,0.0,0.0,0.0,0.0,15.61572265625,2.148681640625,0.0,0.0,0.0,0.0,0.0,0.0,0.0,0.0,0.0,0.0,0.0,0.0,0.0,0.0,0.0,0.0,0.0,0.0,743,0.1285169848884573,0.3715,0.2429830151115427
154.989970703125,60.7497285873496,305.5555235002935,1555,0.02602783203125,0.0,0.0,17.1357421875,0.0,0.166015625,0.0,0.0,0.0,7.511962890625,0.0,0.0,0.341064453125,0.0,0.0,0.0,0.6787109375,0.0,49.47216796875,0.0,0.0,0.0,0.0,1.247802734375,0.0,89.3887710571289,46.96549224853516,0.0,208.0,208.0,7.484833240509033,0.9990283203125,-0.1716289520263672,-0.0651126205921173,-0.030203104019165,0.1860332712888599,22,P000,0.0,0.0,0.0,0.0,0.0,0.0,20.955322265625,2.4912109375,0.0,0.0,0.0,0.0,0.0,0.0,0.0,0.0,0.0,0.0,0.0,0.0,0.0,0.0,0.0,0.0,0.0,0.0,647,0.1860332712888599,0.3235,0.13746672871114
170.88074462890626,54.10718546440132,287.63332737135283,1670,0.028369140625,0.0,0.0,3.824462890625,0.0,0.0,0.0,0.0,0.0,8.9375,0.0,0.0,0.698486328125,0.0,0.0,0.0,0.82373046875,0.0,49.726806640625,0.0,0.0,0.0,0.0,1.857177734375,0.0,93.28295135498048,49.01644515991211,0.0,208.0,208.0,7.542160987854004,0.997900390625,-0.229837417602539,-0.0623091608285903,-0.0329127311706543,0.2403974166385297,23,P000,0.0,0.0,0.0,0.0,0.0,0.0,31.220947265625,2.910888671875,0.0,0.0,0.0,0.0,0.0,0.0,0.0,0.0,0.0,0.0,0.0,0.0,0.0,0.0,0.0,0.0,0.0,0.0,487,0.2403974166385297,0.2435,0.0031025833614702
191.34150146484376,51.9670889156088,306.3580180525243,1790,0.0313525390625,0.0,0.0,0.4492187499999999,0.0,0.0,0.0,0.0,0.0,12.19677734375,0.0,0.0,1.22265625,0.0,0.0,0.0,1.125,0.0,46.224609375,0.0,0.0,0.0,0.0,3.79736328125,0.0,97.8794174194336,49.82320022583008,0.0,208.0,208.0,7.56587553024292,0.9980615234375,-0.1436574459075927,-0.0307283401489257,-0.0185270309448242,0.1480707382592236,24,P000,0.0,0.0,0.0,0.0,0.0,0.0,31.794189453125,3.190185546875,0.0,0.0,0.0,0.0,0.0,0.0,0.0,0.0,0.0,0.0,0.0,0.0,0.0,0.0,0.0,0.0,0.0,0.0,655,0.1480707382592236,0.3275,0.1794292617407764
188.967314453125,54.32804016579825,313.91402824285024,2088,0.02964111328125,0.0,0.0,0.955322265625,0.0,0.0,0.0,0.0,0.0,15.88037109375,0.0,0.0,1.7087402343749998,0.0,0.0,0.0,1.4140625,0.0,41.077392578125,0.0,0.0,0.0,0.0,6.1533203125,0.0,99.89773559570312,50.06428527832031,0.0,208.0,208.0,7.571713447570801,0.9976416015625,-0.2218527793884277,-0.0382706522941589,-0.0262510776519775,0.22665484249687,25,P000,0.0,0.0,0.0,0.0,0.0,0.0,30.28662109375,2.524169921875,0.0,0.0,0.0,0.0,0.0,0.0,0.0,0.0,0.0,0.0,0.0,0.0,0.0,0.0,0.0,0.0,0.0,0.0,615,0.22665484249687,0.3075,0.0808451575031299
180.03734619140624,55.46895140181989,362.9440990717352,2556,0.029345703125,0.0,0.0,1.829345703125,0.0,0.0,0.0,0.0,0.0,20.63623046875,0.0,0.0,2.9248046875,0.0,0.0,0.0,2.120849609375,0.0,34.101806640625,0.0,0.0,0.0,0.0,9.202392578125,0.0,103.48950958251952,49.72858428955078,0.0,208.0,208.0,7.577598571777344,0.9976806640625,-0.2331569194793701,-0.0275443792343139,-0.0242362022399902,0.2360259210924319,26,P000,0.0,0.0,0.0,0.0,0.0,0.0,27.731445312500004,1.453125,0.0,0.0,0.0,0.0,0.0,0.0,0.0,0.0,0.0,0.0,0.0,0.0,0.0,0.0,0.0,0.0,0.0,0.0,788,0.2360259210924319,0.394,0.1579740789075681
163.07614013671875,60.90295824740413,554.6767597491681,3567,0.03580810546875,0.0,0.0,1.9853515625,0.0,0.0,0.0,0.0,0.0,23.689453125,0.0,0.0,8.0419921875,0.0,0.0,0.0,2.545166015625,0.0,21.777587890625,0.0,0.0,0.0,0.0,15.445068359375,0.0,103.337646484375,48.28570938110352,0.0,208.0,208.0,7.554847717285156,0.9986279296875,-0.3255262970924377,-0.0032361447811126,-0.0246961116790771,0.3264777797397915,27,P000,0.0,0.0,0.0,0.0,0.0,0.0,25.588623046875,0.9267578125,0.0,0.0,0.0,0.0,0.0,0.0,0.0,0.0,0.0,0.0,0.0,0.0,0.0,0.0,0.0,0.0,0.0,0.0,953,0.3264777797397915,0.4765,0.1500222202602084
154.35940673828125,61.72991219584419,596.7556930812834,3241,0.03421630859375,0.0,0.0,1.5932617187500002,0.0,0.0,0.001953125,0.0,0.0,19.055419921875,0.0,0.0,9.35498046875,0.0,0.0,0.0,3.5039062500000004,0.0,25.826171875,0.0,0.0,0.0,0.0,17.151611328125,0.0,100.64393615722656,47.82045364379883,0.0,208.0,208.0,7.542104721069336,0.99888916015625,-0.2604525685310364,0.0384149849414825,-0.0116693973541259,0.2635287960680521,28,P000,0.0,0.0,0.0,0.0,0.0,0.0,23.296630859375,0.216064453125,0.0,0.0,0.0,0.0,0.0,0.0,0.0,0.0,0.0,0.0,0.0,0.0,0.0,0.0,0.0,0.0,0.0,0.0,473,0.2635287960680521,0.2365,0.0270287960680521
148.658642578125,53.63122963808813,397.654328592533,1515,0.0280615234375,0.0,0.0,1.61669921875,0.0,0.0,0.00732421875,0.0,0.0,25.839111328125,0.0,0.0,4.8330078125,0.0,0.0,0.0,5.4130859375,0.0,33.821533203125,0.0,0.0,0.0,0.0,7.807128906249999,0.0,98.6546859741211,48.13295364379883,0.0,208.0,208.0,7.54405403137207,0.9987451171875,-0.2511289119720459,0.0585672259330749,-0.0095701217651367,0.2580454177317609,29,P000,0.0,0.0,0.0,0.0,0.0,0.0,20.662109375,0.0,0.0,0.0,0.0,0.0,0.0,0.0,0.0,0.0,0.0,0.0,0.0,0.0,0.0,0.0,0.0,0.0,0.0,0.0,138,0.2580454177317609,0.069,0.1890454177317608
144.167421875,41.109058308284034,131.3215698087156,426,0.02072998046875,0.0,0.0,1.18408203125,0.0,0.0,0.0,0.0,0.0,24.355224609375,0.0,0.0,0.0,0.0,0.0,0.0,10.3076171875,0.0,49.619140625,0.0,0.0,0.0,0.0,0.0,0.0,98.29869079589844,48.47842788696289,0.0,208.0,208.0,7.547746658325195,0.99828369140625,-0.1635699272155761,0.0421046167612075,-0.0066184997558593,0.1690317259597598,30,P000,0.0,0.0,0.0,0.0,0.0,0.0,14.533935546874998,0.0,0.0,0.0,0.0,0.0,0.0,0.0,0.0,0.0,0.0,0.0,0.0,0.0,0.0,0.0,0.0,0.0,0.0,0.0,110,0.1690317259597598,0.055,0.1140317259597598
135.4434326171875,38.744085717189,115.90947992667556,315,0.02091552734375,0.0,0.0,1.351806640625,0.0,0.0,0.0,0.0,0.0,31.729492187500004,0.0,0.0,0.0,0.0,0.0,0.0,13.920898437500002,0.0,45.134765625,0.0,0.0,0.0,0.0,0.0,0.0,95.18771362304688,48.43714904785156,0.0,208.0,208.0,7.531883239746094,0.998134765625,-0.1064453274011612,0.0282812267541885,-0.0043518543243408,0.1102241994678233,31,P000,0.0,0.0,0.0,0.0,0.0,0.0,7.863037109375,0.0,0.0,0.0,0.0,0.0,0.0,0.0,0.0,0.0,0.0,0.0,0.0,0.0,0.0,0.0,0.0,0.0,0.0,0.0,86,0.1102241994678233,0.05,0.0602241994678233
131.2628515625,36.95516618138242,96.311967208004,236,0.0214306640625,0.0,0.0,0.758544921875,0.0,0.0,0.0,0.0,0.0,39.055419921875,0.0,0.0,0.0,0.0,0.0,0.0,15.116455078124998,0.0,41.46875,0.0,0.0,0.0,0.0,0.0,0.0,93.44886779785156,48.85579681396485,0.0,208.0,208.0,7.54229211807251,0.99820068359375,-0.0770966261625289,0.0208010375499725,-0.0031352043151855,0.0799149700300142,32,P000,0.0,0.0,0.0,0.0,0.0,0.0,3.600830078125,0.0,0.0,0.0,0.0,0.0,0.0,0.0,0.0,0.0,0.0,0.0,0.0,0.0,0.0,0.0,0.0,0.0,0.0,0.0,71,0.0799149700300142,0.05,0.0299149700300142
129.1150341796875,36.399900593700174,84.81482665285468,161,0.0221142578125,0.0,0.0,0.289794921875,0.0,0.0,0.0,0.0,0.0,46.281005859375,0.0,0.0,0.0,0.0,0.0,0.0,14.074951171875,0.0,38.40283203125,0.0,0.0,0.0,0.0,0.0,0.0,92.1061782836914,49.27217483520508,0.0,208.0,208.0,7.536501884460449,0.9982666015625,-0.0124374367296695,0.0033770650625228,-0.000502586364746,0.0128975576717095,33,P000,0.0,0.0,0.0,0.0,0.0,0.0,0.951416015625,0.0,0.0,0.0,0.0,0.0,0.0,0.0,0.0,0.0,0.0,0.0,0.0,0.0,0.0,0.0,0.0,0.0,0.0,0.0,80,0.0128975576717095,0.05,0.0371024423282904
129.0339990234375,35.91361748995557,82.79848775286077,156,0.02076416015625,0.0,0.0,0.20703125,0.0,0.0,0.0,0.0,0.0,47.478515625,0.0,0.0,0.0,0.0,0.0,0.0,13.244384765625,0.0,38.40576171875,0.0,0.0,0.0,0.0,0.0,0.0,91.65442657470705,49.301055908203125,0.0,208.0,208.0,7.531528472900391,0.9983251953125,-0.0742323296144604,0.0202584117650985,-0.0029695034027099,0.0770042853203177,34,P000,0.0,0.0,0.0,0.0,0.0,0.0,0.664306640625,0.0,0.0,0.0,0.0,0.0,0.0,0.0,0.0,0.0,0.0,0.0,0.0,0.0,0.0,0.0,0.0,0.0,0.0,0.0,65,0.0770042853203177,0.05,0.0270042853203176
128.2617626953125,33.64796941162598,73.99938474950794,149,0.02007568359375,0.0,0.0,0.00390625,0.0,0.0,0.0,0.0,0.0,54.16992187500001,0.0,0.0,0.0,0.0,0.0,0.0,10.825927734375,0.0,34.97705078125,0.0,0.0,0.0,0.0,0.0,0.0,91.83444213867188,50.400089263916016,0.0,208.0,208.0,7.515519618988037,0.9965478515625,-0.0262857070192694,0.007211610674858,-0.0010342597961425,0.0272766459696663,35,P000,0.0,0.0,0.0,0.0,0.0,0.0,0.023193359375,0.0,0.0,0.0,0.0,0.0,0.0,0.0,0.0,0.0,0.0,0.0,0.0,0.0,0.0,0.0,0.0,0.0,0.0,0.0,62,0.0272766459696663,0.05,0.0227233540303336
128.4052490234375,32.18548054627471,65.57902824554444,110,0.01956298828125,0.0,0.0,0.0,0.0,0.0,0.0,0.0,0.0,56.21142578125,0.0,0.0,0.0,0.0,0.0,0.0,9.576904296875,0.0,34.211669921875,0.0,0.0,0.0,0.0,0.0,0.0,94.33236694335938,51.2287483215332,0.0,208.0,208.0,7.535393238067627,0.99638671875,-0.1059531345963478,0.0292107537388801,-0.0040087699890136,0.1099791121150289,36,P000,0.0,0.0,0.0,0.0,0.0,0.0,0.0,0.0,0.0,0.0,0.0,0.0,0.0,0.0,0.0,0.0,0.0,0.0,0.0,0.0,0.0,0.0,0.0,0.0,0.0,0.0,24,0.1099791121150289,0.05,0.0599791121150289
127.488955078125,32.199436880659505,41.40639861320853,62,0.014248046875,0.0,0.0,0.0,0.0,0.0,0.0,0.0,0.0,67.482666015625,0.0,0.0,0.0,0.0,0.0,0.0,5.0966796875,0.0,27.420654296875004,0.0,0.0,0.0,0.0,0.0,0.0,102.98485565185548,52.285606384277344,0.0,208.0,208.0,7.571906089782715,0.9968115234375,-0.1224854886531829,0.0337075218558311,-0.0037720203399658,0.1270949255388092,37,P000,0.0,0.0,0.0,0.0,0.0,0.0,0.0,0.0,0.0,0.0,0.0,0.0,0.0,0.0,0.0,0.0,0.0,0.0,0.0,0.0,0.0,0.0,0.0,0.0,0.0,0.0,6,0.1270949255388092,0.05,0.0770949255388092
130.2751318359375,34.96668106776406,34.3791698444128,20,0.00993896484375,0.0,0.0,0.0,0.0,0.0,0.0,0.0,0.0,83.878173828125,0.0,0.0,0.0,0.0,0.0,0.0,0.234619140625,0.0,15.88720703125,0.0,0.0,0.0,0.0,0.0,0.0,113.73480224609376,49.49774932861328,0.0,208.0,208.0,7.466001987457275,0.99693359375,-0.0429049730300903,0.0114028565585613,-0.0005123615264892,0.0443973463479714,38,P000,0.0,0.0,0.0,0.0,0.0,0.0,0.0,0.0,0.0,0.0,0.0,0.0,0.0,0.0,0.0,0.0,0.0,0.0,0.0,0.0,0.0,0.0,0.0,0.0,0.0,0.0,7,0.0443973463479714,0.05,0.0056026536520285
134.014140625,33.261541116213145,25.266207185024022,14,0.007431640625,0.0,0.0,0.0,0.0,0.0,0.0,0.0,0.0,89.63623046875,0.0,0.0,0.0,0.0,0.0,0.0,0.0,0.0,10.36376953125,0.0,0.0,0.0,0.0,0.0,0.0,117.33688354492188,46.89084243774414,0.0,208.0,208.0,7.42330265045166,0.99791748046875,-0.0156829953193664,-0.0005560293793678,0.003953218460083,0.0161831222899393,39,P000,0.0,0.0,0.0,0.0,0.0,0.0,0.0,0.0,0.0,0.0,0.0,0.0,0.0,0.0,0.0,0.0,0.0,0.0,0.0,0.0,0.0,0.0,0.0,0.0,0.0,0.0,7,0.0161831222899393,0.05,0.0338168777100606
136.60193603515626,31.454160046646443,22.936923768520355,12,0.00649658203125,0.0,0.0,0.0,0.0,0.0,0.0,0.0,0.0,92.899658203125,0.0,0.0,0.0,0.0,0.0,0.0,0.111572265625,0.0,6.98876953125,0.0,0.0,0.0,0.0,0.0,0.0,115.40648651123048,46.965110778808594,0.0,208.0,208.0,7.418529510498047,0.9981103515625,0.020935833454132,-0.0097074471414089,0.0020608901977539,0.0231687487972398,40,P000,0.0,0.0,0.0,0.0,0.0,0.0,0.0,0.0,0.0,0.0,0.0,0.0,0.0,0.0,0.0,0.0,0.0,0.0,0.0,0.0,0.0,0.0,0.0,0.0,0.0,0.0,7,0.0231687487972398,0.05,0.0268312512027601
135.38204345703124,31.141733584194867,29.705366087341304,21,0.0085205078125,0.0,0.0,0.0,0.0,0.0,0.0,0.0,0.0,89.12353515625,0.0,0.0,0.0,0.0,0.0,0.0,1.8330078125,0.0,9.04345703125,0.0,0.0,0.0,0.0,0.0,0.0,112.58334350585938,48.28635025024414,0.0,208.0,208.0,7.485825061798096,0.9980859375,0.00789076089859,-0.0039364248514175,0.0005667209625244,0.008836329601081,41,P000,0.0,0.0,0.0,0.0,0.0,0.0,0.0,0.0,0.0,0.0,0.0,0.0,0.0,0.0,0.0,0.0,0.0,0.0,0.0,0.0,0.0,0.0,0.0,0.0,0.0,0.0,10,0.008836329601081,0.05,0.0411636703989189
135.104306640625,30.733610406219512,32.354350134634984,23,0.0110888671875,0.0,0.0,0.0,0.0,0.0,0.0,0.0,0.0,86.87451171875,0.0,0.0,0.0,0.0,0.0,0.0,2.976318359375,0.0,10.149169921875,0.0,0.0,0.0,0.0,0.0,0.0,111.89779663085938,48.52671432495117,0.0,208.0,208.0,7.502897262573242,0.998193359375,0.0321907103061676,-0.0138627812266349,0.0012674331665039,0.03507171111002,42,P000,0.0,0.0,0.0,0.0,0.0,0.0,0.0,0.0,0.0,0.0,0.0,0.0,0.0,0.0,0.0,0.0,0.0,0.0,0.0,0.0,0.0,0.0,0.0,0.0,0.0,0.0,10,0.03507171111002,0.05,0.0149282888899799
132.422724609375,32.29688203311395,33.09750204772352,29,0.0091650390625,0.0,0.0,0.0,0.0,0.0,0.0,0.0,0.0,84.5869140625,0.0,0.0,0.0,0.0,0.0,0.0,3.292724609375,0.0,12.120361328125,0.0,0.0,0.0,0.0,0.0,0.0,111.78216552734376,49.52967071533203,0.0,208.0,208.0,7.519940376281738,0.99758544921875,0.1035388112068176,-0.024680271744728,0.0007457733154296,0.1064422726991144,43,P000,0.0,0.0,0.0,0.0,0.0,0.0,0.0,0.0,0.0,0.0,0.0,0.0,0.0,0.0,0.0,0.0,0.0,0.0,0.0,0.0,0.0,0.0,0.0,0.0,0.0,0.0,17,0.1064422726991144,0.05,0.0564422726991144
127.94654052734376,32.782017328883065,45.810749364799264,75,0.0167041015625,0.0,0.0,0.0,0.0,0.0,0.0,0.0,0.0,69.76806640625,0.0,0.0,0.0,0.0,0.0,0.0,5.14208984375,0.0,25.08984375,0.0,0.0,0.0,0.0,0.0,0.0,104.43805694580078,52.19807052612305,0.0,208.0,208.0,7.565861701965332,0.9968701171875,0.0859501659870147,-0.0119144618511199,4.410743713378906e-05,0.0867720426166354,44,P000,0.0,0.0,0.0,0.0,0.0,0.0,0.0,0.0,0.0,0.0,0.0,0.0,0.0,0.0,0.0,0.0,0.0,0.0,0.0,0.0,0.0,0.0,0.0,0.0,0.0,0.0,25,0.0867720426166354,0.05,0.0367720426166354
128.159892578125,29.94498007720824,48.98269454002383,136,0.02117919921875,0.0,0.0,0.0,0.0,0.0,0.0,0.0,0.0,59.19360351562501,0.0,0.0,0.0,0.0,0.0,0.0,5.25927734375,0.0,35.547119140625,0.0,0.0,0.0,0.0,0.0,0.0,96.95043182373048,51.90407943725586,0.0,208.0,208.0,7.562078475952148,0.99658935546875,0.1276940144598484,-0.0123599469661712,-1.6689300537109375e-06,0.1282908009978262,45,P000,0.0,0.0,0.0,0.0,0.0,0.0,0.0,0.0,0.0,0.0,0.0,0.0,0.0,0.0,0.0,0.0,0.0,0.0,0.0,0.0,0.0,0.0,0.0,0.0,0.0,0.0,42,0.1282908009978262,0.05,0.0782908009978262
130.7504443359375,27.56205901181068,68.50238961095214,248,0.020859375,0.0,0.0,0.0,0.0,0.0,0.0,0.0,0.0,48.28662109375,0.0,0.0,0.0,0.0,0.0,0.0,6.783447265625001,0.0,44.929931640625,0.0,0.0,0.0,0.0,0.0,0.0,92.1831283569336,49.40747833251953,0.0,208.0,208.0,7.522110939025879,0.9980908203125,0.0405976139008998,-0.0031755864620208,4.76837158203125e-07,0.0407216232983372,46,P000,0.0,0.0,0.0,0.0,0.0,0.0,0.0,0.0,0.0,0.0,0.0,0.0,0.0,0.0,0.0,0.0,0.0,0.0,0.0,0.0,0.0,0.0,0.0,0.0,0.0,0.0,97,0.0407216232983372,0.05,0.0092783767016627
131.67145751953126,27.151227901105067,74.37201972045898,230,0.01983642578125,0.0,0.0,0.0,0.0,0.0,0.0,0.0,0.0,45.609375,0.0,0.0,0.0,0.0,0.0,0.0,6.607177734375,0.0,47.783447265625,0.0,0.0,0.0,0.0,0.0,0.0,93.09520721435548,49.07315826416016,0.0,208.0,208.0,7.530904769897461,0.998369140625,0.050545647740364,-0.0035961419343948,-4.76837158203125e-07,0.0506734125802936,47,P000,0.0,0.0,0.0,0.0,0.0,0.0,0.0,0.0,0.0,0.0,0.0,0.0,0.0,0.0,0.0,0.0,0.0,0.0,0.0,0.0,0.0,0.0,0.0,0.0,0.0,0.0,69,0.0506734125802936,0.05,0.0006734125802936
132.80506103515626,27.5762555009256,86.18503547238709,180,0.02413330078125,0.0,0.0,0.0,0.0,0.0,0.0,0.0,0.0,42.732666015625,0.0,0.0,0.0,0.0,0.0,0.0,6.931884765625,0.0,50.33544921874999,0.0,0.0,0.0,0.0,0.0,0.0,93.7909927368164,48.85922622680664,0.0,208.0,208.0,7.53292179107666,0.99876708984375,0.0547310709953308,-0.0034949779510498,0.0,0.0548425473804259,48,P000,0.0,0.0,0.0,0.0,0.0,0.0,0.0,0.0,0.0,0.0,0.0,0.0,0.0,0.0,0.0,0.0,0.0,0.0,0.0,0.0,0.0,0.0,0.0,0.0,0.0,0.0,65,0.0548425473804259,0.05,0.0048425473804259
133.8143115234375,29.059593390683556,99.11474645327924,166,0.02178466796875,0.0,0.0,0.000244140625,0.0,0.0,0.0,0.0,0.0,39.96533203125,0.0,0.0,0.0,0.0,0.0,0.0,7.364990234375,0.0,52.66943359375,0.0,0.0,0.0,0.0,0.0,0.0,94.51315307617188,48.32373809814453,0.0,208.0,208.0,7.533916473388672,0.998271484375,0.1255476921796798,-0.0066118985414505,0.0,0.1257216775817364,49,P000,0.0,0.0,0.0,0.0,0.0,0.0,0.0,0.0,0.0,0.0,0.0,0.0,0.0,0.0,0.0,0.0,0.0,0.0,0.0,0.0,0.0,0.0,0.0,0.0,0.0,0.0,73,0.1257216775817364,0.05,0.0757216775817364
137.18896484375,33.573151392686746,116.60860741593838,203,0.0221044921875,0.0,0.0,0.35595703125,0.0,0.0,0.0,0.0,0.0,33.430419921875,0.0,0.0,0.0,0.0,0.0,0.0,8.91015625,0.0,56.802001953125,0.0,0.0,0.0,0.0,0.0,0.0,97.08439636230467,47.951263427734375,0.0,208.0,208.0,7.513646125793457,0.99869140625,0.0460466146469116,-0.0019531846046447,0.0,0.0460880206836982,50,P000,0.0,0.0,0.0,0.0,0.0,0.0,0.50146484375,0.0,0.0,0.0,0.0,0.0,0.0,0.0,0.0,0.0,0.0,0.0,0.0,0.0,0.0,0.0,0.0,0.0,0.0,0.0,88,0.0460880206836982,0.05,0.0039119793163017
139.38475830078124,33.987093650096774,121.0084716710806,277,0.0237451171875,0.0,0.0,0.335205078125,0.0,0.0,0.0,0.0,0.0,31.660400390625,0.0,0.0,0.0,0.0,0.0,0.0,8.9921875,0.0,58.06494140625,0.0,0.0,0.0,0.0,0.0,0.0,97.89125061035156,47.906131744384766,0.0,208.0,208.0,7.515580654144287,0.99869384765625,0.0653929412364959,-0.0023302286863327,0.0,0.0654344460455685,51,P000,0.0,0.0,0.0,0.0,0.0,0.0,0.947265625,0.0,0.0,0.0,0.0,0.0,0.0,0.0,0.0,0.0,0.0,0.0,0.0,0.0,0.0,0.0,0.0,0.0,0.0,0.0,85,0.0654344460455685,0.05,0.0154344460455685
142.143212890625,33.425525788649104,130.04083468660713,258,0.02579345703125,0.0,0.0,0.15576171875,0.0,0.0,0.0,0.0,0.0,30.797607421875,0.0,0.0,0.0,0.0,0.0,0.0,8.324951171875,0.0,59.02539062499999,0.0,0.0,0.0,0.0,0.0,0.0,99.28724670410156,47.84996795654297,0.0,208.0,208.0,7.516609191894531,0.99876220703125,0.1171513795852661,-0.0027822256088256,4.76837158203125e-07,0.1171844124373923,52,P000,0.0,0.0,0.0,0.0,0.0,0.0,1.6962890625,0.0,0.0,0.0,0.0,0.0,0.0,0.0,0.0,0.0,0.0,0.0,0.0,0.0,0.0,0.0,0.0,0.0,0.0,0.0,92,0.1171844124373923,0.05,0.0671844124373923
145.28399169921877,34.1578567151824,137.27986380643245,358,0.02844970703125,0.0,0.0,0.07470703125,0.0,0.0,0.0,0.0,0.0,35.8740234375,0.0,0.0,0.0,0.0,0.0,0.0,7.423583984375,0.0,52.091064453125,0.0,0.0,0.0,0.0,1.29638671875,0.0,100.42520141601562,47.87451934814453,0.0,208.0,208.0,7.530557632446289,0.99874755859375,0.0929987430572509,-0.0007269233465194,-1.430511474609375e-06,0.0930015840178363,53,P000,0.0,0.0,0.0,0.0,0.0,0.0,3.240234375,0.0,0.0,0.0,0.0,0.0,0.0,0.0,0.0,0.0,0.0,0.0,0.0,0.0,0.0,0.0,0.0,0.0,0.0,0.0,149,0.0930015840178363,0.0745,0.0185015840178363
149.21701171875,38.833991893980425,209.62504150390032,534,0.029892578125,0.0,0.0,0.066650390625,0.0,0.0,0.0,0.0,0.0,35.919677734375,0.0,0.0,0.517578125,0.0,0.0,0.0,7.314208984374999,0.0,45.1650390625,0.0,0.0,0.0,0.0,6.489501953125,0.0,99.76709747314452,47.97954559326172,0.0,208.0,208.0,7.530976295471191,0.9988720703125,0.0682749152183532,0.000498354434967,9.5367431640625e-07,0.0682767340030677,54,P000,0.0,0.0,0.0,0.0,0.0,0.0,4.52734375,0.0,0.0,0.0,0.0,0.0,0.0,0.0,0.0,0.0,0.0,0.0,0.0,0.0,0.0,0.0,0.0,0.0,0.0,0.0,184,0.0682767340030677,0.092,0.0237232659969322
153.14021484375,41.77406746828069,219.15825188615324,455,0.02763427734375,0.0,0.0,0.225830078125,0.0,0.0,0.0,0.0,0.0,33.489501953125,0.0,0.0,0.4921875,0.0,0.0,0.0,8.710693359375,0.0,40.348388671875,0.0,0.0,0.0,0.0,10.59326171875,0.0,98.0291976928711,47.86002349853516,0.0,208.0,208.0,7.529111385345459,0.99881103515625,0.0258620977401733,0.0004560053348541,1.6689300537109375e-06,0.0258661176671919,55,P000,0.0,0.0,0.0,0.0,0.0,0.0,6.14013671875,0.0,0.0,0.0,0.0,0.0,0.0,0.0,0.0,0.0,0.0,0.0,0.0,0.0,0.0,0.0,0.0,0.0,0.0,0.0,181,0.0258661176671919,0.0905,0.064633882332808
154.338603515625,42.23296648366971,195.9705924849451,461,0.02572265625,0.0,0.0,0.4575195312499999,0.0,0.0,0.0,0.0,0.0,31.426025390625,0.0,0.0,0.205322265625,0.0,0.0,0.0,9.9775390625,0.0,38.760498046875,0.0,0.0,0.0,0.0,11.009765625,0.0,97.46321105957033,47.930885314941406,0.0,208.0,208.0,7.5269904136657715,0.99890869140625,0.0867975950241088,0.0029924809932708,-4.76837158203125e-06,0.0868491650345682,56,P000,0.0,0.0,0.0,0.0,0.0,0.0,8.163330078125,0.0,0.0,0.0,0.0,0.0,0.0,0.0,0.0,0.0,0.0,0.0,0.0,0.0,0.0,0.0,0.0,0.0,0.0,0.0,209,0.0868491650345682,0.1045,0.0176508349654317
158.7798193359375,44.06514173116516,256.0292824390173,626,0.0255322265625,0.0,0.0,0.305908203125,0.0,0.0,0.0,0.0,0.0,29.117431640625004,0.0,0.0,0.58154296875,0.0,0.0,0.0,7.73486328125,0.0,34.64794921875,0.0,0.0,0.0,0.0,15.342285156249998,0.0,96.80950927734376,47.73773956298828,0.0,208.0,208.0,7.517819404602051,0.99925537109375,0.026736557483673,0.0015034228563308,-6.9141387939453125e-06,0.0267787944868324,57,P000,0.0,0.0,0.0,0.0,0.0,0.0,12.27001953125,0.0,0.0,0.0,0.0,0.0,0.0,0.0,0.0,0.0,0.0,0.0,0.0,0.0,0.0,0.0,0.0,0.0,0.0,0.0,298,0.0267787944868324,0.149,0.1222212055131675
159.55710693359376,44.94592112430446,274.1917128356933,637,0.02673828125,0.0,0.0,0.27978515625,0.0,0.0,0.0,0.0,0.0,29.44189453125,0.0,0.0,0.9013671875,0.0,0.0,0.0,7.739990234374999,0.0,34.04296875,0.0,0.0,0.0,0.0,17.421875,0.0,97.56724548339844,47.55601119995117,0.0,208.0,208.0,7.51215124130249,0.9991357421875,0.048185646533966,0.0034863501787185,8.58306884765625e-06,0.0483116056774564,58,P000,0.0,0.0,0.0,0.0,0.0,0.0,10.149169921875,0.02294921875,0.0,0.0,0.0,0.0,0.0,0.0,0.0,0.0,0.0,0.0,0.0,0.0,0.0,0.0,0.0,0.0,0.0,0.0,236,0.0483116056774564,0.118,0.0696883943225435
160.80065185546874,46.83967240701176,330.3517329040528,877,0.0275634765625,0.0,0.0,0.2387695312499999,0.0,0.0,0.0,0.0,0.0,30.2568359375,0.0,0.0,1.454345703125,0.0,0.0,0.0,8.021728515625,0.0,32.9677734375,0.0,0.0,0.0,0.0,21.288818359375,0.0,98.97900390625,47.2493896484375,0.0,208.0,208.0,7.508631706237793,0.9992578125,0.0136352777481079,0.0011680573225021,1.4543533325195312e-05,0.0136852244662285,59,P000,0.0,0.0,0.0,0.0,0.0,0.0,5.513427734375,0.25830078125,0.0,0.0,0.0,0.0,0.0,0.0,0.0,0.0,0.0,0.0,0.0,0.0,0.0,0.0,0.0,0.0,0.0,0.0,310,0.0136852244662285,0.155,0.1413147755337715
161.7876513671875,47.71569766403877,345.08906470059753,849,0.0273486328125,0.0,0.0,0.238037109375,0.0,0.0,0.0,0.0,0.0,32.44775390625,0.0,0.0,1.6550292968750002,0.0,0.0,0.0,6.40869140625,0.0,33.632568359375,0.0,0.0,0.0,0.0,23.79833984375,0.0,99.7696304321289,47.15900802612305,0.0,208.0,208.0,7.51713752746582,0.99926513671875,0.0629417300224304,0.006459891796112,0.0001988410949707,0.0632726727585854,60,P000,0.0,0.0,0.0,0.0,0.0,0.0,1.47265625,0.346923828125,0.0,0.0,0.0,0.0,0.0,0.0,0.0,0.0,0.0,0.0,0.0,0.0,0.0,0.0,0.0,0.0,0.0,0.0,306,0.0632726727585854,0.153,0.0897273272414145
164.339267578125,48.6064174611632,392.0013617674768,1120,0.03005615234375,0.0,0.0,0.00439453125,0.0,0.0,0.0,0.0,0.0,32.653076171875,0.0,0.0,2.368896484375,0.0,0.0,0.0,4.13720703125,0.0,32.9033203125,0.0,0.0,0.0,0.0,26.8115234375,0.0,100.66213989257812,47.22041320800781,0.0,208.0,208.0,7.520506858825684,0.9993310546875,0.0330252051353454,0.0041171014308929,0.0002334117889404,0.0332816643136596,61,P000,0.0,0.0,0.0,0.0,0.0,0.0,0.186279296875,0.935302734375,0.0,0.0,0.0,0.0,0.0,0.0,0.0,0.0,0.0,0.0,0.0,0.0,0.0,0.0,0.0,0.0,0.0,0.0,550,0.0332816643136596,0.275,0.2417183356863403
165.97155029296874,48.54670631497196,394.9839049431742,1189,0.03037841796875,0.0,0.0,0.0,0.0,0.0,0.0,0.0,0.0,32.397216796875,0.0,0.0,2.801513671875,0.0,0.0,0.0,2.6328125,0.0,32.73974609375,0.0,0.0,0.0,0.0,28.132080078125,0.0,101.12032318115234,47.22982025146485,0.0,208.0,208.0,7.522314548492432,0.9993505859375,0.0746650695800781,0.0110634863376617,0.001084566116333,0.0754880760716699,62,P000,0.0,0.0,0.0,0.0,0.0,0.0,0.0400390625,1.256591796875,0.0,0.0,0.0,0.0,0.0,0.0,0.0,0.0,0.0,0.0,0.0,0.0,0.0,0.0,0.0,0.0,0.0,0.0,558,0.0754880760716699,0.279,0.20351192392833
165.491318359375,51.066580197871865,443.4179361097752,1689,0.031298828125,0.0,0.0,0.0,0.0,0.0,0.0,0.0,0.0,31.033447265625004,0.0,0.0,3.919189453125,0.0,0.0,0.0,3.15625,0.0,30.928955078125,0.0,0.0,0.0,0.0,28.926025390625,0.0,102.63179779052734,47.310813903808594,0.0,208.0,208.0,7.524003028869629,0.999326171875,0.1412349939346313,0.0250216946005821,0.0058114528656005,0.1435520173902451,63,P000,0.0,0.0,0.0,0.0,0.0,0.0,0.07861328125,1.95751953125,0.0,0.0,0.0,0.0,0.0,0.0,0.0,0.0,0.0,0.0,0.0,0.0,0.0,0.0,0.0,0.0,0.0,0.0,706,0.1435520173902451,0.353,0.2094479826097548
162.01489501953125,54.09817117361547,570.5334815001488,2633,0.03725341796875,0.0,0.0,0.01611328125,0.0,0.0,0.0,0.0,0.0,33.11181640625,0.0,0.0,6.043212890625,0.0,0.0,0.0,4.71533203125,0.0,27.548583984375004,0.0,0.0,0.0,0.0,23.052001953125,0.0,106.30535888671876,47.20675659179688,0.0,208.0,208.0,7.520975112915039,0.99923583984375,0.0638786554336547,0.0108348131179809,0.0049235820770263,0.0649778227996474,64,P000,0.0,0.0,0.0,0.0,0.0,0.0,2.383056640625,3.1298828125,0.0,0.0,0.0,0.0,0.0,0.0,0.0,0.0,0.0,0.0,0.0,0.0,0.0,0.0,0.0,0.0,0.0,0.0,1165,0.0649778227996474,0.5825,0.5175221772003525
160.93233154296874,54.88506913584358,598.0506346350671,2946,0.03959228515625,0.0,0.0,0.141845703125,0.0,0.0,0.0,0.0,0.0,32.38134765625,0.0,0.0,6.964111328125,0.0,0.0,0.0,4.10595703125,0.0,27.4375,0.0,0.0,0.0,0.0,18.343017578125,0.0,108.2301254272461,47.337013244628906,0.0,208.0,208.0,7.519304275512695,0.99940185546875,0.0975799560546875,0.0128865614533424,0.0103998184204101,0.0989750853139466,65,P000,0.0,0.0,0.0,0.0,0.0,0.0,7.300537109374999,3.32568359375,0.0,0.0,0.0,0.0,0.0,0.0,0.0,0.0,0.0,0.0,0.0,0.0,0.0,0.0,0.0,0.0,0.0,0.0,1232,0.0989750853139466,0.616,0.5170249146860534
162.81010498046874,54.85641985008024,548.5028382379472,3071,0.03796630859375,0.0,0.0,0.143310546875,0.0,0.0,0.0,0.0,0.0,27.449951171875,0.0,0.0,6.876708984375,0.0,0.0,0.0,3.124755859375,0.0,34.33056640625,0.0,0.0,0.0,0.0,12.501464843749998,0.0,108.39905548095705,48.19962692260742,0.0,208.0,208.0,7.542524814605713,0.99805908203125,0.0046530961990356,0.0004715546965599,0.0005733966827392,0.0047119477740212,66,P000,0.0,0.0,0.0,0.0,0.0,0.0,11.775146484375,3.798095703125,0.0,0.0,0.0,0.0,0.0,0.0,0.0,0.0,0.0,0.0,0.0,0.0,0.0,0.0,0.0,0.0,0.0,0.0,1920,0.0047119477740212,0.96,0.9552880522259788
162.87767578125,54.86188440099095,551.067279600525,3118,0.0387255859375,0.0,0.0,0.1416015625,0.0,0.0,0.0,0.0,0.0,27.140380859375,0.0,0.0,6.866943359375,0.0,0.0,0.0,3.043701171875,0.0,34.48486328125,0.0,0.0,0.0,0.0,12.34423828125,0.0,108.31410217285156,48.19547271728516,0.0,208.0,208.0,7.5422515869140625,0.998056640625,0.0490654706954956,0.0043123960494995,0.0063519477844238,0.0496625051212111,67,P000,0.0,0.0,0.0,0.0,0.0,0.0,12.072509765625,3.90576171875,0.0,0.0,0.0,0.0,0.0,0.0,0.0,0.0,0.0,0.0,0.0,0.0,0.0,0.0,0.0,0.0,0.0,0.0,1511,0.0496625051212111,0.7555,0.7058374948787888
163.72576904296875,55.44486884702891,561.1702593411862,3050,0.0391552734375,0.0,0.0,0.10791015625,0.0,0.0,0.0,0.0,0.0,24.423828125,0.0,0.0,6.931152343749999,0.0,0.0,0.0,2.87353515625,0.0,40.64794921875,0.0,0.0,0.0,0.0,9.871337890625,0.0,108.3086166381836,48.57926940917969,0.0,208.0,208.0,7.543718338012695,0.99770751953125,0.0653287172317504,0.0041601955890655,0.0090913772583007,0.0660893460622666,68,P000,0.0,0.0,0.0,0.0,0.0,0.0,11.163818359375,3.98046875,0.0,0.0,0.0,0.0,0.0,0.0,0.0,0.0,0.0,0.0,0.0,0.0,0.0,0.0,0.0,0.0,0.0,0.0,1435,0.0660893460622666,0.7175,0.6514106539377333
164.88625732421875,56.0824277797432,533.7398010051488,2963,0.03796875,0.0,0.0,0.1630859375,0.0,0.0,0.0185546875,0.0,0.0,21.917724609375,0.0,0.0,6.771728515625,0.0,0.0,0.0,2.71337890625,0.0,47.49658203125,0.0,0.0,0.0,0.0,7.437988281250001,0.0,107.6117172241211,49.122169494628906,0.0,208.0,208.0,7.543621063232422,0.99736083984375,0.0376386642456054,0.0016786605119705,0.0054569244384765,0.038069212910633,69,P000,0.0,0.0,0.0,0.0,0.0,0.0,9.58154296875,3.8994140625,0.0,0.0,0.0,0.0,0.0,0.0,0.0,0.0,0.0,0.0,0.0,0.0,0.0,0.0,0.0,0.0,0.0,0.0,1572,0.038069212910633,0.786,0.747930787089367
165.371484375,56.25465625123905,515.2841983873785,2913,0.03717041015625,0.0,0.0,0.148193359375,0.0,0.0,0.0224609375,0.0,0.0,20.9501953125,0.0,0.0,6.527099609375001,0.0,0.0,0.0,2.705810546875,0.0,51.49072265625,0.0,0.0,0.0,0.0,6.386718750000001,0.0,107.25128173828124,49.35564422607422,0.0,208.0,208.0,7.547503471374512,0.99725830078125,0.0299669504165649,0.0010002851486206,0.0044171810150146,0.0303072627560922,70,P000,0.0,0.0,0.0,0.0,0.0,0.0,7.844482421875,3.92431640625,0.0,0.0,0.0,0.0,0.0,0.0,0.0,0.0,0.0,0.0,0.0,0.0,0.0,0.0,0.0,0.0,0.0,0.0,1550,0.0303072627560922,0.775,0.7446927372439077
166.15591064453125,55.5744759658842,503.73508007047184,2880,0.0371826171875,0.0,0.0,0.031494140625,0.0,0.0,0.01708984375,0.0,0.0,20.236083984375,0.0,0.0,6.2861328125,0.0,0.0,0.0,2.705078125,0.0,54.3349609375,0.0,0.0,0.0,0.0,5.662353515625,0.0,106.84445190429688,49.59579849243164,0.0,208.0,208.0,7.552524566650391,0.9971875,0.1096912622451782,0.0013863816857337,0.0163543224334716,0.1109123930378249,71,P000,0.0,0.0,0.0,0.0,0.0,0.0,6.725097656249999,4.001708984375,0.0,0.0,0.0,0.0,0.0,0.0,0.0,0.0,0.0,0.0,0.0,0.0,0.0,0.0,0.0,0.0,0.0,0.0,1027,0.1109123930378249,0.5135,0.402587606962175
169.5132080078125,53.49489467428264,412.53826883897193,2584,0.0359033203125,0.0,0.0,0.003173828125,0.0,0.0,0.0,0.0,0.0,17.740966796875,0.0,0.0,5.15234375,0.0,0.0,0.0,2.342529296875,0.0,60.08422851562501,0.0,0.0,0.0,0.0,3.765380859375,0.0,102.9134750366211,50.01619720458984,0.0,208.0,208.0,7.5519866943359375,0.9971484375,0.1354467868804931,-0.0027096569538116,0.0195040702819824,0.1368706801130964,72,P000,0.0,0.0,0.0,0.0,0.0,0.0,7.04150390625,3.869873046875,0.0,0.0,0.0,0.0,0.0,0.0,0.0,0.0,0.0,0.0,0.0,0.0,0.0,0.0,0.0,0.0,0.0,0.0,857,0.1368706801130964,0.4285,0.2916293198869035
172.16866943359375,49.85033508946884,388.0260893652379,2118,0.03283203125,0.0,0.0,0.027099609375,0.0,0.0,0.0,0.0,0.0,15.494384765625,0.0,0.0,3.5412597656250004,0.0,0.0,0.0,1.9541015625,0.0,65.503662109375,0.0,0.0,0.0,0.0,2.35498046875,0.0,100.0750503540039,49.86836242675781,0.0,208.0,208.0,7.554862022399902,0.9976318359375,0.0937923192977905,-0.004582367837429,0.0121481418609619,0.0946867182076253,73,P000,0.0,0.0,0.0,0.0,0.0,0.0,7.5869140625,3.53759765625,0.0,0.0,0.0,0.0,0.0,0.0,0.0,0.0,0.0,0.0,0.0,0.0,0.0,0.0,0.0,0.0,0.0,0.0,754,0.0946867182076253,0.377,0.2823132817923747
172.8235400390625,47.620159741808,347.6927141384125,1832,0.03011962890625,0.0,0.0,0.04345703125,0.0,0.0,0.0,0.0,0.0,14.164550781249998,0.0,0.0,2.53271484375,0.0,0.0,0.0,1.7353515625,0.0,68.802490234375,0.0,0.0,0.0,0.0,1.718505859375,0.0,99.30049896240234,49.637020111083984,0.0,208.0,208.0,7.560232639312744,0.998173828125,0.041124939918518,-0.0027703866362571,0.0047018527984619,0.0414854570320067,74,P000,0.0,0.0,0.0,0.0,0.0,0.0,7.715576171874999,3.287353515625,0.0,0.0,0.0,0.0,0.0,0.0,0.0,0.0,0.0,0.0,0.0,0.0,0.0,0.0,0.0,0.0,0.0,0.0,854,0.0414854570320067,0.427,0.3855145429679932
172.35640869140624,47.369738346631,338.43788047122354,1624,0.030244140625,0.0,0.0,0.05029296875,0.0,0.0,0.0,0.0,0.0,13.508300781249998,0.0,0.0,2.152099609375,0.0,0.0,0.0,1.634521484375,0.0,70.051025390625,0.0,0.0,0.0,0.0,1.53173828125,0.0,99.23755645751952,49.57052612304688,0.0,208.0,208.0,7.562245368957519,0.9981103515625,0.0770424604415893,-0.0063932836055755,0.0075025558471679,0.0776704778561008,75,P000,0.0,0.0,0.0,0.0,0.0,0.0,7.90966796875,3.162353515625,0.0,0.0,0.0,0.0,0.0,0.0,0.0,0.0,0.0,0.0,0.0,0.0,0.0,0.0,0.0,0.0,0.0,0.0,593,0.0776704778561008,0.2965,0.2188295221438991
171.90989990234374,46.793735283235925,313.5373075095176,1363,0.02634033203125,0.0,0.0,0.210205078125,0.0,0.0,0.0,0.0,0.0,12.036865234375,0.0,0.0,1.5478515625,0.0,0.0,0.0,1.44482421875,0.0,71.762939453125,0.0,0.0,0.0,0.0,1.24658203125,0.0,99.02452850341795,49.209564208984375,0.0,208.0,208.0,7.555055618286133,0.998212890625,0.1365389823913574,-0.009724348783493,0.012728214263916,0.1374753218220586,76,P000,0.0,0.0,0.0,0.0,0.0,0.0,8.826904296875,2.923828125,0.0,0.0,0.0,0.0,0.0,0.0,0.0,0.0,0.0,0.0,0.0,0.0,0.0,0.0,0.0,0.0,0.0,0.0,440,0.1374753218220586,0.22,0.0825246781779413
171.36468505859375,45.27967227262839,290.8425194949866,1241,0.026328125,0.0,0.0,0.339599609375,0.0,0.0,0.0,0.0,0.0,9.86474609375,0.0,0.0,0.8322753906250001,0.0,0.0,0.0,1.18994140625,0.0,74.063232421875,0.0,0.0,0.0,0.0,0.89111328125,0.0,98.53581237792967,49.06979370117188,0.0,208.0,208.0,7.5600905418396,0.9981591796875,0.0956082344055175,0.0017503798007965,0.0131261348724365,0.0965209497066664,77,P000,0.0,0.0,0.0,0.0,0.0,0.0,10.26123046875,2.557861328125,0.0,0.0,0.0,0.0,0.0,0.0,0.0,0.0,0.0,0.0,0.0,0.0,0.0,0.0,0.0,0.0,0.0,0.0,545,0.0965209497066664,0.2725,0.1759790502933336
170.17051513671876,44.320344358994646,282.6515110437334,1202,0.0259765625,0.0,0.0,0.359619140625,0.0,0.0,0.0,0.0,0.0,8.55126953125,0.0,0.0,0.570068359375,0.0,0.0,0.0,1.0361328125,0.0,75.173828125,0.0,0.0,0.0,0.0,0.70166015625,0.0,98.0808563232422,48.81039810180664,0.0,208.0,208.0,7.563315868377685,0.99837890625,0.0225410461425781,0.0026255398988723,0.0043518543243408,0.0231069439135228,78,P000,0.0,0.0,0.0,0.0,0.0,0.0,11.326416015625,2.281005859375,0.0,0.0,0.0,0.0,0.0,0.0,0.0,0.0,0.0,0.0,0.0,0.0,0.0,0.0,0.0,0.0,0.0,0.0,700,0.0231069439135228,0.35,0.3268930560864771
169.274638671875,44.300545189293786,272.49004791221626,1167,0.0252490234375,0.0,0.0,0.293701171875,0.0,0.0,0.0,0.0,0.0,8.322998046875,0.0,0.0,0.538330078125,0.0,0.0,0.0,1.01611328125,0.0,75.826171875,0.0,0.0,0.0,0.0,0.669189453125,0.0,98.17054748535156,48.90363311767578,0.0,208.0,208.0,7.565717697143555,0.99835693359375,0.030419111251831,0.0055726021528244,0.0070722103118896,0.0317236880390747,79,P000,0.0,0.0,0.0,0.0,0.0,0.0,11.1142578125,2.21923828125,0.0,0.0,0.0,0.0,0.0,0.0,0.0,0.0,0.0,0.0,0.0,0.0,0.0,0.0,0.0,0.0,0.0,0.0,720,0.0317236880390747,0.36,0.3282763119609252
168.24911376953125,43.6243743289408,265.47459711417554,1285,0.024736328125,0.0,0.0,0.182861328125,0.0,0.0,0.0,0.0,0.0,8.07958984375,0.0,0.0,0.49462890625,0.0,0.0,0.0,0.98974609375,0.0,76.650390625,0.0,0.0,0.0,0.0,0.63916015625,0.0,97.98987579345705,48.83430480957031,0.0,208.0,208.0,7.563910484313965,0.99835693359375,0.0931463241577148,0.0401175878942012,0.0356550216674804,0.1075032052203633,80,P000,0.0,0.0,0.0,0.0,0.0,0.0,10.81396484375,2.149658203125,0.0,0.0,0.0,0.0,0.0,0.0,0.0,0.0,0.0,0.0,0.0,0.0,0.0,0.0,0.0,0.0,0.0,0.0,609,0.1075032052203633,0.3045,0.1969967947796366
164.419990234375,41.812965592044144,257.5725512389183,1334,0.0269140625,0.0,0.0,0.154296875,0.0,0.0,0.0,0.0,0.0,7.110107421875,0.0,0.0,0.408447265625,0.0,0.0,0.0,0.8461914062499999,0.0,77.1357421875,0.0,0.0,0.0,0.0,0.58154296875,0.0,97.16390991210938,48.52210998535156,0.0,208.0,208.0,7.556066513061523,0.99853271484375,0.0323128700256347,0.0274932105094194,0.0207774639129638,0.0472408848357366,81,P000,0.0,0.0,0.0,0.0,0.0,0.0,11.938720703125,1.824951171875,0.0,0.0,0.0,0.0,0.0,0.0,0.0,0.0,0.0,0.0,0.0,0.0,0.0,0.0,0.0,0.0,0.0,0.0,707,0.0472408848357366,0.3535,0.3062591151642633
162.161435546875,40.9746728662218,260.34485768487457,1438,0.02718017578125,0.0,0.0,0.17529296875,0.0,0.008544921875,0.0,0.0,0.0,6.680419921875,0.0,0.0,0.39453125,0.0,0.0,0.0,0.7744140625,0.0,76.380126953125,0.0,0.0,0.0,0.0,0.5751953125,0.0,96.9824447631836,48.2332649230957,0.0,208.0,208.0,7.548041820526123,0.99860595703125,0.0115096569061279,0.0120246494188904,0.0088417530059814,0.0188478378590962,82,P000,0.0,0.0,0.0,0.0,0.0,0.0,13.341552734375,1.6699218750000002,0.0,0.0,0.0,0.0,0.0,0.0,0.0,0.0,0.0,0.0,0.0,0.0,0.0,0.0,0.0,0.0,0.0,0.0,816,0.0188478378590962,0.408,0.3891521621409037
161.47746337890624,40.53561368075867,261.6189381972313,1407,0.02757080078125,0.0,0.0,0.155029296875,0.0,0.120849609375,0.0,0.0,0.0,6.465820312499999,0.0,0.0,0.380859375,0.0,0.0,0.0,0.733642578125,0.0,75.146240234375,0.0,0.0,0.0,0.0,0.56982421875,0.0,96.81130981445312,48.02363586425781,0.0,208.0,208.0,7.542756080627441,0.99874267578125,0.0188934803009033,0.0225560376420617,0.0163943767547607,0.0336825477238252,83,P000,0.0,0.0,0.0,0.0,0.0,0.0,14.827392578125002,1.600341796875,0.0,0.0,0.0,0.0,0.0,0.0,0.0,0.0,0.0,0.0,0.0,0.0,0.0,0.0,0.0,0.0,0.0,0.0,788,0.0336825477238252,0.394,0.3603174522761747
159.9641259765625,39.44462262552485,260.50942188680176,1451,0.026611328125,0.0,0.0,0.112548828125,0.0,0.1640625,0.0,0.0,0.0,6.2294921875,0.0,0.0,0.373779296875,0.0,0.0,0.0,0.694091796875,0.0,74.244140625,0.0,0.0,0.0,0.0,0.580810546875,0.0,96.75452423095705,47.83666610717773,0.0,208.0,208.0,7.538691520690918,0.99884765625,0.0090844631195068,0.0122215654700994,0.0088202953338623,0.0175980607592473,84,P000,0.0,0.0,0.0,0.0,0.0,0.0,16.097412109375,1.503662109375,0.0,0.0,0.0,0.0,0.0,0.0,0.0,0.0,0.0,0.0,0.0,0.0,0.0,0.0,0.0,0.0,0.0,0.0,916,0.0175980607592473,0.458,0.4404019392407527
159.0722265625,39.291579701917136,260.3290581558645,1486,0.02489990234375,0.0,0.0,0.089111328125,0.0,0.18212890625,0.0,0.0,0.0,6.186279296875,0.0,0.0,0.386474609375,0.0,0.0,0.0,0.683349609375,0.0,74.5498046875,0.0,0.0,0.0,0.0,0.584716796875,0.0,96.8883819580078,47.804443359375,0.0,208.0,208.0,7.539112091064453,0.99891357421875,0.031036376953125,0.0496443156152963,0.0357329845428466,0.0685905310638935,85,P000,0.0,0.0,0.0,0.0,0.0,0.0,15.86962890625,1.468505859375,0.0,0.0,0.0,0.0,0.0,0.0,0.0,0.0,0.0,0.0,0.0,0.0,0.0,0.0,0.0,0.0,0.0,0.0,739,0.0685905310638935,0.3695,0.3009094689361064
154.55086181640624,39.602918618147726,272.482509438461,1452,0.026318359375,0.0,0.0,0.09228515625,0.0,0.343017578125,0.0,0.0,0.0,5.87109375,0.0,0.0,0.4414062499999999,0.0,0.0,0.0,0.629150390625,0.0,74.53076171875,0.0,0.0,0.0,0.0,0.599853515625,0.0,97.85289001464844,47.70966720581055,0.0,208.0,208.0,7.536584854125977,0.99902099609375,0.0108218193054199,0.0206582620739936,0.0149383544921875,0.0276953064603232,86,P000,0.0,0.0,0.0,0.0,0.0,0.0,16.186279296875,1.30615234375,0.0,0.0,0.0,0.0,0.0,0.0,0.0,0.0,0.0,0.0,0.0,0.0,0.0,0.0,0.0,0.0,0.0,0.0,828,0.0276953064603232,0.414,0.3863046935396767
152.2500634765625,40.22390558563871,273.89773364961155,1444,0.0253564453125,0.0,0.0,0.205078125,0.0,0.4091796875,0.0,0.0,0.0,5.693359375,0.0,0.0,0.4658203124999999,0.0,0.0,0.0,0.600341796875,0.0,73.875732421875,0.0,0.0,0.0,0.0,0.609130859375,0.0,98.20421600341795,47.52225112915039,0.0,208.0,208.0,7.532013416290283,0.999140625,0.0184743404388427,0.0402356684207916,0.0294022560119628,0.0531479343578953,87,P000,0.0,0.0,0.0,0.0,0.0,0.0,16.908935546875,1.232421875,0.0,0.0,0.0,0.0,0.0,0.0,0.0,0.0,0.0,0.0,0.0,0.0,0.0,0.0,0.0,0.0,0.0,0.0,725,0.0531479343578953,0.3625,0.3093520656421046
145.4210546875,45.6195006645165,283.35291209291813,1460,0.02690185546875,0.0,0.0,1.798583984375,0.0,0.38671875,0.0,0.0,0.0,5.274658203125,0.0,0.0,0.506591796875,0.0,0.0,0.0,0.523193359375,0.0,71.316650390625,0.0,0.0,0.0,0.0,0.604248046875,0.0,98.83760833740234,47.319915771484375,0.0,208.0,208.0,7.524979591369629,0.99914306640625,0.03135347366333,0.0885087251663208,0.0672504901885986,0.1154965937676572,88,P000,0.0,0.0,0.0,0.0,0.0,0.0,18.502685546875,1.086669921875,0.0,0.0,0.0,0.0,0.0,0.0,0.0,0.0,0.0,0.0,0.0,0.0,0.0,0.0,0.0,0.0,0.0,0.0,574,0.1154965937676572,0.287,0.1715034062323427
134.557470703125,51.28002410220738,317.3180676140248,1710,0.02585693359375,0.0,0.0,9.89013671875,0.0,0.367919921875,0.0,0.0,0.0,4.65771484375,0.0,0.0,0.574462890625,0.0,0.0,0.0,0.420654296875,0.0,67.81982421875,0.0,0.0,0.0,0.0,0.63623046875,0.0,99.98277282714844,47.19197463989258,0.0,208.0,208.0,7.526341438293457,0.999169921875,0.0262167453765869,0.1201411634683609,0.1042165756225586,0.1611902960235655,89,P000,0.0,0.0,0.0,0.0,0.0,1.599609375,13.18310546875,0.850341796875,0.0,0.0,0.0,0.0,0.0,0.0,0.0,0.0,0.0,0.0,0.0,0.0,0.0,0.0,0.0,0.0,0.0,0.0,513,0.1611902960235655,0.2565,0.0953097039764344
127.84857666015624,50.75470227383612,287.8859316919088,1401,0.02488037109375,0.0,0.0,18.070068359375,0.0,0.10498046875,0.0,0.0,0.0,4.06103515625,0.0,0.0,0.560791015625,0.0,0.0,0.0,0.166259765625,0.0,63.89941406250001,0.0,0.0,0.0,0.0,0.8156738281249999,0.0,103.57609558105467,47.87746810913086,0.0,208.0,208.0,7.538374900817871,0.998818359375,0.0046584606170654,0.0540126264095306,0.0571306943893432,0.0787590077920285,90,P000,0.0,0.0,0.0,0.0,0.0,4.533203125,7.175537109375001,0.613037109375,0.0,0.0,0.0,0.0,0.0,0.0,0.0,0.0,0.0,0.0,0.0,0.0,0.0,0.0,0.0,0.0,0.0,0.0,584,0.0787590077920285,0.292,0.2132409922079714
124.3025390625,52.249014722304565,285.58586178635966,1424,0.02574462890625,0.0,0.0,19.0791015625,0.0,0.3427734375,0.0,0.0,0.0,5.562255859375,0.0,0.0,0.443359375,0.0,0.0,0.0,0.0,0.0,61.802001953125,0.0,0.0,0.0,0.0,1.043701171875,0.0,104.80333709716795,47.6612434387207,0.0,208.0,208.0,7.535526275634766,0.998916015625,-0.005415916442871,0.0774787664413452,0.099918246269226,0.1265541280942917,91,P000,0.0,0.0,0.0,0.0,0.0,4.91162109375,6.292724609375,0.5224609375,0.0,0.0,0.0,0.0,0.0,0.0,0.0,0.0,0.0,0.0,0.0,0.0,0.0,0.0,0.0,0.0,0.0,0.0,362,0.1265541280942917,0.181,0.0544458719057082
126.90197265625,49.288422908705215,215.3695580093324,1221,0.022236328125,0.0,0.0,2.61474609375,0.0,0.382080078125,0.0,0.0,0.0,24.7451171875,0.0,0.0,0.2348632812499999,0.0,0.0,0.0,0.0,0.0,59.39599609375,0.0,0.0,0.0,0.0,1.395751953125,0.0,104.41315460205078,46.96837615966797,0.0,208.0,208.0,7.507733821868896,0.99908935546875,-0.0049054622650146,0.0222141444683074,0.0335627794265747,0.0405461704397496,92,P000,0.0,0.0,0.0,0.0,0.0,4.36181640625,6.64501953125,0.2246093749999999,0.0,0.0,0.0,0.0,0.0,0.0,0.0,0.0,0.0,0.0,0.0,0.0,0.0,0.0,0.0,0.0,0.0,0.0,325,0.0405461704397496,0.1625,0.1219538295602503
129.16116943359376,46.4073812835552,172.25350533714288,972,0.0195361328125,0.0,0.0,0.0,0.0,0.157958984375,0.0,0.0,0.0,30.733642578125,0.0,0.0,0.080322265625,0.0,0.0,0.0,0.0,0.0,58.49633789062501,0.0,0.0,0.0,0.0,1.26611328125,0.0,104.18585968017578,46.790313720703125,0.0,208.0,208.0,7.5024800300598145,0.99919921875,-0.0122370719909667,0.039488136768341,0.0646536350250244,0.076740806604416,93,P000,0.0,0.0,0.0,0.0,0.0,4.219970703125,4.940673828125,0.10498046875,0.0,0.0,0.0,0.0,0.0,0.0,0.0,0.0,0.0,0.0,0.0,0.0,0.0,0.0,0.0,0.0,0.0,0.0,265,0.076740806604416,0.1325,0.055759193395584
132.8507177734375,44.84296095747938,541.2655196617543,1791,0.03188232421875,0.0,0.0,0.0,0.00146484375,0.01611328125,0.0,0.29443359375,0.082763671875,39.0400390625,0.0,0.145751953125,1.859130859375,0.0,0.00537109375,0.0,0.251220703125,0.0,50.93554687500001,0.0,0.380615234375,0.0,0.953125,1.6015624999999998,0.0,104.40775299072266,47.03938674926758,0.0,208.0,208.0,7.509891986846924,0.99904296875,-0.0104639530181884,0.0267829298973083,0.0466792583465576,0.0548249286952172,94,P000,0.0,0.0,0.0,0.0,0.0,4.117919921875,0.0,0.309326171875,0.005615234375,0.0,0.0,0.0,0.0,0.0,0.0,0.0,0.0,0.0,0.0,0.0,0.0,0.0,0.0,0.0,0.0,0.0,495,0.0548249286952172,0.2475,0.1926750713047827
134.80522216796874,49.05100167386421,654.6779212663115,3042,0.042958984375,0.0,0.046630859375,0.121826171875,0.0087890625,0.08154296875,2.2568359375,0.46044921875,0.08984375,42.5830078125,0.0,0.302734375,3.63818359375,0.0,0.081298828125,0.0,0.248046875,0.055908203125,42.101806640625,0.075927734375,0.781494140625,0.002197265625,1.408447265625,1.443603515625,0.0,105.12197875976562,47.21488952636719,0.0,208.0,208.0,7.499245643615723,0.99903564453125,-0.0178456306457519,0.0294368267059326,0.0594652891159057,0.0687103624593697,95,P000,0.0,0.0,0.0,0.0,0.0,4.20849609375,0.0,0.0,0.0029296875,0.0,0.0,0.0,0.0,0.0,0.0,0.0,0.0,0.0,0.0,0.0,0.0,0.0,0.0,0.0,0.0,0.0,949,0.0687103624593697,0.4745,0.4057896375406302
135.7999169921875,50.17259284943621,748.887057935232,3692,0.05017333984375,0.0,0.06884765625,0.10205078125,0.008544921875,0.07177734375,3.134765625,0.503662109375,0.083984375,47.241943359375,0.10302734375,0.29443359375,5.358642578125,0.0,0.187744140625,0.0,0.21875,0.08203125,35.3095703125,0.146728515625,0.85693359375,0.0981445312499999,1.595703125,0.0263671875,0.7080078125,104.0141372680664,47.58354187011719,0.0,208.0,208.0,7.504824161529541,0.99895263671875,-0.0524225234985351,0.0305117964744567,0.1052354574203491,0.1214643659371885,96,P000,0.0,0.0,0.0,0.0,0.0,3.796875,0.0,0.0,0.00146484375,0.0,0.0,0.0,0.0,0.0,0.0,0.0,0.0,0.0,0.0,0.0,0.0,0.0,0.0,0.0,0.0,0.0,1517,0.1214643659371885,0.7585,0.6370356340628114
148.04230224609375,48.62004011569722,855.3235631273685,4062,0.05731689453125,0.356201171875,0.09375,0.0634765625,0.007568359375,0.0712890625,3.804443359375,0.495361328125,0.068359375,50.00927734375,0.1083984375,0.280029296875,6.663330078125,0.0,2.333984375,0.0,0.1962890624999999,0.07666015625,29.820068359375,0.32763671875,0.895751953125,0.1943359375,1.7255859375000002,0.255859375,1.19873046875,101.72482299804688,47.762351989746094,0.0,208.0,208.0,7.526171684265137,0.99869873046875,-0.0126118659973144,0.0020721554756164,0.0188726186752319,0.0227931728355237,97,P000,0.0,0.0,0.0,0.0,0.0,0.94921875,0.0,0.0,0.00439453125,0.0,0.0,0.0,0.0,0.0,0.0,0.0,0.0,0.0,0.0,0.0,0.0,0.0,0.0,0.0,0.0,0.0,2206,0.0227931728355237,1.0,0.9772068271644764
151.3001171875,47.23599229146885,827.2820042991398,4128,0.05481201171875,0.4580078125,0.16943359375,0.0561523437499999,0.0068359375,0.06787109375,4.108642578125,0.4609375,0.06689453125,51.63232421875,0.10595703125,0.271240234375,6.571044921874999,0.0,2.6953125,0.0,0.194580078125,0.080078125,28.268798828125004,0.36865234375,0.931396484375,0.186767578125,1.872314453125,0.005859375,1.41748046875,101.3810577392578,47.68584060668945,0.0,208.0,208.0,7.536211013793945,0.99865234375,-0.0461487770080566,0.0010119676589965,0.05830979347229,0.0743691180038012,98,P000,0.0,0.0,0.0,0.0,0.0,0.0,0.0,0.0,0.00341796875,0.0,0.0,0.0,0.0,0.0,0.0,0.0,0.0,0.0,0.0,0.0,0.0,0.0,0.0,0.0,0.0,0.0,2068,0.0743691180038012,1.0,0.9256308819961988
159.3468994140625,49.83817109898632,821.9603181928396,4350,0.05604248046875,0.430419921875,0.347900390625,0.11376953125,0.0070800781249999,0.0654296875,3.82177734375,0.43994140625,0.067138671875,41.896728515625,0.106689453125,0.271240234375,6.890625,0.0,4.21435546875,0.0,0.1884765625,0.08349609375,35.619140625,0.4208984374999999,1.005615234375,0.1884765625,1.922607421875,0.0068359375,1.88916015625,101.86257934570312,48.339935302734375,0.0,208.0,208.0,7.551899433135986,0.99864990234375,-0.0694968700408935,-0.0052857995033264,0.0665315389633178,0.0963545551528193,99,P000,0.0,0.0,0.0,0.0,0.0,0.0,0.0,0.0,0.002197265625,0.0,0.0,0.0,0.0,0.0,0.0,0.0,0.0,0.0,0.0,0.0,0.0,0.0,0.0,0.0,0.0,0.0,2050,0.0963545551528193,1.0,0.9036454448471808
162.2077294921875,52.8604299686059,869.0102818944691,4474,0.06091552734375,0.402099609375,0.6494140625,0.2900390625,0.0068359375,0.065185546875,3.408203125,0.408935546875,0.066162109375,32.109130859375,0.109619140625,0.27783203125,6.371093749999999,0.0,7.375244140624999,0.0,0.189208984375,0.08447265625,41.960693359375,0.4897460937499999,1.09619140625,0.194580078125,1.9306640625,0.0234375,2.489990234375,103.26185607910156,48.947940826416016,0.0,208.0,208.0,7.561697006225586,0.99841064453125,-0.019435167312622,-0.0018640160560607,0.0157595872879028,0.0250911314175326,100,P000,0.0,0.0,0.0,0.0,0.0,0.0,0.0,0.0,0.001220703125,0.0,0.0,0.0,0.0,0.0,0.0,0.0,0.0,0.0,0.0,0.0,0.0,0.0,0.0,0.0,0.0,0.0,2530,0.0250911314175326,1.0,0.9749088685824674
162.73233154296875,52.89921114376156,868.7706364639042,4420,0.059140625,0.395263671875,0.670654296875,0.8017578125000001,0.0070800781249999,0.0625,2.63330078125,0.39892578125,0.154052734375,34.240234375,0.11572265625,0.29150390625,4.8330078125,0.0,6.593017578125,0.0,0.1953125,0.0888671875,41.71044921875,0.52783203125,1.180419921875,0.19775390625,1.98046875,0.029296875,2.891845703125,103.36174011230467,49.14813232421875,0.0,208.0,208.0,7.568304061889648,0.99846435546875,-0.0222878456115722,-0.0021790266036987,0.0169837474822998,0.0281059406084804,101,P000,0.0,0.0,0.0,0.0,0.0,0.0,0.0,0.0,0.000732421875,0.0,0.0,0.0,0.0,0.0,0.0,0.0,0.0,0.0,0.0,0.0,0.0,0.0,0.0,0.0,0.0,0.0,2446,0.0281059406084804,1.0,0.9718940593915196
163.6442578125,52.54916211232079,847.8543655085028,4254,0.05461181640625,0.4025878906249999,0.713134765625,1.10888671875,0.0070800781249999,0.066162109375,1.803955078125,0.399169921875,0.26708984375,35.429931640625,0.125244140625,0.307861328125,3.994384765625,0.0,5.522216796875,0.0,0.205322265625,0.0517578125,42.123779296875,0.571044921875,1.283447265625,0.208984375,2.114013671875,0.035888671875,3.257568359375,103.0564956665039,49.31140899658203,0.0,208.0,208.0,7.569842338562012,0.99840087890625,-0.0704190731048584,-0.006742238998413,0.0477914810180664,0.0853717125373464,102,P000,0.0,0.0,0.0,0.0,0.0,0.0,0.0,0.0,0.00048828125,0.0,0.0,0.0,0.0,0.0,0.0,0.0,0.0,0.0,0.0,0.0,0.0,0.0,0.0,0.0,0.0,0.0,2173,0.0853717125373464,1.0,0.9146282874626536
166.77053955078125,51.69668006967626,818.9930192079482,4065,0.0499951171875,0.429443359375,0.8061523437500001,1.07080078125,0.00830078125,0.06982421875,1.279541015625,0.4111328125,0.135498046875,36.906494140625,0.143310546875,0.346435546875,3.687255859375,0.0,2.112060546875,0.0,0.2294921875,0.0322265625,44.165283203125,0.647216796875,1.251220703125,0.23583984375,2.350341796875,0.0703125,3.61181640625,102.62954711914062,49.66571044921875,0.0,208.0,208.0,7.576835632324219,0.9980859375,-0.1222455501556396,-0.0101590752601623,0.0689945220947265,0.140738855409856,103,P000,0.0,0.0,0.0,0.0,0.0,0.0,0.0,0.0,0.0,0.0,0.0,0.0,0.0,0.0,0.0,0.0,0.0,0.0,0.0,0.0,0.0,0.0,0.0,0.0,0.0,0.0,2077,0.140738855409856,1.0,0.8592611445901439
169.2820703125,51.54776599914752,795.0000333007812,4088,0.04810546875,0.469970703125,0.927490234375,0.62255859375,0.00830078125,0.07568359375,0.922119140625,0.4267578125,0.1748046875,38.60498046875,0.16943359375,0.39306640625,3.6787109375,0.0,0.4912109375,0.1142578125,0.2578125,0.03271484375,43.709716796875,0.591796875,1.120361328125,0.272705078125,2.54150390625,0.170654296875,4.19921875,101.3461685180664,50.028995513916016,0.0,208.0,208.0,7.574192523956299,0.99786865234375,-0.1360838413238525,-0.0087347030639648,0.0643296241760253,0.150776017501789,104,P000,0.024169921875,0.0,0.0,0.0,0.0,0.0,0.0,0.0,0.0,0.0,0.0,0.0,0.0,0.0,0.0,0.0,0.0,0.0,0.0,0.0,0.0,0.0,0.0,0.0,0.0,0.0,2159,0.150776017501789,1.0,0.849223982498211
169.85408935546874,51.81015347922494,834.3516037283838,4271,0.05293212890625,0.501708984375,1.01904296875,0.557861328125,0.008544921875,0.1298828125,0.8183593750000001,0.42822265625,0.278076171875,38.974609375,0.188720703125,0.4267578125,3.70947265625,0.0,0.65234375,0.189453125,0.2744140625,0.03271484375,41.396240234375,0.41455078125,0.999267578125,0.30322265625,2.615478515625,0.314208984375,5.27880859375,100.66810607910156,49.9917106628418,0.0,208.0,208.0,7.574552536010742,0.9977392578125,-0.1157914400100708,-0.0066193342208862,0.0488600730895996,0.1258522145512531,105,P000,0.24951171875,0.19287109375,0.045654296875,0.0,0.0,0.0,0.0,0.0,0.0,0.0,0.0,0.0,0.0,0.0,0.0,0.0,0.0,0.0,0.0,0.0,0.0,0.0,0.0,0.0,0.0,0.0,2374,0.1258522145512531,1.0,0.8741477854487469
169.1270263671875,53.78939128934814,901.1372802042902,4425,0.05543701171875,0.500244140625,1.00439453125,1.014404296875,0.008544921875,0.12939453125,0.7802734375,0.4140625,0.4248046874999999,38.38916015625,0.190185546875,0.4375,3.892578125,0.0,0.8466796875,0.3203125,0.272705078125,0.030517578125,38.907958984375,0.30908203125,1.0224609375,0.307373046875,2.514892578125,0.50390625,7.03564453125,100.62244415283205,49.65669250488281,0.0,208.0,208.0,7.575143814086914,0.99794677734375,-0.1577882766723632,-0.008985698223114,0.0604298114776611,0.1692029702547115,106,P000,0.370849609375,0.19384765625,0.04443359375,0.03662109375,0.09716796875,0.0,0.0,0.0,0.0,0.0,0.0,0.0,0.0,0.0,0.0,0.0,0.0,0.0,0.0,0.0,0.0,0.0,0.0,0.0,0.0,0.0,2410,0.1692029702547115,1.0,0.8307970297452885
162.99126220703124,58.925080704682266,1064.5290225215915,4621,0.0613623046875,0.50537109375,0.981201171875,1.47021484375,0.008544921875,0.132080078125,0.72412109375,0.3984375,0.480224609375,32.1884765625,0.191162109375,0.436767578125,5.74072265625,0.0,1.361083984375,0.4130859375,0.269287109375,0.02734375,38.919189453125,0.3115234375,1.23828125,0.309326171875,2.47216796875,1.19970703125,9.0078125,99.9376983642578,48.97877502441406,0.0,208.0,208.0,7.564482688903809,0.99824951171875,-0.2012264728546142,-0.0128413438796997,0.0682137012481689,0.2128616981237346,107,P000,0.3857421875,0.2023925781249999,0.04736328125,0.03857421875,0.3920898437499999,0.0,0.0,0.0,0.0,0.147705078125,0.0,0.0,0.0,0.0,0.0,0.0,0.0,0.0,0.0,0.0,0.0,0.0,0.0,0.0,0.0,0.0,2373,0.2128616981237346,1.0,0.7871383018762653
149.68599853515624,67.02566872345376,1312.7611325344092,4748,0.07363525390625,0.550048828125,1.016357421875,1.7995605468749998,0.00830078125,0.139892578125,0.722412109375,0.39990234375,0.554443359375,22.591064453125,0.201416015625,0.460205078125,10.501953125,0.0,2.9287109375,0.455810546875,0.27099609375,0.024169921875,38.190185546875,0.369140625,1.6469726562499998,0.330078125,2.558349609375,2.238037109375,10.729736328125,100.029296875,48.69015121459961,0.0,208.0,208.0,7.561305999755859,0.9985498046875,-0.2530419826507568,-0.0217101573944091,0.0702375769615173,0.2635050153893489,108,P000,0.43359375,0.227294921875,0.05224609375,0.0439453125,0.40087890625,0.0,0.0,0.0,0.0,0.154296875,0.0,0.0,0.0,0.0,0.0,0.0,0.0,0.0,0.0,0.0,0.0,0.0,0.0,0.0,0.0,0.0,2311,0.2635050153893489,1.0,0.736494984610651
153.9365283203125,66.57768620527031,1285.0111791176264,4788,0.0696533203125,0.690185546875,1.1708984375,1.99169921875,0.008544921875,0.161376953125,0.699951171875,0.430419921875,0.710205078125,25.763916015625,0.2275390625,0.514892578125,8.9921875,0.2294921875,0.757080078125,0.5673828125,0.29150390625,0.022216796875,36.467041015625,0.417724609375,2.2333984375,0.376708984375,2.818359375,1.9140625,11.556640625,102.83139038085938,48.49648666381836,0.0,208.0,208.0,7.5597028732299805,0.998427734375,-0.2645965814590454,-0.0368769168853759,0.0450420379638671,0.2709244232303958,109,P000,0.531005859375,0.28466796875,0.0634765625,0.054931640625,0.0,0.0,0.0,0.0,0.0,0.052490234375,0.0,0.0,0.0,0.0,0.0,0.0,0.0,0.0,0.0,0.0,0.0,0.0,0.0,0.0,0.0,0.0,2264,0.2709244232303958,1.0,0.7290755767696042
161.40282470703124,62.45690158810213,1239.1329895739495,4811,0.0710107421875,1.012939453125,1.447265625,1.806884765625,0.009033203125,0.197509765625,0.716796875,0.50732421875,0.9755859375,29.874511718750004,0.27392578125,0.6201171875,6.02099609375,0.353271484375,0.7744140625,0.498291015625,0.339111328125,0.019287109375,34.02587890625,0.358154296875,2.67236328125,0.44384765625,3.217529296875,1.77880859375,10.81103515625,104.38273620605467,48.02367782592773,0.0,208.0,208.0,7.545599937438965,0.9989111328125,-0.2270933985710144,-0.0430273115634918,0.0096019506454467,0.2313330038518347,110,P000,0.69775390625,0.38720703125,0.083984375,0.076171875,0.0,0.0,0.0,0.0,0.0,0.0,0.0,0.0,0.0,0.0,0.0,0.0,0.0,0.0,0.0,0.0,0.0,0.0,0.0,0.0,0.0,0.0,2207,0.2313330038518347,1.0,0.7686669961481652
166.621044921875,58.68070066345025,1256.7197356027364,4845,0.07343017578125,1.62353515625,1.6943359375000002,1.240966796875,0.01025390625,0.24853515625,0.7973632812499999,0.63134765625,1.333251953125,32.316162109375,0.143310546875,0.770263671875,4.893798828125,0.8173828124999999,1.1875,0.4064941406249999,0.4150390625,0.01953125,31.725830078125,0.29443359375,2.1103515625,0.503173828125,3.692138671875,2.27783203125,9.1611328125,104.2700424194336,47.63506317138672,0.0,208.0,208.0,7.53467845916748,0.99892333984375,-0.1763884425163269,-0.0297793745994567,-0.006151258945465,0.1789903120045453,111,P000,0.93115234375,0.5361328125,0.11083984375,0.10791015625,0.0,0.0,0.0,0.0,0.0,0.0,0.0,0.0,0.0,0.0,0.0,0.0,0.0,0.0,0.0,0.0,0.0,0.0,0.0,0.0,0.0,0.0,2308,0.1789903120045453,1.0,0.8210096879954546
166.29466796875,60.30073806042462,1255.0496947726665,4798,0.07627197265625,2.028564453125,1.82080078125,0.715087890625,0.01123046875,0.308837890625,0.934814453125,0.7834472656250001,1.7114257812499998,33.179931640625,0.00830078125,0.655517578125,5.33447265625,1.02294921875,1.77880859375,0.499267578125,0.511962890625,0.0185546875,29.7353515625,0.24267578125,1.41064453125,0.56591796875,4.031494140625,2.79248046875,7.75146484375,103.4426727294922,47.459999084472656,0.0,208.0,208.0,7.52996826171875,0.99857421875,-0.1875857710838318,-0.0073693096637725,-0.008432388305664,0.1879197525822493,112,P000,1.183837890625,0.681640625,0.1416015625,0.138916015625,0.0,0.0,0.0,0.0,0.0,0.0,0.0,0.0,0.0,0.0,0.0,0.0,0.0,0.0,0.0,0.0,0.0,0.0,0.0,0.0,0.0,0.0,2236,0.1879197525822493,1.0,0.8120802474177506
169.15658203125,58.45094467362666,1227.822162781501,4754,0.0796044921875,0.59326171875,2.105712890625,0.273193359375,0.01171875,0.3964843749999999,1.0361328125,0.994140625,1.7907714843749998,35.19580078125,0.0,0.457275390625,5.736328125,1.11279296875,2.715576171875,0.634521484375,0.642578125,0.024169921875,27.3583984375,0.36865234375,0.621337890625,0.7265625,4.075439453125,3.350341796875,7.537109375000001,103.6142349243164,47.272727966308594,0.0,208.0,208.0,7.530162334442139,0.9991796875,-0.1739179491996765,0.0163620710372924,-0.0032617449760437,0.1747163684453732,113,P000,1.57861328125,0.477783203125,0.185302734375,0.0,0.0,0.0,0.0,0.0,0.0,0.0,0.0,0.0,0.0,0.0,0.0,0.0,0.0,0.0,0.0,0.0,0.0,0.0,0.0,0.0,0.0,0.0,2240,0.1747163684453732,1.0,0.8252836315546268
170.72621826171874,58.36383246953922,1207.263940122986,4712,0.0771142578125,0.0,1.985107421875,0.3046875,0.012939453125,0.528076171875,1.126708984375,1.274169921875,1.60107421875,37.998779296875,0.0,0.401123046875,6.021240234375,1.170166015625,1.994384765625,0.821533203125,0.77587890625,0.026123046875,26.809326171875,0.5546875,0.341796875,1.004150390625,4.252197265625,3.84814453125,5.38134765625,101.0224380493164,47.15186309814453,0.0,208.0,208.0,7.523993968963623,0.9993798828125,-0.086965188384056,0.011861115694046,-0.0003226399421691,0.0877709186047075,114,P000,1.44873046875,0.05810546875,0.259521484375,0.0,0.0,0.0,0.0,0.0,0.0,0.0,0.0,0.0,0.0,0.0,0.0,0.0,0.0,0.0,0.0,0.0,0.0,0.0,0.0,0.0,0.0,0.0,2572,0.0877709186047075,1.0,0.9122290813952924
139.67657958984375,76.68027670316175,309.3054040807487,1502,0.0337841796875,0.0,0.0,0.3964843749999999,0.0,0.0,0.0,0.0,0.0,48.249755859375,0.0,0.0,0.0,0.0,0.4560546875,0.0,0.0,0.0,0.038818359375,0.0,0.0,0.0,0.0,0.0,0.0,97.9765167236328,45.15928268432617,9.0,188.0,179.0,7.347066879272461,1.0,-0.0261774063110351,0.1022307127714157,-0.1033632308244705,0.1477170698375698,0,P001,0.0,0.0,0.0,0.122802734375,0.757568359375,0.0,0.0,0.0,0.0,0.126220703125,15.64404296875,6.90283203125,0.148193359375,27.1572265625,0.0,0.0,0.0,0.0,0.0,0.0,0.0,0.0,0.0,0.0,0.0,0.0,608,0.1477170698375698,0.304,0.1562829301624301
136.801416015625,74.73422337525633,351.9060706905782,1729,0.03480224609375,0.0,0.0,3.354736328125,0.0,0.0,0.0,0.0,0.0,48.568115234375,0.0,0.0,0.0,0.0,0.3525390625,0.0,0.0,0.0,0.0,0.0,0.0,0.0,0.0,0.0,0.0,101.81069946289062,45.07616424560547,0.0,208.0,208.0,7.420068740844727,0.99993408203125,-0.012801170349121,0.0505103021860122,-0.0513857007026672,0.0731823122477937,1,P001,0.0,0.0,0.0,0.1044921875,0.6005859375,0.0,0.0,0.0,0.0,0.4897460937499999,16.98974609375,7.69775390625,0.1174316406249999,21.724853515625,0.0,0.0,0.0,0.0,0.0,0.0,0.0,0.0,0.0,0.0,0.0,0.0,848,0.0731823122477937,0.424,0.3508176877522062
132.363642578125,75.10648862909623,385.9794127520978,1868,0.0358154296875,0.0,0.39990234375,8.659912109375,0.0,0.0,0.0,0.0,0.0,48.125,0.0,0.0009765625,0.0,0.0,0.16943359375,0.0,0.0,0.0,0.0,0.0,0.0,0.0,0.0,0.0,0.0,105.2983856201172,44.9959602355957,2.0,198.0,196.0,7.399738788604736,1.0,-0.000533103942871,0.0021173655986785,-0.0021620690822601,0.0030727804361583,2,P001,0.0,0.0,0.0,0.09423828125,0.504150390625,0.0,0.0,0.0,0.0,0.366943359375,13.838134765624998,7.638671875,0.109375,19.7216796875,0.37158203125,0.0,0.0,0.0,0.0,0.0,0.0,0.0,0.0,0.0,0.0,0.0,1065,0.0030727804361583,0.5325,0.5294272195638416
131.13128173828125,74.52308166695973,399.5638249597311,1961,0.0359765625,0.0,0.87109375,9.470947265625,0.0,0.0,0.0,0.0,0.0,45.635498046875,0.0,0.029541015625,0.0,0.0,0.075439453125,0.0,0.0,0.0,0.0,0.0,0.0,0.0,0.0,0.0,0.0,105.55416107177734,45.069332122802734,5.0,201.0,196.0,7.409067153930664,1.0,-0.0058531761169433,0.0233194008469581,-0.0238587856292724,0.0338717548736502,3,P001,0.0,0.0,0.0,0.09423828125,0.476318359375,0.0,0.0,0.0,0.0,0.334228515625,13.060302734375002,7.41552734375,0.1103515624999999,19.961181640625,2.46533203125,0.0,0.0,0.0,0.0,0.0,0.0,0.0,0.0,0.0,0.0,0.0,985,0.0338717548736502,0.4925,0.4586282451263497
136.86623046875,74.93370084751386,410.4866495594919,1957,0.03588623046875,0.0,0.0009765625,5.746337890625,0.0,0.0,0.0,0.0,0.0,52.28173828125,0.0,0.00830078125,0.0,0.0,0.73828125,0.0,0.0,0.0,0.00439453125,0.0,0.0,0.0,0.0,0.0,0.0,106.19447326660156,45.06806564331055,8.0,200.0,192.0,7.405171394348144,1.0,-0.0168900489807128,0.0684222374111414,-0.0706805884838104,0.0998129346093743,4,P001,0.0,0.0,0.0,0.086181640625,0.48046875,0.0,0.0,0.0,0.0,0.334228515625,13.097900390625,6.33984375,0.097412109375,19.947021484375,0.8369140625,0.0,0.0,0.0,0.0,0.0,0.0,0.0,0.0,0.0,0.0,0.0,736,0.0998129346093743,0.368,0.2681870653906257
152.794306640625,77.25645591328257,423.7266088840902,2034,0.0311376953125,0.0,0.0,0.2021484374999999,0.0,0.0,0.0,0.0,0.0,61.10791015625,0.0,0.0,0.0,0.0,0.8950195312499999,0.0,0.0,0.0,4.82568359375,0.0,0.0,0.0,0.0,0.0,0.0,109.90789031982422,44.46310424804688,9.0,199.0,190.0,7.313543796539307,1.0,-0.0041546821594238,0.017182501964271,-0.0179558396339416,0.025197458890885,5,P001,0.0,0.0,0.0,0.080322265625,0.558837890625,0.0,0.0,0.0,0.0,0.374267578125,12.07763671875,5.60693359375,0.091552734375,14.179687499999998,0.0,0.0,0.0,0.0,0.0,0.0,0.0,0.0,0.0,0.0,0.0,0.0,787,0.025197458890885,0.3935,0.3683025411091149
143.85452880859376,81.41933263846263,369.689694454664,1525,0.026796875,0.0,0.0,0.0,0.0,0.0,0.0,0.0,0.0,61.289306640625,0.0,0.0,0.0,0.0,0.773681640625,0.0,0.0,0.0,10.022705078125,0.0,0.0,0.0,0.0,0.0,0.0,110.17736053466795,44.92827224731445,0.0,208.0,208.0,7.415009498596191,0.999892578125,-0.0002388954162597,0.0009925849735736,-0.0010395050048828,0.0014570060414598,6,P001,0.0,0.0,0.0,0.0888671875,0.71533203125,0.0,0.0,0.0,0.0,0.49560546875,8.9697265625,5.635986328125,0.1005859375,11.908203125,0.0,0.0,0.0,0.0,0.0,0.0,0.0,0.0,0.0,0.0,0.0,0.0,851,0.0014570060414598,0.4255,0.4240429939585401
143.65963134765624,81.56813864166362,352.4475353734732,1609,0.0256396484375,0.0,0.0,0.0,0.0,0.0,0.0,0.0,0.0,61.8369140625,0.0,0.0,0.0,0.0,0.711669921875,0.0,0.0,0.0,10.648681640625,0.0,0.0,0.0,0.0,0.0,0.0,110.3266830444336,44.90460968017578,0.0,208.0,208.0,7.412755012512207,0.99988525390625,-0.0099649429321289,0.0420477678999304,-0.044421374797821,0.0619723600642697,7,P001,0.0,0.0,0.0,0.0908203125,0.761962890625,0.0,0.0,0.0,0.0,0.53515625,8.083984375,5.53466796875,0.10205078125,11.694091796875,0.0,0.0,0.0,0.0,0.0,0.0,0.0,0.0,0.0,0.0,0.0,0.0,789,0.0619723600642697,0.3945,0.3325276399357302
147.3976220703125,79.98557293136027,355.0523352979123,1658,0.02797607421875,0.0,0.0,0.0,0.0,0.0,0.0,0.0,0.0,63.78369140625,0.0,0.0,0.0,0.00244140625,0.73779296875,0.0,0.0,0.0,9.822021484375,0.0,0.0,0.0,0.0,0.0,0.0,112.2386245727539,44.95890426635742,0.0,208.0,208.0,7.40452766418457,0.99983642578125,-0.0222887992858886,0.1015041247010231,-0.111435055732727,0.1523733885922455,8,P001,0.0,0.0,0.0,0.08251953125,0.680908203125,0.0,0.0,0.0,0.0,0.452392578125,9.146484375,5.451904296875,0.09375,9.74609375,0.0,0.0,0.0,0.0,0.0,0.0,0.0,0.0,0.0,0.0,0.0,0.0,713,0.1523733885922455,0.3565,0.2041266114077544
155.51129638671875,71.7425798123669,516.042786824703,2275,0.03622802734375,0.0,0.0,0.008544921875,0.0,0.0,0.0,0.0,0.0,58.36059570312499,0.0,0.0,0.0,0.710693359375,0.8544921875,0.0,0.0,0.0,11.939453125,0.0,0.162109375,0.0,0.0,0.0,0.0,114.90660858154295,46.23250961303711,0.0,208.0,208.0,7.448703289031982,0.99958740234375,-0.0177559852600097,0.1228647679090499,-0.1575043797492981,0.2005458946129526,9,P001,0.0,0.0,0.0,0.0693359375,0.578125,1.845947265625,1.50927734375,0.0,0.0,0.34814453125,9.07763671875,5.0673828125,0.077880859375,6.041748046875,0.0,0.1259765625,3.22265625,0.0,0.0,0.0,0.0,0.0,0.0,0.0,0.0,0.0,859,0.2005458946129526,0.4295,0.2289541053870473
163.9207958984375,66.27504719732134,567.1026966051995,2842,0.0445751953125,0.0,0.0,0.2043457031249999,0.0,0.0,0.0,0.0,0.015625,56.25927734375,0.0,0.00048828125,0.0,0.837646484375,0.7868652343749999,0.0,0.0,0.0,13.921875,0.0,1.197265625,0.0,0.0,0.0,0.0,109.71187591552734,48.47948455810547,0.0,208.0,208.0,7.524222373962402,0.99952392578125,0.0174343585968017,0.0728991627693176,-0.2497480511665344,0.2607533966291355,10,P001,0.0,0.0,0.0,0.109130859375,0.52685546875,2.2490234375,1.9189453125,0.0,0.0,0.280029296875,7.890869140624999,4.427490234375,0.0966796875,3.1298828125,0.0,0.197265625,5.950439453125,0.0,0.0,0.0,0.0,0.0,0.0,0.0,0.0,0.0,916,0.2607533966291355,0.458,0.1972466033708645
159.31612060546874,63.73667421147844,578.3877053661109,3030,0.05277099609375,0.0,0.0,0.588134765625,0.0,0.0,0.0,0.0,0.00244140625,58.517333984375,0.0,0.0,0.0,1.212646484375,0.754638671875,0.0,0.0,0.0,13.0625,0.0,2.172119140625,0.0,0.0,0.0,0.0,106.69821166992188,49.336387634277344,0.0,208.0,208.0,7.538805961608887,0.997529296875,0.0149197578430175,0.0067159235477447,-0.2154415845870971,0.2160619799330571,11,P001,0.0,0.0,0.0,0.123779296875,0.568603515625,1.6965332031249998,2.161865234375,0.0,0.0,0.2587890625,5.956787109375,4.16064453125,0.123046875,1.513916015625,0.00390625,0.338134765625,6.7841796875,0.0,0.0,0.0,0.0,0.0,0.0,0.0,0.0,0.0,1075,0.2160619799330571,0.5375,0.3214380200669429
151.67515380859376,58.68786969774044,521.2530848836661,2948,0.0483056640625,0.0,0.0,0.76220703125,0.0,0.0,0.0,0.0,0.0,69.902587890625,0.0,0.00341796875,0.0,1.498779296875,0.718505859375,0.0,0.133056640625,0.0,4.203125,0.0,2.5654296875,0.0,0.0,0.0,0.0,106.27203369140624,49.17406845092773,0.0,208.0,208.0,7.54012393951416,0.9976806640625,0.0095198154449462,-0.0084407031536102,-0.1982630491256714,0.1986708559513488,12,P001,0.0,0.0,0.0,0.1042480468749999,0.621337890625,1.418701171875,2.1708984375,0.0,0.0,0.249267578125,4.541259765625,3.990234375,0.1184082031249999,1.0107421875,0.01904296875,0.3964843749999999,5.572265625,0.0,0.0,0.0,0.0,0.0,0.0,0.0,0.0,0.0,872,0.1986708559513488,0.436,0.2373291440486511
142.2689013671875,48.5489503767046,395.66948857635856,2259,0.0384521484375,0.0,0.0,0.812744140625,0.0,0.0,0.0,0.0,0.0,78.39599609375,0.0,0.023681640625,0.0,1.15771484375,0.040283203125,0.0,0.250244140625,0.0,2.108642578125,0.0,2.62939453125,0.0,0.0,0.0,0.0,100.60714721679688,48.64686584472656,0.0,208.0,208.0,7.559040069580078,0.99839111328125,0.004979133605957,-0.0134036242961883,-0.1135498285293579,0.1144465485490319,13,P001,0.0,0.0,0.0,0.1005859375,0.62939453125,1.240478515625,1.96337890625,0.0,0.0,0.223388671875,3.739990234375,1.123291015625,0.093994140625,0.7724609375,0.0107421875,0.4169921874999999,4.2666015625,0.0,0.0,0.0,0.0,0.0,0.0,0.0,0.0,0.0,543,0.1144465485490319,0.2715,0.157053451450968
140.20895751953125,45.20817852560184,299.8100053608359,1544,0.0293359375,0.0,0.0,0.759033203125,0.0,0.0,0.0,0.0,0.0,84.91162109375,0.0,0.0,0.0,0.7080078125,0.0,0.0,0.27587890625,0.0,1.6064453125,0.0,2.72216796875,0.0,0.0,0.0,0.0,95.61117553710938,48.02522277832031,0.0,208.0,208.0,7.540009498596191,0.99892822265625,0.004591941833496,-0.0198406279087066,-0.1036802530288696,0.1056613993554145,14,P001,0.0,0.0,0.0,0.057861328125,0.0,1.171630859375,1.603271484375,0.0,0.0,0.0,1.34326171875,0.0,0.040283203125,0.745361328125,0.0,0.4470214843749999,3.608154296875,0.0,0.0,0.0,0.0,0.0,0.0,0.0,0.0,0.0,364,0.1056613993554145,0.182,0.0763386006445854
125.0167724609375,54.91227882855974,267.8316673812807,995,0.02462890625,0.0,0.0,0.694091796875,0.0,0.0,0.0,0.0,0.0,81.0419921875,0.0,0.0,0.0,0.291748046875,0.0,0.0,0.222412109375,0.0,8.8173828125,0.0,2.700439453125,0.0,0.0,0.0,0.0,97.94925689697266,48.16404724121094,0.0,208.0,208.0,7.537179946899414,0.9982861328125,0.0094575881958007,-0.0661916136741638,-0.1877529621124267,0.199303663983534,15,P001,0.0,0.0,0.0,0.05859375,0.0,1.12353515625,1.2900390625,0.0,0.0,0.0,0.0,0.0,0.03955078125,0.212646484375,0.0,0.27001953125,3.2375488281250004,0.0,0.0,0.0,0.0,0.0,0.0,0.0,0.0,0.0,179,0.199303663983534,0.0895,0.109803663983534
75.04115234375,60.94927875618107,290.2395414283514,613,0.01840576171875,0.0,0.0,26.368408203125,0.0,0.0,0.0,0.0,0.0,47.969482421875,0.0,0.0,0.0,0.000732421875,0.0,0.0,0.138427734375,0.0,18.859375,0.0,2.20166015625,0.0,0.0,0.0,0.0,104.56389617919922,47.37574768066406,0.0,208.0,208.0,7.521769523620605,0.99909912109375,0.0104422569274902,-0.110017329454422,-0.1532130241394043,0.1889102545548129,16,P001,0.0,0.0,0.0,0.044677734375,0.0,1.00146484375,0.94580078125,0.0,0.0,0.0,0.0,0.0,0.029052734375,0.0,0.0,0.0566406249999999,2.38427734375,0.0,0.0,0.0,0.0,0.0,0.0,0.0,0.0,0.0,44,0.1889102545548129,0.05,0.1389102545548129
36.60532470703125,35.09628177737228,228.06635740575788,105,0.0057763671875,0.0,0.0,41.86865234375,0.0,0.0,0.0,0.0,0.0,33.8291015625,0.0,0.0,0.0,0.0,0.0,0.0,0.0,0.0,21.755126953125,0.0,0.71923828125,0.0,0.0,0.0,0.0,105.2455825805664,45.85869216918945,0.0,208.0,208.0,7.4587626457214355,0.99953369140625,0.0125634670257568,-0.1852363497018814,-0.1336464881896972,0.2287612942786079,17,P001,0.0,0.0,0.0,0.0,0.0,0.721923828125,0.1572265625,0.0,0.0,0.0,0.0,0.0,0.0,0.0,0.0,0.0,0.94873046875,0.0,0.0,0.0,0.0,0.0,0.0,0.0,0.0,0.0,7,0.2287612942786079,0.05,0.1787612942786079
20.16975830078125,15.44393457719841,221.0130047492445,9,3.662109375e-05,0.0,0.0,44.52099609375,0.0,0.0,0.0,0.0,0.0,29.302978515625,0.0,0.0,0.0,0.0,0.0,0.0,0.0,0.0,26.176025390625,0.0,0.0,0.0,0.0,0.0,0.0,97.84487915039062,47.70648956298828,0.0,208.0,208.0,7.536970138549805,0.99907470703125,0.0066602230072021,-0.135718747973442,-0.0518207550048828,0.1454280845341106,18,P001,0.0,0.0,0.0,0.0,0.0,0.0,0.0,0.0,0.0,0.0,0.0,0.0,0.0,0.0,0.0,0.0,0.0,0.0,0.0,0.0,0.0,0.0,0.0,0.0,0.0,0.0,1,0.1454280845341106,0.05,0.0954280845341106
21.0033349609375,16.162647838986594,221.9123436725378,1,0.0,0.0,0.0,43.297607421875,0.0,0.0,0.0,0.0,0.0,27.658447265625004,0.0,0.0,0.0,0.0,0.0,0.0,0.0,0.0,29.043945312500004,0.0,0.0,0.0,0.0,0.0,0.0,95.90487670898438,48.22938537597656,0.0,208.0,208.0,7.545184135437012,0.99856201171875,0.0042550563812255,-0.1198863089084625,-0.0246424674987792,0.1224666639250498,19,P001,0.0,0.0,0.0,0.0,0.0,0.0,0.0,0.0,0.0,0.0,0.0,0.0,0.0,0.0,0.0,0.0,0.0,0.0,0.0,0.0,0.0,0.0,0.0,0.0,0.0,0.0,1,0.1224666639250498,0.05,0.0724666639250498
21.07484619140625,16.46189169044982,224.8506860320032,4,0.0,0.0,0.0,42.693359375,0.0,0.0,0.0,0.0,0.0,25.320556640625004,0.0,0.0,0.0,0.0,0.0,0.0,0.0,0.0,31.986083984375004,0.0,0.0,0.0,0.0,0.0,0.0,95.8563003540039,48.7439079284668,0.0,208.0,208.0,7.555085182189941,0.9983544921875,0.0023419857025146,-0.1301937997341156,-0.0104768276214599,0.1306356547931979,20,P001,0.0,0.0,0.0,0.0,0.0,0.0,0.0,0.0,0.0,0.0,0.0,0.0,0.0,0.0,0.0,0.0,0.0,0.0,0.0,0.0,0.0,0.0,0.0,0.0,0.0,0.0,2,0.1306356547931979,0.05,0.0806356547931978
20.54330322265625,16.43270559912366,229.8627895784318,4,1.953125e-05,0.0,0.0,41.413330078125,0.0,0.0,0.0,0.0,0.0,22.17138671875,0.0,0.0,0.00048828125,0.0,0.0,0.0,0.0,0.0,36.414794921875,0.0,0.0,0.0,0.0,0.0,0.0,97.041015625,49.191654205322266,0.0,208.0,208.0,7.566285133361816,0.99824462890625,-0.0038049221038818,-0.1588872075080871,0.007523775100708,0.1591107455004236,21,P001,0.0,0.0,0.0,0.0,0.0,0.0,0.0,0.0,0.0,0.0,0.0,0.0,0.0,0.0,0.0,0.0,0.0,0.0,0.0,0.0,0.0,0.0,0.0,0.0,0.0,0.0,1,0.1591107455004236,0.05,0.1091107455004236
20.05892333984375,15.380655470687536,231.4750974799157,1,0.0,0.0,0.0,39.159423828125,0.0,0.0,0.0,0.0,0.0,17.549560546875,0.0,0.0,0.0,0.0,0.0,0.0,0.0,0.0,43.291015625,0.0,0.0,0.0,0.0,0.0,0.0,99.4169921875,49.28858947753906,0.0,208.0,208.0,7.571951866149902,0.998232421875,-0.0389943122863769,-0.0635899901390075,0.0358908176422119,0.0827791883723987,22,P001,0.0,0.0,0.0,0.0,0.0,0.0,0.0,0.0,0.0,0.0,0.0,0.0,0.0,0.0,0.0,0.0,0.0,0.0,0.0,0.0,0.0,0.0,0.0,0.0,0.0,0.0,1,0.0827791883723987,0.05,0.0327791883723987
19.763017578125,14.364390326390804,230.79107899770727,2,0.0,0.0,0.0,39.145263671875,0.0,0.0,0.0,0.0,0.0,14.53173828125,0.0,0.0,0.0,0.0,0.0,0.0,0.0,0.0,46.322998046875,0.0,0.0,0.0,0.0,0.0,0.0,101.15930938720705,49.192291259765625,0.0,208.0,208.0,7.570572853088379,0.9982861328125,-0.0146303176879882,0.0301669836044311,0.00712251663208,0.0342756960340083,23,P001,0.0,0.0,0.0,0.0,0.0,0.0,0.0,0.0,0.0,0.0,0.0,0.0,0.0,0.0,0.0,0.0,0.0,0.0,0.0,0.0,0.0,0.0,0.0,0.0,0.0,0.0,1,0.0342756960340083,0.05,0.0157243039659916
19.97892822265625,14.303152748215808,231.07546375694272,3,3.90625e-05,0.0,0.0,39.735107421875,0.0,0.0,0.0,0.0,0.0,13.950927734374998,0.0,0.0,0.00048828125,0.0,0.0,0.0,0.0,0.0,46.3134765625,0.0,0.0,0.0,0.0,0.0,0.0,101.19161987304688,49.2608757019043,0.0,208.0,208.0,7.567368507385254,0.9982568359375,-0.0366950035095214,0.1204731464385986,0.0091650485992431,0.1262707424988319,24,P001,0.0,0.0,0.0,0.0,0.0,0.0,0.0,0.0,0.0,0.0,0.0,0.0,0.0,0.0,0.0,0.0,0.0,0.0,0.0,0.0,0.0,0.0,0.0,0.0,0.0,0.0,1,0.1262707424988319,0.05,0.0762707424988319
20.59100341796875,14.585177976977365,241.4046383228064,1,0.0,0.0,0.0,43.8310546875,0.0,0.0,0.0,0.0,0.0,14.06298828125,0.0,0.0,0.0,0.0,0.0,0.0,0.0,0.0,42.10595703125,0.0,0.0,0.0,0.0,0.0,0.0,100.3886947631836,49.30291748046875,0.0,208.0,208.0,7.564469337463379,0.99826904296875,-0.0103704929351806,0.0492666065692901,-0.0015816688537597,0.0503710961061481,25,P001,0.0,0.0,0.0,0.0,0.0,0.0,0.0,0.0,0.0,0.0,0.0,0.0,0.0,0.0,0.0,0.0,0.0,0.0,0.0,0.0,0.0,0.0,0.0,0.0,0.0,0.0,1,0.0503710961061481,0.05,0.0003710961061481
20.253291015625,14.090959878660808,244.25222411379212,4,0.0,0.0,0.0,47.760009765625,0.0,0.0,0.0,0.0,0.0,12.5146484375,0.0,0.0,0.0,0.0,0.0,0.0,0.0,0.0,39.725341796875,0.0,0.0,0.0,0.0,0.0,0.0,100.3343276977539,49.27000427246094,0.0,208.0,208.0,7.561022758483887,0.9982666015625,-0.011941909790039,0.123036652803421,-0.0153586864471435,0.1245653097450677,26,P001,0.0,0.0,0.0,0.0,0.0,0.0,0.0,0.0,0.0,0.0,0.0,0.0,0.0,0.0,0.0,0.0,0.0,0.0,0.0,0.0,0.0,0.0,0.0,0.0,0.0,0.0,2,0.1245653097450677,0.05,0.0745653097450677
20.188037109375,14.500572572699427,250.69732665109044,3,0.0,0.0,0.0,51.422119140625,0.0,0.0,0.0,0.0,0.0,12.274169921875,0.0,0.0,0.0,0.0,0.0,0.0,0.0,0.0,36.150146484375,0.0,0.0,0.0,0.0,0.0,0.0,99.26256561279295,48.95456314086914,0.0,208.0,208.0,7.553524971008301,0.99833251953125,0.0011262893676757,0.0365850329399108,-0.003990888595581,0.0368192932405884,27,P001,0.0,0.0,0.0,0.0,0.0,0.0,0.0,0.0,0.0,0.0,0.0,0.0,0.0,0.0,0.0,0.0,0.0,0.153564453125,0.0,0.0,0.0,0.0,0.0,0.0,0.0,0.0,2,0.0368192932405884,0.05,0.0131807067594115
19.4231005859375,14.434929578936885,249.15301757774355,2,0.0,0.0,0.0,52.4150390625,0.0,0.0,0.0,0.0,0.0,11.1494140625,0.0,0.0,0.0,0.0,0.0,0.0,0.0,0.0,35.1689453125,0.0,0.0,0.0,0.0,0.0,0.0,99.23246002197266,48.89226150512695,0.0,208.0,208.0,7.550824165344238,0.99829833984375,0.0006318092346191,0.0092989802360534,-0.000699758529663,0.0093466506481893,28,P001,0.0,0.0,0.0,0.0,0.0,0.0,0.0,0.0,0.0,0.0,0.0,0.0,0.0,0.0,0.0,0.0,0.0,1.2666015625,0.0,0.0,0.0,0.0,0.0,0.0,0.0,0.0,0,0.0093466506481893,0.05,0.0406533493518106
19.0548974609375,14.326033583023168,250.63435545501707,0,0.0,0.0,0.0,52.450927734375,0.0,0.0,0.0,0.0,0.0,10.2958984375,0.0,0.0,0.0,0.0,0.0,0.0,0.0,0.0,35.247314453125,0.0,0.0,0.0,0.0,0.0,0.0,99.26482391357422,48.92465591430664,0.0,208.0,208.0,7.551076889038086,0.9982763671875,0.0117566585540771,0.087506890296936,0.0028576850891113,0.0883393526910044,29,P001,0.0,0.0,0.0,0.0,0.0,0.0,0.0,0.0,0.0,0.0,0.0,0.0,0.0,0.0,0.0,0.0,0.0,2.005859375,0.0,0.0,0.0,0.0,0.0,0.0,0.0,0.0,0,0.0883393526910044,0.05,0.0383393526910044
19.84056396484375,14.918177472987022,243.39855216450096,1,0.0,0.0,0.0,52.8837890625,0.0,0.0,0.0,0.0,0.0,11.84619140625,0.0,0.0,0.0,0.0,0.0,0.0,0.0,0.0,33.101318359375,0.0,0.0,0.0,0.0,0.0,0.0,98.80734252929688,48.5279426574707,0.0,208.0,208.0,7.543156623840332,0.99856689453125,0.0362360477447509,0.1507367342710495,0.0482869148254394,0.1623768467430628,30,P001,0.0,0.0,0.0,0.0,0.0,0.0,0.0,0.0,0.0,0.0,0.0,0.0,0.0,0.0,0.0,0.0,0.0,2.168701171875,0.0,0.0,0.0,0.0,0.0,0.0,0.0,0.0,1,0.1623768467430628,0.05,0.1123768467430628
21.32765869140625,15.304148093375767,241.04917379293445,3,0.0,0.0,0.0,56.18701171875,0.0,0.0,0.0,0.0,0.0,15.08447265625,0.0,0.0,0.000244140625,0.0,0.0,0.0,0.0,0.0,27.76611328125,0.0,0.0,0.0,0.0,0.0,0.0,101.7321319580078,47.60403823852539,0.0,208.0,208.0,7.538114547729492,0.99909423828125,0.0365712642669677,0.1092322170734405,0.057199478149414,0.1286114882793482,31,P001,0.0,0.0,0.0,0.0,0.0,0.0,0.0,0.0,0.0,0.0,0.0,0.0,0.0,0.0,0.0,0.0,0.0,0.962158203125,0.0,0.0,0.0,0.0,0.0,0.0,0.0,0.0,0,0.1286114882793482,0.05,0.0786114882793482
22.58941650390625,15.028538697822691,229.03649550542235,0,0.00091552734375,0.0,0.0,59.19775390624999,0.0,0.0,0.0,0.0,0.0,17.15771484375,0.0,0.0,0.0,0.0,0.0,0.0,0.0,0.0,23.557861328125,0.0,0.0,0.0,0.0,0.0,0.0,103.57244110107422,46.966102600097656,0.0,208.0,208.0,7.514069557189941,0.9992041015625,0.0244505405426025,0.0571940168738365,0.0365397930145263,0.0721397322737933,32,P001,0.0,0.0,0.0,0.0,0.0,0.0,0.0,0.0,0.0,0.0,0.0,0.0,0.0,0.0,0.0,0.0,0.0,0.086669921875,0.0,0.0,0.0,0.0,0.0,0.0,0.0,0.0,0,0.0721397322737933,0.05,0.0221397322737933
25.00157958984375,16.284046663147098,216.7760261003911,7,0.00111572265625,0.0,0.0,59.927490234375,0.0,0.0,0.0,0.0,0.0,19.093505859375,0.0,0.0,0.0,0.0,0.0,0.0,0.0,0.0,20.97900390625,0.0,0.0,0.0,0.0,0.0,0.0,103.7454605102539,46.58481979370117,0.0,208.0,208.0,7.494974136352539,0.9993212890625,0.0033953189849853,0.006978653371334,0.0048446655273437,0.009148801995828,33,P001,0.0,0.0,0.0,0.0,0.0,0.0,0.0,0.0,0.0,0.0,0.0,0.0,0.0,0.0,0.0,0.0,0.0,0.0,0.0,0.0,0.0,0.0,0.0,0.0,0.0,0.0,3,0.009148801995828,0.05,0.0408511980041719
25.7553857421875,17.120551651885368,210.32939660901425,8,0.00113037109375,0.0,0.0,60.561767578125,0.0,0.0,0.0,0.0,0.0,19.359130859375,0.0,0.0,0.0,0.0,0.0,0.0,0.0,0.0,20.0791015625,0.0,0.0,0.0,0.0,0.0,0.0,103.8211441040039,46.54058837890625,0.0,208.0,208.0,7.496531963348389,0.999306640625,0.0129806995391845,0.0244005471467971,0.0178520679473876,0.0329026076715479,34,P001,0.0,0.0,0.0,0.0,0.0,0.0,0.0,0.0,0.0,0.0,0.0,0.0,0.0,0.0,0.0,0.0,0.0,0.0,0.0,0.0,0.0,0.0,0.0,0.0,0.0,0.0,4,0.0329026076715479,0.05,0.017097392328452
29.16466552734375,23.98936912602926,208.13825059125423,7,0.00203857421875,0.0,0.0,59.954833984375,0.0,0.0,0.0,0.0,0.0,20.547119140625,0.0,0.0,0.000244140625,0.0,0.0,0.0,0.0,0.0,18.927734375,0.0,0.019287109375,0.0,0.0,0.0,0.0,104.00072479248048,46.343894958496094,0.0,208.0,208.0,7.493457794189453,0.9993701171875,0.0196974277496337,0.0302561223506927,0.0245411396026611,0.0436541994846937,35,P001,0.0,0.0,0.0,0.0,0.0,0.0617675781249999,0.0,0.0,0.0,0.0,0.0,0.0,0.0,0.0,0.0,0.0,0.489013671875,0.0,0.0,0.0,0.0,0.0,0.0,0.0,0.0,0.0,6,0.0436541994846937,0.05,0.0063458005153062
34.8347607421875,33.03210087437942,209.63822611961368,29,0.00348876953125,0.0,0.0,57.17846679687501,0.0,0.0,0.0,0.0,0.0,23.923828125,0.0,0.0,0.0,0.0,0.0,0.0,0.0,0.0,18.109375,0.0,0.092529296875,0.0,0.0,0.0,0.0,103.947998046875,46.1551399230957,0.0,208.0,208.0,7.48283052444458,0.99942626953125,0.0614383220672607,0.0557802617549896,0.0549169778823852,0.0995086904728929,36,P001,0.0,0.0,0.0,0.0,0.0,0.101806640625,0.0,0.0,0.0,0.0,0.0,0.0,0.0,0.0,0.0,0.0,0.56201171875,0.031982421875,0.0,0.0,0.0,0.0,0.0,0.0,0.0,0.0,12,0.0995086904728929,0.05,0.0495086904728929
55.61654541015625,52.43134556012745,191.43415997991565,68,0.00768798828125,0.0,0.0,43.17431640625,0.0,0.0,0.0,0.0,0.0,39.10498046875,0.0,0.0,0.0,0.0,0.0,0.0,0.0,0.0,16.832275390625,0.0,0.267333984375,0.0,0.0,0.0,0.0,103.57132720947266,46.00199890136719,0.0,208.0,208.0,7.475062370300293,0.99950927734375,0.0681817531585693,0.0303395837545394,0.0338828563690185,0.0819590737008315,37,P001,0.0,0.0,0.0,0.0,0.0,0.174560546875,0.0,0.0,0.0,0.0,0.0,0.0,0.0,0.0,0.0,0.0,0.4453124999999999,0.001220703125,0.0,0.0,0.0,0.0,0.0,0.0,0.0,0.0,29,0.0819590737008315,0.05,0.0319590737008315
76.481943359375,62.10658740704045,153.1135122543335,101,0.0073583984375,0.0,0.0,31.1162109375,0.0,0.0,0.0,0.0,0.0,51.41748046875,0.0,0.0,0.0,0.0,0.0,0.0,0.0,0.0,16.6279296875,0.0,0.5537109375,0.0,0.0,0.0,0.0,102.66541290283205,46.08754348754883,0.0,208.0,208.0,7.482110023498535,0.9995361328125,0.0863971710205078,0.0257495939731597,0.0229275226593017,0.0930224921479867,38,P001,0.0,0.0,0.0,0.0,0.0,0.064697265625,0.0,0.0,0.0,0.0,0.0,0.0,0.0,0.0,0.0,0.0,0.219970703125,0.0,0.0,0.0,0.0,0.0,0.0,0.0,0.0,0.0,34,0.0930224921479867,0.05,0.0430224921479867
98.744345703125,67.58835769537987,136.57087333602306,103,0.00630615234375,0.0,0.0,21.081787109375,0.0,0.0,0.0,0.0,0.0,60.933837890625,0.0,0.0,0.0,0.0,0.0,0.0,0.0,0.0,16.386962890625,0.0,1.470458984375,0.0,0.0,0.0,0.0,101.9273452758789,46.10157775878906,0.0,208.0,208.0,7.484341144561768,0.99933837890625,0.1031937599182128,0.0241301655769348,0.0140292644500732,0.1069019982873947,39,P001,0.0,0.0,0.0,0.0,0.0,0.0205078125,0.0,0.0,0.0,0.0,0.0,0.0,0.0,0.0,0.0,0.0,0.1064453125,0.0,0.0,0.0,0.0,0.0,0.0,0.0,0.0,0.0,30,0.1069019982873947,0.05,0.0569019982873947
123.114775390625,63.28592205321284,117.89280847260947,188,0.01114501953125,0.0,0.0,11.912841796875,0.0,0.0,0.0,0.0,0.0,72.80322265625,0.0,0.0,0.0,0.0,0.0,0.0,0.0,0.0,10.238525390625,0.0,4.906005859375,0.0,0.0,0.0,0.0,100.6913070678711,46.24308395385742,0.0,208.0,208.0,7.491543769836426,0.99960205078125,0.1284084320068359,0.0251918137073516,0.007637619972229,0.1310789309048571,40,P001,0.0,0.0,0.0,0.0,0.0,0.072021484375,0.0,0.0,0.0,0.0,0.0,0.0,0.0,0.0,0.0,0.0,0.0673828125,0.0,0.0,0.0,0.0,0.0,0.0,0.0,0.0,0.0,66,0.1310789309048571,0.05,0.0810789309048571
151.538203125,42.08165942607884,83.62068342552183,463,0.01491943359375,0.0,0.0,0.00048828125,0.0,0.0,0.0,0.0,0.0,86.266357421875,0.0,0.0,0.0,0.0,0.0,0.0,0.0,0.0,0.0,0.0,13.343994140625002,0.0,0.0,0.0,0.0,99.11520385742188,46.39017868041992,0.0,208.0,208.0,7.493943691253662,0.99949951171875,0.1698241233825683,0.0291899740695953,0.0015978813171386,0.1723219100797838,41,P001,0.0,0.0,0.0,0.0,0.0,0.34375,0.0,0.0,0.0,0.0,0.0,0.0,0.0,0.0,0.0,0.0,0.04541015625,0.0,0.0,0.0,0.0,0.0,0.0,0.0,0.0,0.0,196,0.1723219100797838,0.098,0.0743219100797838
150.12812744140626,48.69591242169527,123.26959902915956,1585,0.0219677734375,0.0,0.0,0.00341796875,0.0,0.0,0.0,0.0,0.0,76.462158203125,0.0,0.0,0.0,0.0,0.0,0.0,0.0,0.0,0.0,0.0,22.119384765625,0.0,0.0,0.0,0.0,103.2404327392578,46.209503173828125,0.0,208.0,208.0,7.48420524597168,0.99946044921875,0.1010479927062988,0.0155732035636901,-0.0018533468246459,0.102257793803997,42,P001,0.0,0.0,0.0,0.113037109375,0.0,0.77734375,0.0,0.0,0.0,0.0,0.0,0.0,0.0,0.0,0.0,0.0,0.524658203125,0.0,0.0,0.0,0.0,0.0,0.0,0.0,0.0,0.0,884,0.102257793803997,0.442,0.3397422061960029
146.873466796875,52.6077612435603,152.99891337182524,1808,0.024091796875,0.0,0.0,0.15478515625,0.0,0.0,0.0,0.0,0.0,69.74658203125,0.0,0.0,0.0,0.0,0.0,0.0,0.0,0.0,0.0,0.0,27.5087890625,0.0,0.0,0.0,0.0,104.4937515258789,46.28189468383789,0.0,208.0,208.0,7.486828804016113,0.999375,0.1738972663879394,0.0228457450866699,-0.0068403482437133,0.175524863452043,43,P001,0.0,0.0,0.0,0.528564453125,0.0,1.133056640625,0.0,0.0,0.0,0.0,0.0,0.0,0.230224609375,0.0,0.0,0.0,0.697998046875,0.0,0.0,0.0,0.0,0.0,0.0,0.0,0.0,0.0,871,0.175524863452043,0.4355,0.2599751365479569
143.11069091796875,59.43356195847141,179.98425780639653,2436,0.0283349609375,0.0,0.0,0.8544921875,0.0,0.0,0.0,0.0,0.0,55.63281249999999,0.0,0.0,0.0,0.0,0.0,0.0,0.0,0.0,0.0,0.0,40.18212890625,0.0,0.0,0.0,0.0,105.95843505859376,46.687286376953125,0.0,208.0,208.0,7.48945951461792,0.99914306640625,0.1677260398864746,0.016927421092987,-0.0101487636566162,0.1688832716541707,44,P001,0.0,0.0,0.0,0.7236328125,0.0,1.53759765625,0.0,0.0,0.0,0.0,0.0,0.0,0.591552734375,0.0,0.0,0.0,0.477783203125,0.0,0.0,0.0,0.0,0.0,0.0,0.0,0.0,0.0,671,0.1688832716541707,0.3355,0.1666167283458292
157.25580810546876,50.56582222365797,149.452805930233,1654,0.02359619140625,0.0,0.0,1.6828613281250002,0.0,0.0,0.0,0.0,0.012451171875,69.06689453125,0.0,0.0,0.0,0.0,0.0,0.0,0.0,0.0,0.0,0.0,25.6474609375,0.0,0.0,0.0,0.0,107.59416961669922,46.958946228027344,0.0,208.0,208.0,7.503683090209961,0.9990576171875,0.1791448593139648,0.0124279856681823,-0.0140161514282226,0.1801215921183456,45,P001,0.0,0.0,0.0,0.989990234375,0.0,1.409912109375,0.239501953125,0.0,0.0,0.0,0.0,0.0,0.798583984375,0.0,0.0,0.0,0.15234375,0.0,0.0,0.0,0.0,0.0,0.0,0.0,0.0,0.0,300,0.1801215921183456,0.15,0.0301215921183456
169.08430908203124,39.38786215873766,195.79944804039,905,0.02191162109375,0.0,0.0,2.427001953125,0.0,0.10498046875,0.0,0.0,0.1337890625,85.910888671875,0.0,0.0,0.9736328125,0.295654296875,0.005126953125,0.0,0.0,0.0,0.52490234375,0.0,4.150390625,0.0,0.0,0.000244140625,0.0,108.3091049194336,46.94933319091797,0.0,208.0,208.0,7.504196643829346,0.9989013671875,0.2317109107971191,0.0075924694538116,-0.0222992897033691,0.2329052384471254,46,P001,0.0,0.0,0.0,1.409912109375,0.0,1.1318359375,1.7939453125,0.0,0.0,0.0,0.0,0.0,1.1376953125,0.0,0.0,0.0,0.0,0.0,0.0,0.0,0.0,0.0,0.0,0.0,0.0,0.0,378,0.2329052384471254,0.189,0.0439052384471254
163.996123046875,48.230633050597866,453.9955638064801,3281,0.03510986328125,0.0,0.0,3.14306640625,0.0,0.105712890625,0.267578125,0.0,0.169921875,74.468994140625,0.0,0.0,4.933349609375,1.30126953125,0.04443359375,0.0,0.001953125,0.0,3.656494140625,0.0,0.0,0.0,0.0,0.00146484375,0.0,105.95269775390624,47.38771438598633,0.0,208.0,208.0,7.519756317138672,0.99908203125,0.2113776206970214,0.0001974403858184,-0.0247516632080078,0.2128219498684345,47,P001,0.0,0.0,0.0,2.69775390625,0.0,0.568115234375,6.73193359375,0.0,0.0,0.0,0.0,0.0,1.907958984375,0.0,0.0,0.0,0.0,0.0,0.0,0.0,0.0,0.0,0.0,0.0,0.0,0.0,1171,0.2128219498684345,0.5855,0.3726780501315654
151.63907470703126,57.13033134674052,787.2791215681494,4245,0.05289306640625,0.0,0.0,2.820556640625,0.0,0.102294921875,0.451904296875,0.0,0.18115234375,62.87890625,0.0,0.0,8.457763671875,2.6572265625,0.2802734375,0.0,0.12890625,0.0,8.876220703125,0.0,0.0,0.0,0.0,0.12939453125,0.0,104.44757843017578,48.6484603881836,0.0,208.0,208.0,7.540867805480957,0.99793212890625,0.2132153511047363,-0.0055729746818542,-0.0305328369140625,0.2154625213895477,48,P001,0.0,0.0,0.0,0.039306640625,0.0,0.0,12.309326171875,0.0,0.0,0.0,0.0,0.0,0.686767578125,0.0,0.0,0.0,0.0,0.0,0.0,0.0,0.0,0.0,0.0,0.0,0.0,0.0,1573,0.2154625213895477,0.7865,0.5710374786104523
142.58767578125,61.61882257378225,975.1961156908926,4477,0.0754248046875,0.0,0.0,3.645263671875,0.0,0.100830078125,0.551025390625,0.0,0.192626953125,40.1611328125,0.0,0.0,8.51904296875,3.625732421875,0.632568359375,0.0,0.53076171875,0.0,14.531494140625,0.0,0.0,0.0,0.0,0.010009765625,0.0,106.07652282714844,49.4211540222168,0.0,208.0,208.0,7.567049980163574,0.997958984375,0.1566581726074218,-0.0081314146518707,-0.0275409221649169,0.1592683438183227,49,P001,0.0,0.0,0.0,0.0341796875,0.0,0.0,17.6796875,0.0,0.0,0.0,0.0,0.0,0.031494140625,0.0,0.0,0.2392578125,0.0,0.0,0.088623046875,9.42626953125,0.0,0.0,0.0,0.0,0.0,0.0,1813,0.1592683438183227,0.9065,0.7472316561816772
139.05651611328125,64.80196719931887,1018.3490482436182,4365,0.0713916015625,0.0,0.0,6.2255859375,0.0,0.0986328125,0.59716796875,0.0,0.210205078125,32.607421875,0.0,0.0,8.783203125,4.546875,0.585205078125,0.0,0.9287109375,0.0,21.055419921875,0.0,0.0,0.0,0.0,0.0048828125,0.0,107.20459747314452,48.84007263183594,0.0,208.0,208.0,7.546974182128906,0.99851318359375,0.076486587524414,-0.0054914653301239,-0.0157136917114257,0.0782769082795401,50,P001,0.0,0.0,0.0,0.031494140625,0.0,0.0,19.44482421875,0.0,0.0,0.0,0.0,0.0,0.0283203124999999,0.0,0.0,0.8000488281250001,0.0,0.0,0.10400390625,3.947998046875,0.0,0.0,0.0,0.0,0.0,0.0,2108,0.0782769082795401,1.0,0.92172309172046
141.64659423828124,67.73591534705014,991.068339766288,4441,0.06311767578125,0.0,0.0,5.7890625,0.0,0.1005859375,0.634033203125,0.0,0.222900390625,30.152099609375,0.0,0.0,9.177490234375,5.290283203125,0.548583984375,0.0,1.22265625,0.0,26.251708984375,0.0,0.0,0.0,0.0,0.005859375,0.0,106.59964752197266,48.74767303466797,0.0,208.0,208.0,7.535149574279785,0.99864013671875,0.116405963897705,-0.0109696984291076,-0.028273582458496,0.1202916380286542,51,P001,0.0,0.0,0.0,0.0302734375,0.0,0.0,19.3671875,0.0,0.0,0.0,0.0,0.0,0.0280761718749999,0.0,0.0,1.17919921875,0.0,0.0,0.0,0.0,0.0,0.0,0.0,0.0,0.0,0.0,1965,0.1202916380286542,0.9825,0.8622083619713459
144.7894580078125,70.71615289640665,1031.465717613125,4424,0.06557861328125,0.0,0.0,2.617919921875,0.0,0.108642578125,0.714111328125,0.0,0.25830078125,28.190673828125,0.0,0.0,10.3095703125,5.954833984375,0.583251953125,0.0,1.53125,0.0,29.15869140625,0.0,0.0,0.0,0.0,0.00341796875,0.0,105.74181365966795,48.46429443359375,0.0,208.0,208.0,7.525811195373535,0.9986572265625,0.1545791625976562,-0.0216548144817352,-0.0500938892364501,0.1639300040824277,52,P001,0.0,0.0,0.0,0.028564453125,0.0,0.0,19.02294921875,0.0,0.0,0.0,0.0,0.0,0.027099609375,0.0,0.0,1.49072265625,0.0,0.0,0.0,0.0,0.0,0.0,0.0,0.0,0.0,0.0,1824,0.1639300040824277,0.912,0.7480699959175723
144.576875,73.81199022368418,1111.0125774600742,4477,0.0720458984375,0.0,0.0,0.689208984375,0.0,0.1235351562499999,0.85107421875,0.0,0.319580078125,25.674804687500004,0.0,0.0,12.21826171875,6.516357421875001,0.695556640625,0.0,1.82958984375,0.0,30.717529296875,0.0,0.0,0.0,0.0,0.003173828125,0.0,104.45602416992188,48.33266067504883,0.0,208.0,208.0,7.516626358032227,0.99849609375,0.0770249366760253,-0.01454558968544,-0.0315449237823486,0.0844955458333579,53,P001,0.0,0.0,0.0,0.029296875,0.0,0.0,18.558837890625,0.0,0.0,0.0,0.0,0.0,0.02880859375,0.0,0.0,1.744384765625,0.0,0.0,0.0,0.0,0.0,0.0,0.0,0.0,0.0,0.0,2047,0.0844955458333579,1.0,0.915504454166642
143.567939453125,75.24852903236976,1155.2817475032568,4472,0.07341552734375,0.0,0.0,0.213623046875,0.0,0.13427734375,0.944091796875,0.0,0.361572265625,24.435791015625,0.0,0.0,13.24755859375,6.788818359375,0.764892578125,0.0,1.923095703125,0.0,31.04736328125,0.0,0.0,0.0,0.0,0.0009765625,0.0,104.27987670898438,48.30569076538086,0.0,208.0,208.0,7.517998695373535,0.99830322265625,0.0126948356628417,-0.0026738047599792,-0.0056788921356201,0.0141618466412066,54,P001,0.0,0.0,0.0,0.032958984375,0.0,0.0,18.255615234375,0.0,0.0,0.0,0.0,0.0,0.029052734375,0.0,0.0,1.8203125,0.0,0.0,0.0,0.0,0.0,0.0,0.0,0.0,0.0,0.0,2466,0.0141618466412066,1.0,0.9858381533587932
143.58165771484374,74.87541655890249,1136.6497939114513,4460,0.0725732421875,0.0,0.0,0.299560546875,0.0,0.135986328125,0.94091796875,0.0,0.370361328125,25.1943359375,0.0,0.0,13.062255859375,6.708496093749999,0.766845703125,0.0,1.8154296875,0.0,30.5986328125,0.0,0.0,0.0,0.0,0.00048828125,0.0,104.47551727294922,48.33513259887695,0.0,208.0,208.0,7.51678991317749,0.9982763671875,0.0615301132202148,-0.0141135454177856,-0.0295009613037109,0.0696810857765247,55,P001,0.0,0.0,0.0,0.034912109375,0.0,0.0,18.306640625,0.0,0.0,0.0,0.0,0.0,0.03125,0.0,0.0,1.73388671875,0.0,0.0,0.0,0.0,0.0,0.0,0.0,0.0,0.0,0.0,2103,0.0696810857765247,1.0,0.9303189142234752
142.6613671875,75.34972517968619,1143.7335562269625,4486,0.0738623046875,0.0,0.0,0.079833984375,0.0,0.147705078125,1.00341796875,0.0,0.4147949218749999,24.829345703125,0.0,0.0,13.675537109375,6.814208984375,0.80810546875,0.0,1.814208984375,0.0,30.87744140625,0.0,0.0,0.0,0.0,0.0,0.0,104.79324340820312,48.349491119384766,0.0,208.0,208.0,7.52488899230957,0.99839111328125,0.0504655838012695,-0.0129308402538299,-0.0264594554901123,0.0584301682601227,56,P001,0.0,0.0,0.0,0.037353515625,0.0,0.0,17.75634765625,0.0,0.0068359375,0.0,0.0,0.0,0.033935546875,0.0,0.0,1.700927734375,0.0,0.0,0.0,0.0,0.0,0.0,0.0,0.0,0.0,0.0,2141,0.0584301682601227,1.0,0.9415698317398772
140.39989501953124,76.78658697930508,1227.6501663041056,4543,0.07580810546875,0.0,0.0,0.0,0.0,0.162841796875,1.081787109375,0.0,0.47119140625,22.86767578125,0.0,0.0,14.823730468749998,7.149414062499999,0.823974609375,0.0,1.9912109375,0.0,32.97900390625,0.0,0.0,0.0,0.0,0.000732421875,0.0,104.15533447265624,48.33558654785156,0.0,208.0,208.0,7.539879322052002,0.9984521484375,0.0241355895996093,-0.0064950287342071,-0.0131316184997558,0.0282338712896775,57,P001,0.0,0.0,0.0,0.037353515625,0.0,0.0,15.712890625,0.0,0.058349609375,0.0,0.0,0.0,0.034423828125,0.0,0.0,1.805419921875,0.0,0.0,0.0,0.0,0.0,0.0,0.0,0.0,0.0,0.0,2301,0.0282338712896775,1.0,0.9717661287103224
137.6256689453125,76.96632461852997,1297.552214750075,4616,0.08003173828125,0.0,0.0,0.0,0.0,0.18603515625,1.202880859375,0.0,0.546875,21.898193359375,0.0,0.0,14.85546875,7.8798828125,0.632568359375,0.0,2.46826171875,0.0,37.47412109375,0.0,0.0,0.0,0.0,0.000244140625,0.0,103.13003540039062,48.764739990234375,0.0,208.0,208.0,7.558363914489746,0.9984326171875,0.0663099288940429,-0.0174061059951782,-0.0348627567291259,0.0769115791191588,58,P001,0.0,0.0,0.0,0.0400390625,0.0,0.0,10.537353515625,0.0,0.123046875,0.0,0.0,0.0,0.036865234375,0.0,0.0,2.1181640625,0.0,0.0,0.0,0.0,0.0,0.0,0.0,0.0,0.0,0.0,1829,0.0769115791191588,0.9145,0.8375884208808411
132.48494384765624,76.19880718026423,1408.6568254844608,4556,0.08632568359375,0.0,0.0,0.0,0.0,0.2470703124999999,1.450439453125,0.0,0.73876953125,20.94873046875,0.0,0.0,14.651611328125,9.3017578125,0.1767578125,0.0,3.287109375,0.0,42.69580078125,0.0,0.0,0.0,0.0,0.000244140625,0.0,100.83454132080078,49.32454299926758,0.0,208.0,208.0,7.577634811401367,0.9983447265625,0.0378637313842773,-0.0080295503139495,-0.0160613059997558,0.0419058633487337,59,P001,0.0,0.0,0.0,0.0458984375,0.0,0.0,3.566650390625,0.0,0.282958984375,0.0,0.0,0.0,0.04248046875,0.0,0.0,2.563720703125,0.0,0.0,0.0,0.0,0.0,0.0,0.0,0.0,0.0,0.0,2056,0.0419058633487337,1.0,0.9580941366512662
130.19500244140625,76.18326789110178,1463.1604770793376,4486,0.09046630859375,0.0,0.0,0.0,0.0,0.304443359375,1.620849609375,0.0,0.917724609375,19.040771484375,0.0,0.0,14.885986328125,10.280029296875,0.17236328125,0.0,3.131103515625,0.0,45.469482421875,0.0,0.0,0.0,0.0,0.000244140625,0.0,99.40921783447266,49.56195831298828,0.0,208.0,208.0,7.577052116394043,0.99825927734375,0.1145849227905273,-0.010456383228302,-0.0193061828613281,0.1166694869184024,60,P001,0.0,0.0,0.0,0.052490234375,0.0,0.0,0.871826171875,0.0,0.391357421875,0.0,0.0,0.0,0.0478515625,0.0,0.0,2.8134765625,0.0,0.0,0.0,0.0,0.0,0.0,0.0,0.0,0.0,0.0,1967,0.1166694869184024,0.9835,0.8668305130815976
129.4747900390625,77.71440386800526,1472.2423029273746,4548,0.09103759765625,0.0,0.0,0.0,0.0,0.33447265625,1.6064453125,0.0,1.01513671875,19.182373046875,0.0,0.0,15.420654296875,11.113525390625,0.1787109375,0.0,3.07470703125,0.0,43.923828125,0.0,0.0,0.0,0.0,0.000244140625,0.0,99.85484313964844,49.59590530395508,0.0,208.0,208.0,7.568361282348633,0.99832275390625,0.1361255645751953,-0.0356586575508117,-0.0245387554168701,0.1428420796076937,61,P001,0.0,0.0,0.0,0.0561523437499999,0.0,0.0,0.770751953125,0.0,0.48681640625,0.0,0.0,0.0,0.051513671875,0.0,0.0,2.78466796875,0.0,0.0,0.0,0.0,0.0,0.0,0.0,0.0,0.0,0.0,1827,0.1428420796076937,0.9135,0.7706579203923063
131.8077978515625,77.0388325168593,1464.6641244394243,4592,0.08887451171875,0.0,0.0,0.0,0.0,0.341064453125,1.482666015625,0.0,1.07275390625,20.84033203125,0.0,0.0,16.3193359375,8.142822265625,0.20458984375,0.0,3.08203125,0.0,43.226318359375,0.0,0.0,0.0,0.0,0.000244140625,0.0,101.456298828125,49.339454650878906,0.0,208.0,208.0,7.572445869445801,0.99851806640625,0.1176605224609375,-0.0348241329193115,-0.0211908817291259,0.1245221757271389,62,P001,0.0,0.0,0.0,0.058837890625,0.0,0.0,2.114501953125,0.0,0.591064453125,0.0,0.0,0.0,0.052978515625,0.0,0.0,2.470458984375,0.0,0.0,0.0,0.0,0.0,0.0,0.0,0.0,0.0,0.0,1910,0.1245221757271389,0.955,0.8304778242728611
131.18972412109375,77.15183831663884,1449.567588726515,4649,0.08523193359375,0.0,0.0,0.0,0.0,0.34033203125,1.435791015625,0.0,1.086181640625,22.8427734375,0.0,0.0,17.26806640625,8.495849609375,0.238037109375,0.0,2.265869140625,0.0,38.45166015625,0.0,0.0,0.0,0.0,0.00146484375,0.0,102.6938705444336,49.02998352050781,0.0,208.0,208.0,7.555305004119873,0.99867919921875,0.1241564750671386,-0.043221578001976,-0.0206122398376464,0.1330706561838581,63,P001,0.0,0.0,0.0,0.060791015625,0.0,0.0,4.879150390625,0.0,0.4714355468749999,0.0,0.0,0.0,0.053955078125,0.0,0.0,2.078369140625,0.0,0.0,0.0,0.0,0.0302734375,0.0,0.0,0.0,0.0,0.0,1909,0.1330706561838581,0.9545,0.8214293438161419
132.7896923828125,76.44621260777633,1481.1961889016084,4701,0.086669921875,0.0,0.0,0.0,0.0,0.355224609375,1.613525390625,0.0,1.162109375,24.2470703125,0.0,0.0,17.437744140625,7.471435546874999,0.28564453125,0.0,1.724609375,0.0,35.650390625,0.0,0.0,0.0,0.0,0.0009765625,0.0,104.19352722167967,48.85072708129883,0.0,208.0,208.0,7.559019088745117,0.9986865234375,0.0526204109191894,-0.0209286212921142,-0.008030891418457,0.0571962415851613,64,P001,0.0,0.0,0.0,0.0654296875,0.0,0.0,7.12158203125,0.0,0.422119140625,0.0,0.0,0.0,0.05712890625,0.0,0.0,1.840576171875,0.0,0.0,0.0,0.0,0.54443359375,0.0,0.0,0.0,0.0,0.0,2274,0.0571962415851613,1.0,0.9428037584148388
133.91462890625,76.40271714646205,1527.734280080795,4685,0.0862744140625,0.0,0.0,0.0,0.0,0.35107421875,1.7065429687500002,0.0,1.159912109375,25.24609375,0.0,0.0,18.01513671875,6.40283203125,0.324462890625,0.0,1.29638671875,0.0,33.2255859375,0.0,0.0,0.0,0.0,0.0,0.0,104.786376953125,48.64980316162109,0.0,208.0,208.0,7.553928375244141,0.99844970703125,0.0450015068054199,-0.0194019675254821,-0.0064620971679687,0.0494300582482601,65,P001,0.0,0.0,0.0,0.06787109375,0.0,0.0,9.707275390625,0.0,0.3759765625,0.0,0.0,0.0,0.058837890625,0.0,0.0,1.6298828125000002,0.0,0.0,0.0,0.0,0.43212890625,0.0,0.0,0.0,0.0,0.0,2362,0.0494300582482601,1.0,0.9505699417517398
134.59846435546876,76.3110729870493,1561.2704389858245,4715,0.0871826171875,0.0,0.0,0.0,0.0,0.347900390625,1.7866210937500002,0.0,1.157958984375,26.28955078125,0.0,0.0,18.36767578125,5.789306640625,0.374267578125,0.0,1.037353515625,0.0,30.18701171875,0.0,0.0,0.0,0.0,0.000244140625,0.0,105.54886627197266,48.42829513549805,0.0,208.0,208.0,7.548059463500977,0.9985546875,0.1008291244506836,-0.0499592944979667,-0.0127260684967041,0.113244850936406,66,P001,0.0,0.0,0.0,0.0703125,0.0,0.0,12.4072265625,0.0,0.33154296875,0.0,0.0,0.0,0.06103515625,0.0,0.0,1.432373046875,0.0,0.0,0.0,0.0,0.359619140625,0.0,0.0,0.0,0.0,0.0,2082,0.113244850936406,1.0,0.886755149063594
133.297685546875,76.189681486116,1608.0111995516718,4755,0.0877880859375,0.0,0.0,0.0,0.0,0.37109375,1.890380859375,0.0,1.2490234375,27.939453125000004,0.0,0.0,18.765380859375,5.251220703125,0.472900390625,0.0,0.9462890625,0.0,26.55615234375,0.0,0.0,0.0,0.0,0.000244140625,0.0,106.57019805908205,48.31078720092773,0.0,208.0,208.0,7.543983459472656,0.99850341796875,0.0960021018981933,-0.0565314479172229,-0.0097010135650634,0.1118316495303469,67,P001,0.0,0.0,0.0,0.075927734375,0.0,0.0,14.596923828125,0.0,0.3232421875,0.0,0.0,0.0,0.0654296875,0.0,0.0,1.20166015625,0.0,0.0,0.0,0.0,0.294677734375,0.0,0.0,0.0,0.0,0.0,2104,0.1118316495303469,1.0,0.8881683504696531
131.22543212890625,75.92879559284131,1660.6370349471804,4740,0.0905908203125,0.0,0.0,0.0,0.0,0.397705078125,1.96337890625,0.0,1.35986328125,29.6572265625,0.0,0.0,19.166015625,4.823486328125,0.596435546875,0.0,1.008056640625,0.0,23.280029296875,0.0,0.0,0.0,0.0,0.0,0.0,107.31137084960938,48.046180725097656,0.0,208.0,208.0,7.536521911621094,0.99853271484375,0.0379128456115722,-0.0244930647313594,-0.0032496452331542,0.045253223934244,68,P001,0.0,0.0,0.0,0.08203125,0.0,0.0,16.032470703125,0.0,0.327392578125,0.0,0.0,0.0,0.0703125,0.0,0.0,0.986083984375,0.0,0.0,0.0,0.0,0.24951171875,0.0,0.0,0.0,0.0,0.0,2464,0.045253223934244,1.0,0.954746776065756
129.94318603515626,76.18307611365036,1652.3856778926618,4755,0.09047607421875,0.0,0.0,0.0,0.0,0.404052734375,1.95947265625,0.0,1.385498046875,30.11328125,0.0,0.0,19.02734375,4.8818359375,0.630615234375,0.0,1.31005859375,0.0,22.19189453125,0.0,0.0,0.0,0.0,0.000244140625,0.0,107.31144714355467,47.871612548828125,0.0,208.0,208.0,7.534749984741211,0.9984619140625,0.0668988227844238,-0.0459876991808414,-0.0049946308135986,0.0813342935228029,69,P001,0.0,0.0,0.0,0.08154296875,0.0,0.0,16.188232421875,0.0,0.333740234375,0.0,0.0,0.0,0.070068359375,0.0,0.0,1.164794921875,0.0,0.0,0.0,0.0,0.25732421875,0.0,0.0,0.0,0.0,0.0,2161,0.0813342935228029,1.0,0.9186657064771973
125.9296044921875,75.70723889454018,1702.8064743364089,4805,0.09390625,0.0,0.0,0.0,0.0,0.448974609375,1.95849609375,0.0,1.536865234375,30.45751953125,0.0,0.0,18.732421875,5.62841796875,0.62158203125,0.0,1.947265625,0.0,23.5244140625,0.0,0.0,0.0,0.0,0.001220703125,0.0,106.77355194091795,47.69015884399414,0.0,208.0,208.0,7.534004211425781,0.99900146484375,0.1389846801757812,-0.1059142686426639,-0.007655382156372,0.1749090578032901,70,P001,0.0,0.0,0.0,0.079833984375,0.0,0.0,12.374755859375,0.0,0.364013671875,0.0,0.0,0.0,0.06884765625,0.0,0.0,1.95263671875,0.0,0.0,0.0,0.0,0.302734375,0.0,0.0,0.0,0.0,0.0,1781,0.1749090578032901,0.8905,0.7155909421967098
117.19283935546876,74.75664567287865,1823.214133287615,4887,0.10065673828125,0.0,0.0,0.0,0.0,0.626953125,2.291259765625,0.0,2.165771484375,30.038818359375004,0.0,0.0,19.01171875,6.970703125,0.723388671875,0.0,2.8125,0.0,25.131591796875004,0.0,0.0,0.0,0.0,0.00048828125,0.0,106.5035171508789,47.570274353027344,0.0,208.0,208.0,7.530272483825684,0.998671875,0.0991711616516113,-0.0835322141647338,-0.0035834312438964,0.1297127252279926,71,P001,0.0,0.0,0.0,0.091796875,0.0,0.0,6.231689453125,0.0,0.4592285156249999,0.0,0.0,0.0,0.077880859375,0.0,0.0,2.970947265625,0.0,0.0,0.0,0.0,0.395263671875,0.0,0.0,0.0,0.0,0.0,1811,0.1297127252279926,0.9055,0.7757872747720073
109.73369873046876,73.99765178615004,1955.1840134406084,4815,0.110185546875,0.0,0.0,0.0,0.0,0.90869140625,2.647705078125,0.0,3.034423828125,27.626953125,0.0,0.0,20.045166015625,8.813720703125,0.8574218749999999,0.0,3.55078125,0.0,25.9306640625,0.0,0.0,0.0,0.0,0.00048828125,0.0,104.60873413085938,47.40661239624024,0.0,208.0,208.0,7.525646209716797,0.99909423828125,0.0560765266418457,-0.0914556086063385,0.0041167736053466,0.1073575940988204,72,P001,0.0,0.0,0.0,0.1083984375,0.0,0.0,2.027099609375,0.0,0.55859375,0.0,0.0,0.0,0.091796875,0.0,0.0,3.798095703125,0.0,0.0,0.0,0.0,0.0,0.0,0.0,0.0,0.0,0.0,1939,0.1073575940988204,0.9695,0.8621424059011795
107.97633056640623,73.3828516336004,2001.2785908963144,4828,0.11576416015625,0.0,0.0,0.0,0.0,1.16357421875,3.12939453125,0.0,2.689453125,27.49072265625,0.0,0.0,20.6298828125,8.315185546875,1.082763671875,0.0,2.7734375,0.0,27.3095703125,0.0,0.0,0.0,0.0,0.000732421875,0.0,102.7511749267578,47.548526763916016,0.0,208.0,208.0,7.531821250915527,0.99900146484375,-0.0160722732543945,-0.0638070404529571,0.0151324272155761,0.0675177512389441,73,P001,0.0,0.0,0.0,0.131591796875,0.0,0.0,0.605712890625,0.0,0.655517578125,0.0,0.0,0.0,0.111572265625,0.0,0.0,3.910888671875,0.0,0.0,0.0,0.0,0.0,0.0,0.0,0.0,0.0,0.0,2253,0.0675177512389441,1.0,0.9324822487610558
106.170869140625,72.37068601555316,2059.717772753811,4861,0.12074462890625,0.0,0.0,0.0,0.0,1.167724609375,3.374755859375,0.0,2.6708984375,27.78271484375,0.0,0.0,21.727294921875,8.498291015625,1.226806640625,0.0,2.03564453125,0.0,26.638916015625004,0.0,0.0,0.0,0.0,0.00048828125,0.0,102.40808868408205,47.47478485107422,0.0,208.0,208.0,7.52871036529541,0.99904052734375,-0.024416446685791,-0.000436782836914,0.008213996887207,0.0257647703826318,74,P001,0.0,0.0,0.0,0.1474609375,0.0,0.0,0.56201171875,0.0,0.66748046875,0.0,0.0,0.0,0.122314453125,0.0,0.0,3.3771972656250004,0.0,0.0,0.0,0.0,0.0,0.0,0.0,0.0,0.0,0.0,2373,0.0257647703826318,1.0,0.974235229617368
104.8214453125,72.23906500471072,2080.6694903316256,4863,0.1217626953125,0.0,0.0,0.0,0.0,1.27392578125,3.247314453125,0.0,2.97314453125,27.8916015625,0.0,0.0,22.038330078125,8.693359375,1.210693359375,0.0,2.367919921875,0.0,25.327392578125004,0.0,0.0,0.0,0.0,0.0,0.0,102.90441131591795,47.4189567565918,0.0,208.0,208.0,7.525958061218262,0.99910400390625,-0.0273966789245605,0.007153034210205,0.009192943572998,0.0297700205919335,75,P001,0.0,0.0,0.0,0.1416015625,0.0,0.0,0.8332519531250001,0.0,0.651123046875,0.0,0.0,0.0,0.118896484375,0.0,0.0,3.2314453125000004,0.0,0.0,0.0,0.0,0.0,0.0,0.0,0.0,0.0,0.0,2326,0.0297700205919335,1.0,0.9702299794080664
104.3273193359375,72.24275067533254,2084.134502326721,4843,0.12053466796875,0.0,0.0,0.0,0.0,1.1318359375,3.0966796875,0.0,3.37890625,28.552001953125,0.0,0.0,21.977294921875,8.58203125,1.189697265625,0.0,2.79541015625,0.0,23.34716796875,0.0,0.0,0.0,0.0,0.00048828125,0.0,103.67810821533205,47.19746780395508,0.0,208.0,208.0,7.522149085998535,0.99919189453125,-0.0359106063842773,0.0166974067687988,0.0120935440063476,0.0414080771145279,76,P001,0.0,0.0,0.0,0.12939453125,0.0,0.0,1.833984375,0.0,0.611083984375,0.0,0.0,0.0,0.10888671875,0.0,0.0,3.26513671875,0.0,0.0,0.0,0.0,0.0,0.0,0.0,0.0,0.0,0.0,2214,0.0414080771145279,1.0,0.958591922885472
105.39392333984377,72.47917610887875,2076.5732530383534,4891,0.1192333984375,0.0,0.0,0.0,0.0,0.97119140625,2.8857421875,0.0,3.272216796875,29.408447265625,0.0,0.0,21.695068359375,8.25,1.125,0.0,2.92529296875,0.0,21.80224609375,0.0,0.0,0.0,0.0,0.0,0.0,104.5605239868164,47.144676208496094,0.0,208.0,208.0,7.519998550415039,0.99928955078125,-0.0312404632568359,0.0178059041500091,0.0102312564849853,0.0373857643543981,77,P001,0.0,0.0,0.0,0.11669921875,0.0,0.0,3.4260253906250004,0.0,0.583984375,0.0,0.0,0.0,0.0991210937499999,0.0,0.0,3.4389648437500004,0.0,0.0,0.0,0.0,0.0,0.0,0.0,0.0,0.0,0.0,2319,0.0373857643543981,1.0,0.962614235645602
106.32779541015626,72.87194940195944,2050.247556089109,4908,0.1179345703125,0.0,0.0,0.0,0.0,0.9013671875,2.74951171875,0.0,3.042724609375,29.31982421875,0.0,0.0,21.550537109375,8.0908203125,1.034423828125,0.0,2.885498046875,0.0,21.785888671875,0.0,0.0,0.0,0.0,0.0,0.0,105.07171630859376,47.18340301513672,0.0,208.0,208.0,7.519969940185547,0.99924072265625,-0.0268077850341796,0.0165572762489318,0.0084681510925292,0.0326268343261821,78,P001,0.0,0.0,0.0,0.110595703125,0.0,0.0,4.203857421875,0.0,0.592041015625,0.0,0.0,0.0,0.093994140625,0.0,0.0,3.638916015625,0.0,0.0,0.0,0.0,0.0,0.0,0.0,0.0,0.0,0.0,2324,0.0326268343261821,1.0,0.9673731656738178
107.43100341796875,73.02259098497647,2042.859304198736,4858,0.117412109375,0.0,0.0,0.0,0.0,0.931640625,2.701171875,0.0,3.10595703125,27.656494140625,0.0,0.0,21.6474609375,8.497802734375,0.910400390625,0.0,2.631591796875,0.0,23.763427734375,0.0,0.0,0.0,0.0,0.00146484375,0.0,105.1201400756836,47.26017761230469,0.0,208.0,208.0,7.523218154907227,0.9991845703125,-0.0243711471557617,0.0156022906303405,0.0074107646942138,0.0298714532615072,79,P001,0.0,0.0,0.0,0.1123046874999999,0.0,0.0,3.5302734375,0.0,0.638916015625,0.0,0.0,0.0,0.095947265625,0.0,0.0,3.775146484375,0.0,0.0,0.0,0.0,0.0,0.0,0.0,0.0,0.0,0.0,2379,0.0298714532615072,1.0,0.9701285467384928
108.92804931640624,73.0688172682838,1986.8804801168203,4839,0.11739990234375,0.0,0.0,0.0,0.0,1.027099609375,2.646484375,0.0,2.906494140625,25.87841796875,0.0,0.0,21.43017578125,9.053955078125,0.799560546875,0.0,2.383544921875,0.0,26.674072265625,0.0,0.0,0.0,0.0,0.001220703125,0.0,104.8255386352539,47.43769836425781,0.0,208.0,208.0,7.530117034912109,0.99916748046875,-0.0876498222351074,0.0570150315761566,0.0241339206695556,0.1073110026528523,80,P001,0.0,0.0,0.0,0.117919921875,0.0,0.0,2.34716796875,0.0,0.721435546875,0.0,0.0,0.0,0.100341796875,0.0,0.0,3.912109375,0.0,0.0,0.0,0.0,0.0,0.0,0.0,0.0,0.0,0.0,1972,0.1073110026528523,0.986,0.8786889973471477
112.774404296875,74.38929008685058,1915.5910221658648,4820,0.11274658203125,0.0,0.0,0.0,0.0,0.920654296875,2.29150390625,0.0,2.526611328125,24.462158203125,0.0,0.0,20.6357421875,8.96484375,0.626708984375,0.0,2.595947265625,0.0,29.5439453125,0.0,0.0,0.0,0.0,0.002197265625,0.0,104.75359344482422,47.64754104614258,0.0,208.0,208.0,7.534746170043945,0.998642578125,-0.1195197105407714,0.072553351521492,0.0260179042816162,0.1422177252242431,81,P001,0.0,0.0,0.0,0.107666015625,0.0,0.0,2.44677734375,0.0,0.729736328125,0.0,0.0,0.0,0.09375,0.0,0.0,4.0517578125,0.0,0.0,0.0,0.0,0.0,0.0,0.0,0.0,0.0,0.0,1843,0.1422177252242431,0.9215,0.7792822747757568
118.03711181640624,75.55197398871844,1864.1651805505517,4796,0.10862548828125,0.0,0.0,0.0,0.0,0.7099609375,2.046142578125,0.0,2.272705078125,23.5927734375,0.0,0.0,19.246337890625,8.496826171875,0.47705078125,0.0,3.2070312500000004,0.0,31.071044921875,0.0,0.0,0.0,0.0,0.002685546875,0.0,104.47314453125,47.82707977294922,0.0,208.0,208.0,7.53778076171875,0.99859619140625,-0.1949591636657714,0.1035583429038524,0.0313899517059326,0.2229769830057572,82,P001,0.0,0.0,0.0,0.087158203125,0.0,0.0,3.844482421875,0.0,0.699462890625,0.0,0.0,0.0,0.07861328125,0.0,0.0,4.167724609375,0.0,0.0,0.0,0.0,0.0,0.0,0.0,0.0,0.0,0.0,1749,0.2229769830057572,0.8745,0.6515230169942429
127.1273681640625,77.53676161893004,1771.668442219966,4744,0.1021875,0.0,0.0,0.0,0.0,0.4609375,1.7126464843750002,0.0,1.4697265625,23.4873046875,0.0,0.0,17.414306640625,7.6953125,0.33837890625,0.0,3.57568359375,0.0,31.96630859375,0.0,0.0,0.0,0.0,0.005126953125,0.0,105.04606628417967,47.92092514038086,0.0,208.0,208.0,7.544976711273193,0.9987841796875,-0.1442704200744629,0.0721038412302732,0.021928071975708,0.162769033815386,83,P001,0.0,0.0,0.0,0.064208984375,0.0,0.0,7.04638671875,0.0,0.721923828125,0.0,0.0,0.0,0.058349609375,0.0,0.0,3.9833984375,0.0,0.0,0.0,0.0,0.0,0.0,0.0,0.0,0.0,0.0,1853,0.162769033815386,0.9265,0.763730966184614
134.3449609375,78.05246014174159,1645.7324047533934,4763,0.097158203125,0.0,0.0,0.0,0.0,0.340576171875,1.5283203125,0.0,1.053955078125,24.1904296875,0.0,0.0,15.748291015624998,7.3271484375,0.27294921875,0.0,3.5068359375,0.0,31.503906250000004,0.0,0.0,0.0,0.0,0.0048828125,0.0,105.687744140625,47.92927169799805,0.0,208.0,208.0,7.545611381530762,0.99892822265625,-0.1160106658935546,0.0586623754352331,0.0210833549499511,0.131697595834988,84,P001,0.0,0.0,0.0,0.05322265625,0.0,0.0,10.06982421875,0.0,0.601806640625,0.0,0.0,0.0,0.048095703125,0.0,0.0,3.749755859375,0.0,0.0,0.0,0.0,0.0,0.0,0.0,0.0,0.0,0.0,1988,0.131697595834988,0.994,0.862302404165012
139.169853515625,78.10685728325036,1528.2738265095652,4702,0.09098876953125,0.0,0.0,0.0,0.0,0.269287109375,1.405029296875,0.0,0.8190917968749999,24.52734375,0.0,0.0,15.062744140625,6.920166015625,0.2392578125,0.0,3.21875,0.0,30.7705078125,0.0,0.0,0.0,0.0,0.004638671875,0.0,106.14143371582033,47.957157135009766,0.0,208.0,208.0,7.545312404632568,0.99868408203125,-0.0996217727661132,0.0527184605598449,0.0220804214477539,0.1148532920911432,85,P001,0.0,0.0,0.0,0.04833984375,0.0,0.0,12.832763671875,0.0,0.4492187499999999,0.0,0.0,0.0,0.04248046875,0.0,0.0,3.390380859375,0.0,0.0,0.0,0.0,0.0,0.0,0.0,0.0,0.0,0.0,2034,0.1148532920911432,1.0,0.8851467079088567
141.98144775390625,77.92519935417799,1432.0410149031638,4698,0.0872705078125,0.0,0.0,0.0,0.0,0.2268066406249999,1.26123046875,0.0,0.677734375,24.3251953125,0.0,0.0,15.20166015625,6.49853515625,0.216064453125,0.0,2.822021484375,0.0,30.250244140625,0.0,0.0,0.0,0.0,0.004150390625,0.0,106.0205535888672,47.968841552734375,0.0,208.0,208.0,7.537812232971191,0.99859375,-0.0302100181579589,0.0166392177343368,0.0074777603149414,0.035290588876393,86,P001,0.0,0.0,0.0,0.0439453125,0.0,0.0,15.191162109375,0.0,0.259521484375,0.0,0.0,0.0,0.038818359375,0.0,0.0,2.98291015625,0.0,0.0,0.0,0.0,0.0,0.0,0.0,0.0,0.0,0.0,2516,0.035290588876393,1.0,0.964709411123607
141.807822265625,77.77141878874092,1387.1239200286632,4687,0.085087890625,0.0,0.0,0.0,0.0,0.2185058593749999,1.21142578125,0.0,0.6513671875,24.28515625,0.0,0.0,15.562500000000002,6.317138671875,0.214111328125,0.0,2.588134765625,0.0,30.266357421875,0.0,0.0,0.0,0.0,0.002197265625,0.0,106.15540313720705,47.938289642333984,0.0,208.0,208.0,7.533067226409912,0.99857666015625,-0.0061430931091308,0.0034278482198715,0.0015647411346435,0.0072066740723008,87,P001,0.0,0.0,0.0,0.044189453125,0.0,0.0,15.677490234375,0.0,0.206787109375,0.0,0.0,0.0,0.0400390625,0.0,0.0,2.714599609375,0.0,0.0,0.0,0.0,0.0,0.0,0.0,0.0,0.0,0.0,2681,0.0072066740723008,1.0,0.9927933259276992
140.8974365234375,77.5244574139983,1370.1346402580675,4690,0.0847509765625,0.0,0.0,0.0,0.0,0.223876953125,1.205078125,0.0,0.66357421875,24.216552734375,0.0,0.0,15.729248046875,6.507568359375,0.21630859375,0.0,2.547119140625,0.0,31.046875,0.0,0.0,0.0,0.0,0.002197265625,0.0,106.2274398803711,47.95916748046875,0.0,208.0,208.0,7.535061836242676,0.99864990234375,-0.0095143318176269,0.0053371042013168,0.0024502277374267,0.0111808231878014,88,P001,0.0,0.0,0.0,0.04443359375,0.0,0.0,14.725830078124998,0.0,0.1962890624999999,0.0,0.0,0.0,0.0400390625,0.0,0.0,2.635009765625,0.0,0.0,0.0,0.0,0.0,0.0,0.0,0.0,0.0,0.0,2687,0.0111808231878014,1.0,0.9888191768121986
140.4159619140625,77.25490615806052,1381.9667950719595,4707,0.0858251953125,0.0,0.0,0.0,0.0,0.225830078125,1.23828125,0.0,0.674072265625,23.998779296875,0.0,0.0,15.627197265625,6.79296875,0.2109375,0.0,2.617431640625,0.0,32.01904296875,0.0,0.0,0.0,0.0,0.001708984375,0.0,105.91333770751952,48.096317291259766,0.0,208.0,208.0,7.540007591247559,0.99870849609375,-0.0577960014343261,0.0332296788692474,0.0155985355377197,0.0684682674709346,89,P001,0.0,0.0,0.0,0.044677734375,0.0,0.0,13.655517578125002,0.0,0.1904296875,0.0,0.0,0.0,0.040771484375,0.0,0.0,2.662353515625,0.0,0.0,0.0,0.0,0.0,0.0,0.0,0.0,0.0,0.0,2264,0.0684682674709346,1.0,0.9315317325290652
141.2845458984375,77.47908081731316,1363.8837115030226,4667,0.08395751953125,0.0,0.0,0.0,0.0,0.2084960937499999,1.196044921875,0.0,0.615234375,23.3388671875,0.0,0.0,15.2900390625,7.08642578125,0.195556640625,0.0,2.615478515625,0.0,32.239990234375,0.0,0.0,0.0,0.0,0.001953125,0.0,105.72216033935548,48.10127258300781,0.0,208.0,208.0,7.538264751434326,0.99850341796875,-0.0228972434997558,0.0135604888200759,0.0064907073974609,0.0273916027177303,90,P001,0.0,0.0,0.0,0.04248046875,0.0,0.0,14.381103515624998,0.0,0.0947265625,0.0,0.0,0.0,0.038330078125,0.0,0.0,2.6552734375,0.0,0.0,0.0,0.0,0.0,0.0,0.0,0.0,0.0,0.0,2557,0.0273916027177303,1.0,0.9726083972822696
141.75649169921874,77.90011140261278,1337.0410131552155,4640,0.0834130859375,0.0,0.0,0.0,0.0,0.1960449218749999,1.16552734375,0.0,0.572021484375,23.13330078125,0.0,0.0,15.04736328125,7.378417968750001,0.190673828125,0.0,2.59912109375,0.0,30.8984375,0.0,0.0,0.0,0.0,0.001708984375,0.0,105.6181182861328,48.03206253051758,0.0,208.0,208.0,7.534511089324951,0.99851318359375,-0.0508842468261718,0.0309514552354812,0.0149562358856201,0.0614075577443615,91,P001,0.0,0.0,0.0,0.041015625,0.0,0.0,16.06201171875,0.0,0.055908203125,0.0,0.0,0.0,0.037353515625,0.0,0.0,2.62109375,0.0,0.0,0.0,0.0,0.0,0.0,0.0,0.0,0.0,0.0,2350,0.0614075577443615,1.0,0.9385924422556384
141.690146484375,79.14464051743992,1303.499792858213,4641,0.0812109375,0.0,0.0,0.0,0.0,0.175048828125,1.079345703125,0.0,0.500732421875,22.66455078125,0.0,0.0,14.808593749999998,8.37060546875,0.181396484375,0.0,2.502685546875,0.0,28.2939453125,0.0,0.0,0.0,0.0,0.003662109375,0.0,105.3197250366211,48.1530876159668,0.0,208.0,208.0,7.534775733947754,0.99838623046875,-0.118901252746582,0.0710463672876358,0.0390849113464355,0.143919159615511,92,P001,0.0,0.0,0.0,0.038818359375,0.0,0.0,18.808349609375,0.0,0.0078125,0.0,0.0,0.0,0.03515625,0.0,0.0,2.529296875,0.0,0.0,0.0,0.0,0.0,0.0,0.0,0.0,0.0,0.0,1908,0.143919159615511,0.954,0.8100808403844889
142.67154541015626,78.86273237419444,1270.2809837041796,4580,0.07873046875,0.0,0.0,0.0,0.0,0.14599609375,0.938720703125,0.0,0.392822265625,22.091796875,0.0,0.0,14.362792968749998,8.1484375,0.166015625,0.0,2.30322265625,0.0,27.477294921875,0.0,0.0,0.0,0.0,0.008544921875,0.0,104.5644302368164,48.18313980102539,0.0,208.0,208.0,7.534580230712891,0.9982177734375,-0.1575732231140136,0.0795826613903045,0.0621049404144287,0.1871356306542993,93,P001,0.0,0.0,0.0,0.0341796875,0.0,0.0,21.5009765625,0.0,0.0,0.0,0.0,0.0,0.031494140625,0.0,0.0,2.397705078125,0.0,0.0,0.0,0.0,0.0,0.0,0.0,0.0,0.0,0.0,1781,0.1871356306542993,0.8905,0.7033643693457006
144.05760498046874,77.51723944805242,1247.6195904445651,4490,0.07760009765625,0.0,0.0,0.20556640625,0.0,0.121826171875,0.778564453125,0.0,0.29296875,22.2548828125,0.0,0.0,13.918701171875,7.302978515625,0.67138671875,0.0,2.095947265625,0.0,28.29248046875,0.0,0.0,0.0,0.0,0.021728515625,0.0,104.17566680908205,48.42435836791992,0.0,208.0,208.0,7.541036128997803,0.99839599609375,-0.2089438438415527,0.0731997787952423,0.0977939367294311,0.242031798646367,94,P001,0.0,0.0,0.0,0.031005859375,0.0,0.0,21.712890625,0.0,0.0,0.0,0.0,0.0,0.0283203124999999,0.0,0.0,2.270751953125,0.0,0.0,0.0,0.0,0.0,0.0,0.0,0.0,0.0,0.0,1536,0.242031798646367,0.768,0.525968201353633
146.22818603515626,73.56230909451492,1153.2964860544143,4448,0.0723681640625,0.0,0.0,0.8046875,0.0,0.1025390625,0.58984375,0.0,0.18994140625,24.1689453125,0.0,0.0,11.779052734375,6.670166015624999,0.67626953125,0.0,1.84716796875,0.0,29.851318359375,0.0,0.0,0.0,0.0,0.01806640625,0.0,104.13653564453124,48.58955383300781,0.0,208.0,208.0,7.540914058685303,0.99864990234375,-0.1813158988952636,0.0436654686927795,0.0926266908645629,0.208235040780549,95,P001,0.0,0.0,0.0,0.0283203124999999,0.0,0.0,21.12939453125,0.0,0.0,0.0,0.0,0.0,0.0263671875,0.0,0.0,2.117919921875,0.0,0.0,0.0,0.0,0.0,0.0,0.0,0.0,0.0,0.0,1553,0.208235040780549,0.7765,0.568264959219451
146.49624267578125,69.27981364478366,1088.654321168876,4428,0.06942138671875,0.0,0.0,1.38134765625,0.0,0.088623046875,0.489013671875,0.0,0.119873046875,26.113037109375,0.0,0.0,9.740478515625,6.39599609375,0.609619140625,0.0,1.675537109375,0.0,30.929931640625004,0.0,0.0,0.0,0.0,0.042724609375,0.0,104.6602020263672,48.66050338745117,0.0,208.0,208.0,7.537374496459961,0.9987158203125,-0.230473518371582,0.040357232093811,0.1210389137268066,0.2634334213592023,96,P001,0.0,0.0,0.0,0.026611328125,0.0,0.0,20.56591796875,0.0,0.0,0.0,0.0,0.0,0.0234375,0.0,0.0,1.7978515625,0.0,0.0,0.0,0.0,0.0,0.0,0.0,0.0,0.0,0.0,1461,0.2634334213592023,0.7305,0.4670665786407977
149.362587890625,64.61563308372546,1014.006240515894,4417,0.06729248046875,0.0,0.0,0.651611328125,0.0,0.06640625,0.3544921875,0.0,0.052734375,30.5966796875,0.0,0.0,7.74365234375,6.02001953125,0.522705078125,0.0,1.486328125,0.0,30.698974609375,0.0,0.0,0.0,0.0,0.09228515625,0.0,105.93390655517578,47.97739410400391,0.0,208.0,208.0,7.534646987915039,0.9990966796875,-0.1489701271057129,0.0178815722465515,0.0774475336074829,0.168848955749756,97,P001,0.0,0.0,0.0,0.021728515625,0.0,0.0,20.181640625,0.0,0.0,0.0,0.0,0.0,0.020751953125,0.0,0.0,1.489990234375,0.0,0.0,0.0,0.0,0.0,0.0,0.0,0.0,0.0,0.0,1675,0.168848955749756,0.8375,0.6686510442502439
149.93882568359376,62.4743566564443,994.111703904128,4326,0.06883056640625,0.0,0.0,0.267578125,0.0,0.04638671875,0.22705078125,0.0,0.023193359375,36.122802734375,0.0,0.0,6.793945312499999,5.872314453125,0.447265625,0.0,1.372314453125,0.0,28.811279296875,0.0,0.0,0.0,0.0,0.16845703125,0.0,107.7296905517578,48.05913543701172,0.0,208.0,208.0,7.539213180541992,0.99870361328125,-0.1965065002441406,0.0145292282104492,0.1219594478607177,0.2317326261731025,98,P001,0.0,0.0,0.0,0.020751953125,0.0,0.0,17.991455078125,0.0,0.0,0.0,0.0,0.0,0.02001953125,0.0,0.0,1.310791015625,0.0,0.0,0.07080078125,0.43359375,0.0,0.0,0.0,0.0,0.0,0.0,1208,0.2317326261731025,0.604,0.3722673738268974
155.14982666015624,60.43768332055341,716.3741200469437,3769,0.0537744140625,0.0,0.0,0.662841796875,0.0,0.01171875,0.0,0.0,0.0,49.37158203125,0.0,0.0,2.619384765625,5.658203125,0.3701171875,0.0,1.0859375,0.0,22.157958984375,0.0,0.0,0.0,0.0,0.177734375,0.0,108.5017547607422,48.31104278564453,0.0,208.0,208.0,7.546204566955566,0.99861572265625,-0.1114511489868164,0.0088165402412414,0.0885083675384521,0.1425932015091487,99,P001,0.0,0.0,0.0,0.018798828125,0.0,1.851806640625,14.877197265625,0.0,0.0,0.0,0.0,0.0,0.017333984375,0.0,0.0,1.119384765625,0.0,0.0,0.0,0.0,0.0,0.0,0.0,0.0,0.0,0.0,1114,0.1425932015091487,0.557,0.4144067984908512
156.79651611328126,57.99389715729956,611.6124487636328,3091,0.047587890625,0.0,0.0,0.9052734375,0.0,0.001220703125,0.0,0.0,0.0,52.6005859375,0.0,0.0,0.393310546875,5.626220703125,0.3408203125,0.0,0.82666015625,0.0,20.4453125,0.0,0.0,0.0,0.0,0.02294921875,0.0,106.1640853881836,49.0286750793457,0.0,208.0,208.0,7.557677268981934,0.9982421875,-0.052258014678955,0.0048965811729431,0.044980764389038,0.0691241330534514,100,P001,0.0,0.0,0.0,0.01953125,0.0,2.2646484375,13.33984375,0.0,0.0,0.0,0.0,0.0,2.226806640625,0.0,0.0,0.98681640625,0.0,0.0,0.0,0.0,0.0,0.0,0.0,0.0,0.0,0.0,1310,0.0691241330534514,0.655,0.5858758669465486
157.1367041015625,56.82432137288237,580.3787658320366,2880,0.04660888671875,0.0,0.0,0.586181640625,0.0,0.0,0.0,0.0,0.0,52.962158203125,0.0,0.0,0.0,5.693603515625,0.73876953125,0.0,0.677978515625,0.0,20.571044921875,0.0,0.0,0.0,0.0,0.0,0.0,104.9411849975586,49.12492752075195,0.0,208.0,208.0,7.566203117370605,0.9982861328125,-0.1097917556762695,0.0112765431404113,0.0986250638961792,0.1480145035738074,101,P001,0.0,0.0,0.0,1.240234375,0.0,2.24169921875,12.79248046875,0.0,0.0,0.0,0.0,0.0,1.583740234375,0.0,0.0,0.912109375,0.0,0.0,0.0,0.0,0.0,0.0,0.0,0.0,0.0,0.0,1108,0.1480145035738074,0.554,0.4059854964261926
157.5410888671875,54.476127774024725,561.4127465788783,2695,0.0449951171875,0.0,0.0,1.821533203125,0.0,0.0,0.0,0.0,0.00537109375,57.64306640625,0.0,0.001953125,0.0,5.074951171875,0.68212890625,0.0,0.30419921875,0.0,18.1533203125,0.0,0.0,0.0,0.0,0.029296875,0.0,104.22055053710938,49.198577880859375,0.0,208.0,208.0,7.569910049438477,0.998359375,-0.038576602935791,0.0042099356651306,0.0356605052947998,0.0527024618993331,102,P001,0.0,0.0,0.0,1.196044921875,0.0,2.373046875,11.044921875,0.0,0.0,0.0,0.0,0.0,0.8269042968749999,0.0,0.0,0.84326171875,0.0,0.0,0.0,0.0,0.0,0.0,0.0,0.0,0.0,0.0,1264,0.0527024618993331,0.632,0.5792975381006669
158.191435546875,53.60139183755941,546.2813725547253,2677,0.0441552734375,0.0,0.0,2.757568359375,0.0,0.0,0.0,0.0,0.0,59.4384765625,0.0,0.0,0.0,4.813720703125,0.679931640625,0.0,0.176513671875,0.0,17.080810546875,0.0,0.0,0.0,0.0,0.0,0.0,103.97543334960938,49.29790115356445,0.0,208.0,208.0,7.568970203399658,0.99823486328125,-0.0983748435974121,0.0112269520759582,0.0928869247436523,0.1357631580881355,103,P001,0.0,0.0,0.0,0.9296875,0.0,2.461181640625,10.137939453125,0.0,0.0,0.0,0.0,0.0,0.68017578125,0.0,0.0,0.843994140625,0.0,0.0,0.0,0.0,0.0,0.0,0.0,0.0,0.0,0.0,1049,0.1357631580881355,0.5245,0.3887368419118644
159.43179931640626,51.93817230343637,490.8872768566549,2348,0.04069091796875,0.0,0.0,4.44091796875,0.0,0.0,0.0,0.0,0.0,62.35302734375,0.0,0.0,0.0,4.2333984375,0.587890625,0.0,0.0,0.0,14.946533203125,0.0,0.374755859375,0.0,0.0,0.0,0.0,103.30513763427734,49.4282112121582,0.0,208.0,208.0,7.569531440734863,0.99817626953125,-0.1547884941101074,0.0191505551338195,0.1517705917358398,0.2176247554545557,104,P001,0.0,0.0,0.0,0.5625,0.0,2.64892578125,8.572998046875,0.0,0.0,0.0,0.0,0.0,0.443359375,0.0,0.0,0.8349609375000001,0.000732421875,0.0,0.0,0.0,0.0,0.0,0.0,0.0,0.0,0.0,870,0.2176247554545557,0.435,0.2173752445454442
152.5622509765625,58.38339901946373,500.1369042221071,2290,0.04497802734375,0.0,0.0,2.853515625,0.0,0.0,0.0,0.0,0.000244140625,54.153564453125,0.0,0.0,0.0,3.663818359375,0.4794921875,0.0,0.0,0.0,12.68359375,0.0,10.756591796875,0.0,0.0,0.0,0.0,102.11656188964844,49.62743377685547,0.0,208.0,208.0,7.575525283813477,0.998251953125,-0.1850080490112304,0.0288659334182739,0.1998035907745361,0.2738296828275715,105,P001,0.0,0.0,0.0,0.30029296875,0.0,2.7578125,7.031005859375,0.0,0.0,0.0,0.0,0.0,0.272705078125,0.0,0.0,0.789306640625,4.258056640625,0.0,0.0,0.0,0.0,0.0,0.0,0.0,0.0,0.0,725,0.2738296828275715,0.3625,0.0886703171724285
160.16711669921875,65.00337862490973,541.4335399532318,2609,0.0506787109375,0.0,0.0,1.091796875,0.0,0.0,0.0,0.0,0.09033203125,53.9150390625,0.0,0.03271484375,0.0,3.12841796875,0.37890625,0.0,0.0,0.0,11.1962890625,0.0,11.8056640625,0.0,0.0,1.026611328125,0.0,99.87921142578124,49.50398254394531,0.0,208.0,208.0,7.57034969329834,0.99776123046875,-0.1864862442016601,0.0155246257781982,0.1073967814445495,0.2157595929423363,106,P001,0.0,0.0,0.0,0.187744140625,0.0,2.748046875,5.517822265625,0.0,0.0,0.0,0.0,0.0,0.161376953125,0.0,0.0,0.685302734375,8.033935546875,0.0,0.0,0.0,0.0,0.0,0.0,0.0,0.0,0.0,968,0.2157595929423363,0.484,0.2682404070576636
173.21661376953125,60.62374849592778,570.116477627182,2902,0.04667236328125,0.0,0.0,0.40576171875,0.0,0.0,0.0,0.0,0.19873046875,60.637451171875,0.0,0.121337890625,0.0556640624999999,2.2998046875,0.27099609375,0.0,0.0,0.0,11.17822265625,0.0,6.235595703125,0.0,0.0,2.14990234375,0.0,98.43941497802734,49.26679992675781,0.0,208.0,208.0,7.561784744262695,0.99795654296875,-0.1287450790405273,-0.0221324563026428,0.043323278427124,0.1376301109961556,107,P001,0.0,0.0,0.0,0.12158203125,0.0,2.234375,4.34814453125,0.02978515625,0.0,0.0,0.0,0.0,0.1083984375,0.0,0.0,0.592529296875,9.01171875,0.0,0.0,0.0,0.0,0.0,0.0,0.0,0.0,0.0,1282,0.1376301109961556,0.641,0.5033698890038443
177.12379150390626,57.0326253719387,548.7092866080998,2941,0.04224853515625,0.0,0.0,0.158203125,0.0,0.0,0.0,0.0,0.273193359375,64.823974609375,0.0,0.11181640625,0.0810546875,1.8955078125,0.224853515625,0.0,0.0,0.0,11.02392578125,0.0,4.247314453125,0.0,0.0,2.14794921875,0.0,99.4744644165039,49.08380126953125,0.0,208.0,208.0,7.557332038879394,0.997998046875,-0.115328311920166,-0.0470449328422546,0.0379451513290405,0.1302062968748867,108,P001,0.0,0.0,0.0,0.09521484375,0.0,1.89404296875,3.653076171875,0.0146484375,0.0,0.0,0.0,0.0,0.084716796875,0.0,0.0,0.510498046875,8.760009765625,0.0,0.0,0.0,0.0,0.0,0.0,0.0,0.0,0.0,1256,0.1302062968748867,0.628,0.4977937031251133
180.46333984375,55.2647837419868,509.9205100272598,2803,0.03736083984375,0.0,0.0,0.0,0.0,0.0,0.0,0.0,0.257080078125,67.908447265625,0.0,0.096923828125,0.060546875,1.711669921875,0.208984375,0.0,0.0,0.0,9.933349609375,0.0,3.26416015625,0.0,0.0,2.05615234375,0.0,101.05549621582033,48.89455795288086,0.0,208.0,208.0,7.556078910827637,0.9983203125,-0.1390361785888672,-0.0932635068893432,0.0441855788230896,0.1731516850909208,109,P001,0.0,0.0,0.0,0.079345703125,0.0,1.8017578125,2.9931640625,0.0,0.0,0.0,0.0,0.0,0.072021484375,0.0,0.0,0.425537109375,9.130859375,0.0,0.0,0.0,0.0,0.0,0.0,0.0,0.0,0.0,1013,0.1731516850909208,0.5065,0.3333483149090791
180.23300537109372,54.9371889478624,516.5541107223927,2416,0.04057861328125,0.0,0.0,0.0,0.0,0.0,0.0,0.0,0.239990234375,66.001220703125,0.0,0.09033203125,0.01806640625,1.620361328125,0.3925781249999999,0.0,0.0,0.0,11.9326171875,0.0,2.43994140625,0.0,0.0,2.303955078125,0.0,102.13955688476562,48.4718132019043,0.0,208.0,208.0,7.55472469329834,0.9985791015625,-0.0954761505126953,-0.097886711359024,0.0267612338066101,0.1393329365665555,110,P001,0.0,0.0,0.0,0.066650390625,0.004638671875,1.97314453125,2.322265625,0.0,0.0,0.0,0.006103515625,0.913330078125,0.0595703125,0.0,0.0,0.333251953125,9.281982421875,0.0,0.0,0.0,0.0,0.0,0.0,0.0,0.0,0.0,992,0.1393329365665555,0.496,0.3566670634334444
177.2011572265625,58.663689339343584,551.6474223319948,2647,0.0448779296875,0.0,0.0,0.0,0.0,0.0,0.0,0.0,0.237548828125,59.6181640625,0.0,0.089599609375,0.00048828125,1.61962890625,0.6748046875,0.0,0.0,0.0,14.9345703125,0.0,1.950439453125,0.0,0.0,2.71875,0.0,105.2913589477539,48.38424682617188,0.0,208.0,208.0,7.548433780670166,0.99888916015625,-0.0356285572052001,-0.0507579147815704,0.0081671476364135,0.062549678672335,111,P001,0.0,0.0,0.0,0.06884765625,0.49853515625,2.537109375,2.012939453125,0.0,0.0,0.0,1.36376953125,2.963134765625,0.046875,0.0,0.0,0.2626953125,8.402099609375,0.0,0.0,0.0,0.0,0.0,0.0,0.0,0.0,0.0,1153,0.062549678672335,0.5765,0.5139503213276649
174.9264501953125,61.58499165276832,532.8834643537461,2620,0.0453857421875,0.0,0.0,0.0,0.0,0.0,0.0,0.0,0.23583984375,57.91064453125,0.0,0.0859375,0.003662109375,1.65869140625,0.757568359375,0.0,0.0,0.0,15.427001953125,0.0,1.677001953125,0.0,0.0,2.798583984375,0.0,107.07498931884766,48.05730819702149,0.0,208.0,208.0,7.536124229431152,0.99915283203125,-0.0049409866333007,-0.0079897940158844,0.0011032819747924,0.0094587202328127,112,P001,0.0,0.0,0.0,0.138916015625,0.72216796875,3.1328125,1.93994140625,0.0,0.0,0.0,2.044677734375,3.403564453125,0.13232421875,0.0,0.0,0.212646484375,7.718017578125,0.0,0.0,0.0,0.0,0.0,0.0,0.0,0.0,0.0,1371,0.0094587202328127,0.6855,0.6760412797671873
175.6467529296875,61.81784320864205,527.10616564939,2468,0.042685546875,0.0,0.0,0.0,0.0,0.0,0.0,0.0,0.2390136718749999,57.91015625,0.0,0.088623046875,0.006591796875,1.709716796875,0.7890625,0.0,0.0,0.0,14.71484375,0.0,1.6076660156249998,0.0,0.0,2.620849609375,0.0,107.67166137695312,47.95066452026367,0.0,208.0,208.0,7.532319068908691,0.9992041015625,-0.0127019882202148,-0.0218421220779418,0.0028910040855407,0.0254318050133451,113,P001,0.0,0.0,0.0,0.136962890625,0.76220703125,3.062255859375,1.955078125,0.0,0.0,0.0,2.701904296875,3.513671875,0.128173828125,0.0,0.0,0.2062988281249999,7.846923828125001,0.0,0.0,0.0,0.0,0.0,0.0,0.0,0.0,0.0,1191,0.0254318050133451,0.5955,0.5700681949866548
176.9184619140625,61.73766990050456,546.3666209712983,2507,0.045419921875,0.0,0.0,0.0,0.0,0.0,0.0,0.0,0.2390136718749999,58.67041015625,0.0,0.091796875,0.013671875,1.515380859375,0.65869140625,0.0,0.0,0.0,13.839599609375,0.0,1.363525390625,0.0,0.0,1.84130859375,0.0,109.14436340332033,47.63677215576172,0.0,208.0,208.0,7.527144432067871,0.99914306640625,-0.0242948532104492,-0.048279196023941,0.006262719631195,0.0544090279127862,114,P001,0.0,0.0,0.0,0.133544921875,0.7922363281250001,2.931396484375,1.990234375,0.0,0.0,0.0,4.042236328125,3.7822265625,0.119140625,0.0,0.0,0.182861328125,7.792724609375,0.0,0.0,0.0,0.0,0.0,0.0,0.0,0.0,0.0,1009,0.0544090279127862,0.5045,0.4500909720872136
178.0410986328125,61.880900644813806,536.3625873941183,2469,0.0424462890625,0.0,0.0,0.0,0.0,0.0,0.0,0.0,0.17919921875,61.07373046875,0.0,0.099365234375,0.004638671875,1.09033203125,0.66748046875,0.0,0.0,0.0,11.64599609375,0.0,0.8549804687500001,0.0,0.0,0.627685546875,0.0,112.16483306884766,46.73073196411133,0.0,208.0,208.0,7.490133285522461,0.999453125,-0.0414748191833496,-0.1164027452468872,0.0209602117538452,0.125335909475574,115,P001,0.0,0.0,0.0,0.13623046875,0.685791015625,2.9072265625,1.865966796875,0.0,0.0,0.2470703124999999,6.538818359375,4.19775390625,0.112060546875,0.61865234375,0.0,0.13427734375,6.312744140625,0.0,0.0,0.0,0.0,0.0,0.0,0.0,0.0,0.0,713,0.125335909475574,0.3565,0.2311640905244259
164.06524658203125,69.16366546334093,561.3377161983908,2344,0.03919189453125,0.0,0.0,0.0,0.0,0.0,0.0,0.0,0.033935546875,63.390625,0.0,0.008056640625,0.0,0.5224609375,0.761474609375,0.0,0.0,0.0,7.728759765625,0.0,0.15087890625,0.0,0.0,0.0,0.0,113.9327621459961,44.91937255859375,0.0,208.0,208.0,7.333040714263916,0.9994482421875,-0.0266933441162109,-0.1522091962397098,0.0640517771244049,0.1672806151137644,116,P001,0.0,0.0,0.0,0.07373046875,0.6064453125,2.06982421875,1.6481933593750002,0.0,0.0,0.408935546875,9.7177734375,4.838134765625,0.0810546875,4.7880859375,0.0,0.1513671875,3.020263671875,0.0,0.0,0.0,0.0,0.0,0.0,0.0,0.0,0.0,678,0.1672806151137644,0.339,0.1717193848862356
148.84135009765626,82.48109163427182,423.3150805553855,1849,0.030263671875,0.0,0.0,0.3916015625,0.0,0.0,0.0,0.0,0.0,62.521484375,0.0,0.0,0.0,0.0,0.73681640625,0.0,0.0,0.0,4.03125,0.0,0.0,0.0,0.0,0.0,0.0,108.35400390625,44.77582550048828,0.0,208.0,208.0,7.349427700042725,0.99990478515625,-0.0026578903198242,-0.1693847589194774,0.1382553875446319,0.2186614120513221,117,P001,0.0,0.0,0.0,0.082763671875,0.60693359375,0.0,0.0,0.0,0.0,0.43017578125,12.2939453125,5.45703125,0.094482421875,13.353515625,0.0,0.0,0.0,0.0,0.0,0.0,0.0,0.0,0.0,0.0,0.0,0.0,667,0.2186614120513221,0.3335,0.1148385879486778
139.48242919921876,74.0974394369381,398.55229793548574,1808,0.0373583984375,0.0,0.0,0.493408203125,0.0,0.0,0.0,0.0,0.0,50.433349609375,0.0,0.0,0.0,0.0,0.74267578125,0.0,0.0,0.0,2.063232421875,0.0,0.0,0.0,0.0,0.0,0.0,101.41783142089844,45.23709487915039,0.0,208.0,208.0,7.433279037475586,0.9999365234375,0.0054292678833007,-0.0964492410421371,0.0965688973665237,0.1365924045689917,118,P001,0.0,0.0,0.0,0.1052246093749999,0.65869140625,0.0,0.0,0.0,0.0,0.549560546875,15.802001953125,5.83056640625,0.121337890625,23.199951171875,0.0,0.0,0.0,0.0,0.0,0.0,0.0,0.0,0.0,0.0,0.0,0.0,732,0.1365924045689917,0.366,0.2294075954310082
186.1508911132813,52.02762152266358,591.0397569217621,3338,0.0428515625,0.0,0.0,0.0,0.0,0.0,0.0,0.0,0.098876953125,52.14013671875,0.0,0.03369140625,2.783447265625,1.280029296875,0.04931640625,0.0,0.0,0.0,3.525146484375,0.0,0.2783203125,0.0,0.0,9.134765625,0.0,97.04969787597656,47.445438385009766,0.0,208.0,208.0,7.447498798370361,0.9998486328125,-0.1776440143585205,-0.0354005098342895,-0.0262858718633651,0.1830342563389572,0,P002,0.0,0.0,0.0,0.005859375,0.0,1.13916015625,0.98193359375,0.03515625,0.0,0.0,0.0,0.0,0.04248046875,0.0,0.0,0.34033203125,28.13134765625,0.0,0.0,0.0,0.0,0.0,0.0,0.0,0.0,0.0,1263,0.1830342563389572,0.6315,0.4484657436610426
179.31588134765624,53.86928670882112,658.448126827234,3736,0.04721923828125,0.0,0.0,0.0,0.0,0.0,0.0,0.0,0.1103515624999999,53.568115234375,0.0,0.0302734375,4.029052734375,1.3125,0.0634765625,0.0,0.0,0.0,3.47216796875,0.0,0.725830078125,0.0,0.0,10.521484375,0.0,96.47638702392578,47.25619888305664,0.0,208.0,208.0,7.505010604858398,0.99891357421875,-0.1845800876617431,-0.0301762819290161,-0.0277714431285858,0.1890811196437141,1,P002,0.0,0.0,0.0,0.0537109375,0.0,0.89306640625,0.884765625,0.01953125,0.0,0.0,0.0,0.0,0.05078125,0.0,0.0,0.274658203125,23.990234375,0.0,0.0,0.0,0.0,0.0,0.0,0.0,0.0,0.0,1431,0.1890811196437141,0.7155,0.5264188803562859
173.31843017578126,57.62275243190506,734.9683081017434,3907,0.052548828125,0.0,0.0,0.0,0.0,0.0,0.0,0.0,0.096923828125,54.794189453125,0.0,0.029296875,5.1435546875,1.104248046875,0.151123046875,0.0,0.0,0.0,3.580078125,0.0,0.85107421875,0.0,0.0,11.6484375,0.0,96.1439971923828,47.15119552612305,0.0,208.0,208.0,7.470677375793457,0.9988427734375,-0.2268216609954834,-0.025861382484436,-0.0349066853523254,0.2309444818198576,2,P002,0.0,0.0,0.0,0.0419921875,0.0,0.5966796875,0.7973632812499999,0.008544921875,0.0,0.0,0.0,0.0,0.03369140625,0.0,0.0,0.223876953125,20.89892578125,0.0,0.0,0.0,0.0,0.0,0.0,0.0,0.0,0.0,1411,0.2309444818198576,0.7055,0.4745555181801424
164.236025390625,60.98789750926751,756.156736028194,4163,0.05527099609375,0.0,0.0,0.28125,0.0,0.0,0.00048828125,0.0,0.083740234375,57.458984375,0.0,0.029052734375,4.62939453125,0.9208984375,0.123291015625,0.0,0.0,0.0,3.93701171875,0.0,0.812744140625,0.0,0.0,8.30810546875,0.0,99.66194152832033,47.351322174072266,0.0,208.0,208.0,7.443320274353027,0.99970947265625,-0.3076465129852295,-0.0217671394348144,-0.0482702553272247,0.3121701504956889,3,P002,0.0,0.0,0.0,0.03076171875,0.0,0.414306640625,0.70849609375,0.001220703125,0.0,0.0,0.86767578125,0.0,0.026611328125,2.927490234375,0.0,0.182861328125,18.255615234375,0.0,0.0,0.0,0.0,0.0,0.0,0.0,0.0,0.0,1217,0.3121701504956889,0.6085,0.296329849504311
159.15530517578125,63.42619906983949,972.8693135699992,4094,0.065078125,0.0,0.730224609375,3.471923828125,0.0,0.0,1.2880859375,0.0,0.06982421875,55.53564453124999,0.0,0.026611328125,4.708984375,0.76708984375,0.096435546875,0.0,0.0,0.0,5.940673828125,0.0,0.57666015625,0.0,0.0,5.165771484375,0.0,105.4471206665039,48.0511360168457,0.0,208.0,208.0,7.435921669006348,0.99927001953125,-0.2892239093780517,-0.0141744017601013,-0.0458168089389801,0.2931732651565133,4,P002,0.0,0.0,0.0,0.02197265625,0.0,0.28857421875,0.61767578125,0.0,0.0,0.0,1.5302734375,0.0,0.4541015625,4.695068359375,0.0,0.126953125,13.450683593750002,0.0,0.0,0.0,0.0,0.436767578125,0.0,0.0,0.0,0.0,1201,0.2931732651565133,0.6005,0.3073267348434867
156.71112548828123,67.97992660444247,1333.9404940246045,4647,0.08470947265625,0.0,0.25830078125,5.654052734375,0.0,0.0,7.28271484375,0.0,0.06005859375,46.560302734375,0.0,0.026611328125,9.245361328125,0.662109375,0.079345703125,0.0,0.0,0.01708984375,5.08544921875,0.0,0.38330078125,0.0,0.0,9.05224609375,0.0,103.05333709716795,49.31999969482422,0.0,208.0,208.0,7.541306495666504,0.99828857421875,-0.2660329341888428,-0.0106589794158935,-0.0423083901405334,0.2695869725925145,5,P002,0.0,0.0,0.0,0.01904296875,0.0,3.057373046875,0.551025390625,0.0,0.0,0.0,0.450927734375,0.0,0.1826171875,1.458740234375,0.0,0.1113281249999999,9.630859375,0.0,0.0,0.0,0.0,0.171142578125,0.0,0.0,0.0,0.0,1454,0.2695869725925145,0.727,0.4574130274074854
159.10295654296874,67.55811002771367,1536.635184525275,4859,0.09768310546875,0.0,0.009765625,6.11376953125,0.0,0.0,10.562255859375,0.0,0.05224609375,41.9609375,0.0,0.025146484375,11.909912109375,0.572265625,0.06591796875,0.0,0.0,0.116943359375,5.2490234375,0.0,0.277587890625,0.0,0.0,10.922119140625,0.0,98.83807373046876,49.31781768798828,0.0,208.0,208.0,7.559939384460449,0.99805908203125,-0.3625392913818359,-0.0127289593219757,-0.0577810704708099,0.3673355636278864,6,P002,0.0,0.0,0.0,0.0139160156249999,0.0,3.3369140625,0.4880371093749999,0.0,0.0,0.0,0.04345703125,0.0,0.099365234375,0.38916015625,0.0,0.10546875,7.5986328125,0.0,0.0,0.0,0.0,0.087158203125,0.0,0.0,0.0,0.0,1524,0.3673355636278864,0.762,0.3946644363721136
170.59810546875,65.79242273974594,1400.878637357688,4946,0.08962158203125,0.0,1.05126953125,4.58349609375,0.0,0.0,10.935546875,0.0,0.04248046875,47.9013671875,0.0,0.02392578125,9.06640625,0.46630859375,0.0517578125,0.0,0.0,0.154541015625,6.743408203124999,0.0,0.18310546875,0.0,0.0,8.480712890625,0.0,93.4915542602539,48.72712707519531,0.0,208.0,208.0,7.515810012817383,0.99869384765625,-0.2706327438354492,-0.0085719227790832,-0.043197751045227,0.2741926432116658,7,P002,0.0,0.0,0.0,0.012939453125,0.0,3.78662109375,0.421630859375,0.0,0.0,0.0,0.0,0.0,0.0495605468749999,0.0,0.0,0.093994140625,5.912109375,0.0,0.0,0.0,0.0,0.038818359375,0.0,0.0,0.0,0.0,1510,0.2741926432116658,0.755,0.4808073567883342
177.06712646484374,64.08438195947248,1346.7879842094835,4868,0.08309814453125,0.0,1.45556640625,3.50146484375,0.0,0.0,7.303955078125,0.0,1.59228515625,52.944580078125,0.0,0.02294921875,8.123046875,0.3942871093749999,0.04345703125,0.0,0.0,0.1484375,8.98876953125,0.0,0.1435546875,0.0,0.0,7.3212890625,0.0,94.23291015625,47.98630905151367,0.0,208.0,208.0,7.524439334869385,0.9987109375,-0.1961451768875122,-0.0057670772075653,-0.0313392281532287,0.1987167250560244,8,P002,0.0,0.0,0.0,0.01025390625,0.0,2.285400390625,0.384521484375,0.0,0.0,0.0,0.0,0.0,0.03369140625,0.0,0.0,0.085205078125,5.19287109375,0.0,0.0,0.0,0.0,0.0244140625,0.0,0.0,0.0,0.0,1657,0.1987167250560244,0.8285,0.6297832749439756
173.26093505859376,64.56797427560626,1395.689799778724,4879,0.08232177734375,0.0,1.490234375,2.904052734375,0.0,0.0,4.63818359375,0.0,6.333007812499999,43.75830078125,0.0,0.022216796875,11.16259765625,0.357421875,0.03759765625,0.0,0.0,0.1201171875,10.93798828125,0.0,0.1225585937499999,0.0,0.0,11.31005859375,0.0,95.9839096069336,48.17096710205078,0.0,208.0,208.0,7.544166564941406,0.9985498046875,-0.2329863309860229,-0.0062418282032012,-0.0372684001922607,0.2360307702367159,9,P002,0.0,0.0,0.0,0.00927734375,0.0,1.500732421875,0.363525390625,0.0,0.0,0.0,0.0,0.0,0.02734375,0.0,0.0,0.07958984375,4.807373046875,0.0,0.0,0.0,0.0,0.017822265625,0.0,0.0,0.0,0.0,1738,0.2360307702367159,0.869,0.6329692297632841
172.898955078125,63.90795661598023,1502.0250532027246,4921,0.0858642578125,0.0,1.7866210937500002,2.3623046875,0.0,0.0,3.28662109375,0.0,8.246337890625,40.58935546875,0.0,0.02099609375,13.053466796874998,0.287353515625,0.590087890625,0.0,0.0,0.059814453125,11.019287109375,0.0,0.09765625,0.0,0.0,12.916259765624998,0.0,95.26153564453124,47.59781646728516,0.0,208.0,208.0,7.527050495147705,0.99900390625,-0.1862831115722656,-0.0041533708572387,-0.0298740267753601,0.1887090501865182,10,P002,0.0,0.0,0.0,0.008056640625,0.0,1.02099609375,0.329345703125,0.0,0.0,0.0,0.0,0.0,0.021240234375,0.0,0.0,0.071533203125,4.217041015625,0.0,0.0,0.0,0.0,0.015625,0.0,0.0,0.0,0.0,1873,0.1887090501865182,0.9365,0.7477909498134818
173.77208740234374,62.97456495861433,1554.0218686519618,4919,0.08818115234375,0.0,1.928955078125,2.056640625,0.0,0.0,2.951904296875,0.0,8.604736328125,38.7353515625,0.0,0.019775390625,14.104003906250002,0.26025390625,0.706787109375,0.0,0.0,0.080810546875,12.350341796875,0.0,0.0791015625,0.0,0.0,12.720947265624998,0.0,95.81602478027344,47.40760803222656,0.0,208.0,208.0,7.524356842041016,0.99901611328125,-0.2398030161857605,-0.0032966434955596,-0.0387516021728515,0.2429362902101863,11,P002,0.0,0.0,0.0,0.00732421875,0.0,0.813232421875,0.3046875,0.0,0.0,0.0,0.0,0.0,0.016845703125,0.0,0.0,0.064697265625,3.775390625,0.0,0.0,0.0,0.0,0.418212890625,0.0,0.0,0.0,0.0,1859,0.2429362902101863,0.9295,0.6865637097898136
173.3580126953125,63.06863244275285,1576.4712391089436,4914,0.09030029296875,0.0,1.87158203125,1.75634765625,0.0,0.0,2.994140625,0.0,8.62451171875,36.343505859375,0.0,0.0185546875,15.015380859375,0.22607421875,0.3828125,0.0,0.0,0.13525390625,14.770751953125,0.0,0.0625,0.0,0.0,12.9365234375,0.0,95.22486114501952,47.16672134399414,0.0,208.0,208.0,7.510405540466309,0.99837646484375,-0.1475952863693237,-0.0013180673122406,-0.0240634083747863,0.1495498361165735,12,P002,0.0,0.0,0.0,0.006103515625,0.0,0.69384765625,0.278076171875,0.0,0.0,0.0,0.0,0.0,0.0139160156249999,0.0,0.0,0.057373046875,3.39306640625,0.0,0.0,0.0,0.0,0.419677734375,0.0,0.0,0.0,0.0,2138,0.1495498361165735,1.0,0.8504501638834264
169.76461181640624,63.11506655383032,1624.1745011569917,4891,0.093447265625,0.0,1.398193359375,1.50732421875,0.0,0.0,3.281982421875,0.0,8.47998046875,31.577880859375,0.0,0.01953125,16.269287109375,0.216064453125,0.275634765625,0.0,0.00048828125,0.1552734375,17.40283203125,0.0,0.06005859375,0.0,0.0,13.719482421875002,0.0,96.02808380126952,46.703216552734375,0.0,208.0,208.0,7.500849723815918,0.9991552734375,-0.0657646656036377,-0.0008508265018463,-0.0106744766235351,0.0666307706610161,13,P002,0.0,0.0,0.0,0.00537109375,0.0,0.581298828125,0.280029296875,0.0,0.0,0.0,0.0,0.0,0.013427734375,0.0,0.0,0.057373046875,3.3974609375,0.0,0.0,0.0,0.0,0.28955078125,1.011474609375,0.0,0.0,0.0,2514,0.0666307706610161,1.0,0.933369229338984
167.40996826171877,63.864928302924326,1736.5168620231395,4914,0.09673583984375,0.0,0.80810546875,1.33203125,0.0,0.0,3.748779296875,0.0,8.4365234375,28.663818359375,0.0,0.022216796875,17.5634765625,0.22216796875,0.24658203125,0.0,0.001220703125,0.170166015625,19.024169921875,0.0,0.06201171875,0.0,0.0,14.50830078125,0.0,96.79733276367188,46.57869720458984,0.0,208.0,208.0,7.499789237976074,0.99943359375,-0.074631929397583,-0.0013242959976196,-0.0120224356651306,0.0756056717767743,14,P002,0.0,0.0,0.0,0.005615234375,0.0,0.558349609375,0.29736328125,0.0,0.0,0.0,0.0,0.0,0.013671875,0.0,0.0,0.059326171875,3.628662109375,0.0,0.0,0.0,0.0,0.12158203125,0.505859375,0.0,0.0,0.0,2585,0.0756056717767743,1.0,0.9243943282232256
164.71871826171875,64.73909034402622,1843.3582285569607,4947,0.100576171875,0.0,0.645751953125,1.20751953125,0.0,0.0,4.043701171875,0.0,8.504150390625,26.8642578125,0.0,0.022216796875,18.637451171875,0.2226562499999999,0.2255859375,0.0,0.002197265625,0.187744140625,19.62060546875,0.0,0.062744140625,0.0,0.0,14.416748046875,0.0,97.2925033569336,46.57082748413086,0.0,208.0,208.0,7.497395038604736,0.9993994140625,-0.0935374796390533,-0.0022584795951843,-0.0149056911468505,0.0947446064737908,15,P002,0.0,0.0,0.0,0.005615234375,0.0,0.5322265625,0.3037109375,0.0,0.0,0.0,0.0,0.0,0.012939453125,0.0,0.0,0.060546875,3.64990234375,0.0,0.0,0.0,0.0,0.068115234375,0.70361328125,0.0,0.0,0.0,2388,0.0947446064737908,1.0,0.9052553935262092
164.5542919921875,63.779893624087336,1826.701574706548,4933,0.101552734375,0.0,1.210205078125,1.269775390625,0.0,0.0,4.171630859375,0.0,8.656982421875,25.657958984375,0.0,0.02001953125,17.84814453125,0.203369140625,0.823974609375,0.0,0.003662109375,0.174072265625,18.64501953125,0.0,0.055419921875,0.0,0.0,13.9443359375,0.0,97.3861312866211,46.5137939453125,0.0,208.0,208.0,7.496606826782227,0.9990625,-0.0461933314800262,-0.0013618469238281,-0.0072920322418212,0.0467851710960138,16,P002,0.0,0.0,0.0,0.004638671875,0.0,0.504638671875,0.279541015625,0.0,0.0,0.0,0.0,0.0,0.01171875,0.0,0.0,0.055419921875,3.237060546875,0.0,0.0,0.0,0.0,0.186279296875,3.0361328125,0.0,0.0,0.0,2516,0.0467851710960138,1.0,0.9532148289039862
161.724384765625,63.95335823400241,1750.347016280747,4910,0.1000830078125,0.0,1.96728515625,1.52587890625,0.0,0.0,3.983642578125,0.0,8.879150390625,24.593505859375,0.0,0.0185546875,16.76220703125,0.19140625,1.12841796875,0.0,0.00439453125,0.167724609375,17.244384765625,0.0,0.0498046875,0.0,0.0,12.818115234375,0.0,97.74752044677734,46.41505432128906,0.0,208.0,208.0,7.489989280700684,0.99926025390625,-0.0982199907302856,-0.0034008026123046,-0.0153602957725524,0.0994719594844976,17,P002,0.0,0.0,0.0,0.0048828125,0.0,0.4833984375,0.252685546875,0.0,0.0,0.0,0.0,0.0,0.01025390625,0.0,0.0,0.0517578125,2.812255859375,0.0,0.0,0.0,0.0,0.138671875,6.911621093750001,0.0,0.0,0.0,2244,0.0994719594844976,1.0,0.9005280405155023
157.70597900390624,63.29994499616203,1675.4739467074812,4887,0.09664306640625,0.0,1.941162109375,2.408447265625,0.0,0.0,4.02978515625,0.0,9.072509765625,22.0029296875,0.0,0.017822265625,16.150390625,0.177978515625,1.27734375,0.0,0.00537109375,0.157958984375,17.06494140625,0.0,0.044189453125,0.0,0.0,11.510498046875,0.0,99.12933349609376,46.49521255493164,0.0,208.0,208.0,7.468358993530273,0.9991650390625,-0.0354424118995666,-0.0013851821422576,-0.0054967999458312,0.0358928697720071,18,P002,0.0,0.0,0.0,0.004150390625,0.0,0.397705078125,0.231689453125,0.0,0.0,0.0,0.0,0.0,0.00927734375,0.0,0.0,0.047607421875,2.45166015625,0.0,0.0,0.0,0.0,0.09521484375,10.9013671875,0.0,0.0,0.0,2934,0.0358928697720071,1.0,0.9641071302279928
156.73824462890624,62.87181976025147,1654.3248365164757,4900,0.0949462890625,0.0,1.7656249999999998,2.9521484375,0.0,0.0,4.103759765625,0.0,9.39404296875,21.30810546875,0.0,0.017578125,16.146240234375,0.175537109375,1.22607421875,0.0,0.006103515625,0.155517578125,16.67822265625,0.0,0.04345703125,0.0,0.0,11.087890625,0.0,99.61624145507812,46.59270095825195,0.0,208.0,208.0,7.452045440673828,0.99908935546875,-0.044259488582611,-0.0018379986286163,-0.0068324208259582,0.0448214518160229,19,P002,0.0,0.0,0.0,0.004150390625,0.0,0.375,0.22607421875,0.0,0.0,0.0,0.0,0.0,0.00927734375,0.0,0.0,0.047119140625,2.34814453125,0.0,0.0,0.0,0.0,0.08349609375,11.846435546875,0.0,0.0,0.0,2858,0.0448214518160229,1.0,0.9551785481839772
156.48295166015626,63.00678579354605,1657.0287792081594,4927,0.0966845703125,0.0,1.701416015625,2.96826171875,0.0,0.0,4.324951171875,0.0,9.62060546875,20.65673828125,0.0,0.017578125,16.522216796875,0.17333984375,1.61865234375,0.0,0.006103515625,0.1552734375,16.5341796875,0.0,0.042236328125,0.0,0.0,11.172119140625,0.0,99.46160888671876,46.58756637573242,0.0,208.0,208.0,7.458293914794922,0.99925537109375,-0.013194665312767,-0.00057053565979,-0.0020302534103393,0.0133621342818138,20,P002,0.0,0.0,0.0,0.00439453125,0.0,0.367919921875,0.2275390625,0.0,0.0,0.0,0.0,0.0,0.009521484375,0.0,0.0,0.047119140625,2.333251953125,0.0,0.0,0.0,0.0,0.07958984375,11.4169921875,0.0,0.0,0.0,3036,0.0133621342818138,1.0,0.9866378657181862
157.21036865234376,63.21984270103329,1693.1687616452627,4913,0.096904296875,0.0,1.7724609374999998,2.558837890625,0.0,0.0,4.402587890625,0.0,9.587646484375,20.527587890625,0.0,0.01806640625,16.92431640625,0.172119140625,1.563720703125,0.0,0.006103515625,0.157958984375,17.174072265625,0.0,0.043212890625,0.0,0.0,11.537353515625,0.0,99.0657196044922,46.56846237182617,0.0,208.0,208.0,7.468787670135498,0.999248046875,-0.0237364917993545,-0.0010491907596588,-0.0036456584930419,0.0240377342950384,21,P002,0.0,0.0,0.0,0.004150390625,0.0,0.378173828125,0.231689453125,0.0,0.0,0.0,0.0,0.0,0.0087890625,0.0,0.0,0.04736328125,2.40087890625,0.0,0.0,0.0,0.0,0.083251953125,10.399658203125,0.0,0.0,0.0,2923,0.0240377342950384,1.0,0.9759622657049616
157.625859375,63.21206730809425,1710.2557104947805,4891,0.095966796875,0.0,1.834228515625,1.98291015625,0.0,0.0,4.4169921875,0.0,9.110107421875,20.01708984375,0.0,0.01806640625,16.9833984375,0.167724609375,1.34033203125,0.0,0.00634765625,0.154541015625,18.798828125,0.0,0.042236328125,0.0,0.0,11.85302734375,0.0,99.09699249267578,46.49946212768555,0.0,208.0,208.0,7.47501277923584,0.9992822265625,-0.0310408771038055,-0.0014185309410095,-0.0047538876533508,0.0314348171495372,22,P002,0.0,0.0,0.0,0.00439453125,0.0,0.38232421875,0.233154296875,0.0,0.0,0.0,0.0,0.0,0.009033203125,0.0,0.0,0.047119140625,2.457275390625,0.0,0.0,0.0,0.0,0.082763671875,10.05810546875,0.0,0.0,0.0,2829,0.0314348171495372,1.0,0.9685651828504628
157.715654296875,62.93709973077179,1702.3834022917215,4886,0.09436279296875,0.0,1.767333984375,1.54931640625,0.0,0.0,4.376220703125,0.0,8.391357421875,19.347412109375,0.0,0.01708984375,16.83740234375,0.160888671875,1.11279296875,0.0,0.0068359375,0.1591796875,20.756103515625,0.0,0.040283203125,0.0,0.0,11.982177734375,0.0,99.22062683105467,46.42246627807617,0.0,208.0,208.0,7.476143836975098,0.99938720703125,-0.0917412526905536,-0.004484623670578,-0.0139643549919128,0.0929062565441041,23,P002,0.0,0.0,0.0,0.003662109375,0.0,0.384521484375,0.2294921875,0.0,0.0,0.0,0.0,0.0,0.00927734375,0.0,0.0,0.045654296875,2.501953125,0.0,0.0,0.0,0.0,0.08056640625,10.240478515625,0.0,0.0,0.0,2511,0.0929062565441041,1.0,0.907093743455896
156.46475830078126,62.73848183331501,1676.761896088577,4866,0.092998046875,0.0,1.6428222656250002,1.403076171875,0.0,0.0,4.494140625,0.0,7.685058593749999,18.100341796875,0.0,0.017578125,16.646484375,0.149169921875,0.8056640625,0.0,0.006591796875,0.15771484375,22.98828125,0.0,0.037353515625,0.0,0.0,11.713134765625,0.0,99.7356414794922,46.53800582885742,0.0,208.0,208.0,7.486906051635742,0.99950927734375,-0.1181693226099014,-0.0064077675342559,-0.0178021192550659,0.1196744072090086,24,P002,0.0,0.0,0.0,0.003662109375,0.0,0.357421875,0.222900390625,0.0,0.0,0.0,0.0,0.0,0.00927734375,0.0,0.0,0.04248046875,2.4267578125,0.0,0.0,0.0,0.0,0.06884765625,11.021240234375,0.0,0.0,0.0,2371,0.1196744072090086,1.0,0.8803255927909914
154.5197021484375,62.56230103856005,1685.7213410482173,4873,0.09288818359375,0.0,1.571533203125,1.552734375,0.0,0.0,4.7509765625,0.0,7.292968750000001,17.19921875,0.0,0.016845703125,16.521240234375,0.138671875,0.589599609375,0.0,0.007568359375,0.15478515625,24.35009765625,0.0,0.033935546875,0.0,0.0,11.0087890625,0.0,100.5573272705078,46.68670272827149,0.0,208.0,208.0,7.49558687210083,0.99933349609375,-0.1555580906569957,-0.009564995765686,-0.0231034159660339,0.1575549952941743,25,P002,0.0,0.0,0.0,0.00341796875,0.0,0.318603515625,0.2119140625,0.0,0.0,0.0,0.0,0.0,0.007568359375,0.0,0.0,0.040283203125,2.272705078125,0.0,0.0,0.0,0.0,0.0546875,11.90185546875,0.0,0.0,0.0,2272,0.1575549952941743,1.0,0.8424450047058256
153.31174560546876,59.75178883738389,1628.7835691908838,4885,0.0920849609375,0.0,1.32861328125,2.1552734375,0.0,0.0,5.115478515625,0.0,7.177001953125001,21.524658203125,0.0,0.01708984375,15.14794921875,0.112060546875,0.42138671875,0.0,0.0078125,0.146484375,25.046142578125004,0.0,0.031494140625,0.0,0.0,6.22314453125,0.0,100.7298355102539,47.24843978881836,0.0,208.0,208.0,7.508971691131592,0.99948486328125,-0.2483144253492355,-0.0185143947601318,-0.0359276533126831,0.2515822587592603,26,P002,0.0,0.0,0.0,0.003662109375,0.0,0.273681640625,0.1982421874999999,0.0,0.0,0.0,0.0,0.0,0.00732421875,0.0,0.0,0.037109375,2.05712890625,0.0,0.0,0.0,0.0,0.040283203125,12.927978515625,0.0,0.0,0.0,1738,0.2515822587592603,0.869,0.6174177412407397
160.38087890625,53.62834301395892,1133.5342620620488,4824,0.06740966796875,0.0,0.998291015625,3.039306640625,0.0,0.0,3.35009765625,0.0,6.7763671875,32.11865234375,0.0,0.015380859375,9.029296875,0.08837890625,0.26318359375,0.0,0.008544921875,0.139892578125,25.748291015625004,0.0,0.02587890625,0.0,0.0,2.02392578125,0.43115234375,100.18283081054688,47.88541793823242,0.0,208.0,208.0,7.527381420135498,0.999423828125,-0.3114912509918213,-0.0327715873718261,-0.0423259735107421,0.3160573751978445,27,P002,0.0,0.0,0.0,0.002685546875,0.0,0.2207031249999999,0.179443359375,0.0,0.0,0.0,0.0,0.0,0.00634765625,0.0,0.0,0.033447265625,1.7785644531249998,0.0,0.0,0.0,0.0,0.025634765625,13.696533203125,0.0,0.0,0.0,1565,0.3160573751978445,0.7825,0.4664426248021554
155.26665283203124,56.41339490999523,914.3173642451228,4547,0.0658154296875,0.0,0.740966796875,3.785400390625,0.0,0.0,2.17529296875,0.0,4.064453125,32.164306640625,0.0,0.0141601562499999,5.308837890625,0.046875,1.22998046875,0.0,0.01123046875,0.1328125,25.411376953125,0.0,8.73779296875,0.0,0.0,0.22314453125,2.31689453125,98.89590454101562,48.637733459472656,0.0,208.0,208.0,7.536069869995117,0.9973486328125,-0.2642761468887329,-0.0435554683208465,-0.0322540402412414,0.2697763587620068,28,P002,0.16845703125,0.0,0.0,0.00244140625,0.0,0.17041015625,0.158203125,0.0,0.0,0.0,0.0,0.0,0.005615234375,0.0,0.0,0.02880859375,1.50927734375,0.0,0.0,0.0,0.0,0.014892578125,11.470947265625,0.107421875,0.0,0.0,1652,0.2697763587620068,0.826,0.5562236412379931
156.72696533203126,55.91508127407572,898.5702795837819,4712,0.06457763671875,0.0,1.061767578125,4.95849609375,0.0,0.0,1.645751953125,0.0,2.6650390625,33.579833984375,0.0,0.0141601562499999,3.46484375,0.023681640625,1.144775390625,0.0,0.0107421875,0.124267578125,25.810791015625,0.0,9.9697265625,0.0,0.0,0.0617675781249999,4.202392578125,94.10337829589844,47.41857147216797,0.0,208.0,208.0,7.499173164367676,0.99924072265625,-0.1997835636138916,-0.0484673976898193,-0.0219559669494628,0.206747733757289,29,P002,0.315185546875,0.0,0.0,0.002197265625,0.1279296875,0.13916015625,0.142578125,0.0,0.0,0.0,0.0,0.0,0.004638671875,0.0,0.0,0.024658203125,1.3193359375,0.0,0.0,0.0,0.0,0.007568359375,9.056640625,0.1220703125,0.0,0.0,2075,0.206747733757289,1.0,0.793252266242711
156.5895458984375,56.562787241059695,963.517003660196,4638,0.06593994140625,0.0,2.1826171875,5.545166015625,0.0,0.0,1.333251953125,0.0,2.092041015625,32.279296875,0.0,0.014404296875,2.738037109375,0.0029296875,0.687744140625,0.0,0.009033203125,0.112060546875,26.5224609375,0.0,11.570068359375,0.0,0.0,0.022216796875,4.654541015625,96.31571197509766,47.33024597167969,0.0,208.0,208.0,7.518031120300293,0.99910888671875,-0.1115715503692627,-0.031291127204895,-0.0123109221458435,0.1165285557176216,30,P002,0.33984375,0.0,0.0,0.00244140625,1.15283203125,0.1184082031249999,0.131103515625,0.0,0.0,0.0,0.0,0.0,0.00439453125,0.0,0.0,0.020751953125,1.193359375,0.0,0.0,0.0,0.0,0.00341796875,7.15478515625,0.11279296875,0.0,0.0,2359,0.1165285557176216,1.0,0.8834714442823783
156.64638916015625,54.78793109304252,949.539725064224,4641,0.0640771484375,0.018310546875,1.881103515625,5.817626953125,0.0,0.0,1.214599609375,0.0,1.921142578125,34.11669921875,0.0,0.012939453125,2.462646484375,0.0,0.52001953125,0.0,0.009765625,0.103759765625,24.572998046875,0.0,11.527099609375,0.0,0.0,0.005126953125,5.56494140625,97.8110580444336,47.34381484985352,0.0,208.0,208.0,7.517863273620605,0.9991015625,-0.1728198528289795,-0.041696548461914,-0.022538423538208,0.1792017974827666,31,P002,0.3955078125,0.0,0.0,0.002685546875,2.151123046875,0.107421875,0.122802734375,0.0,0.0,0.0,0.0,0.0,0.004150390625,0.0,0.0,0.017578125,1.12109375,0.0,0.0,0.0,0.0,0.001953125,6.220703125,0.1062011718749999,0.0,0.0,2214,0.1792017974827666,1.0,0.8207982025172333
157.9388232421875,55.339351291369645,921.748212109542,4619,0.06153564453125,0.925537109375,1.27978515625,5.799560546875,0.0,0.0,1.045654296875,0.0,1.7160644531250002,43.97412109375,0.0,0.01220703125,2.08935546875,0.0,0.349853515625,0.0,0.009765625,0.0966796875,17.402587890625,0.0,9.411865234375,0.0,0.0,0.00146484375,6.444580078125001,98.851806640625,47.12373352050781,0.0,208.0,208.0,7.517828941345215,0.9990869140625,-0.2208075523376464,-0.0263326168060302,-0.0379102230072021,0.22558051087284,32,P002,0.38623046875,0.0,0.0,0.03857421875,2.360107421875,0.09716796875,0.1142578125,0.0,0.0,0.0,0.0,0.0,0.0166015625,0.0,0.0,0.0107421875,1.041259765625,0.0,0.0,0.0,0.0,0.001220703125,5.277587890625,0.09716796875,0.0,0.0,2027,0.22558051087284,1.0,0.77441948912716
159.87067626953126,58.25933637524938,958.9570670485496,4542,0.05843505859375,2.017822265625,0.89208984375,5.6591796875,0.0,0.0,0.8862304687499999,0.0,1.431640625,50.32226562499999,0.0,0.01220703125,1.6494140625,0.0,0.294189453125,0.0,0.00927734375,0.07568359375,11.428466796875,0.0,10.204833984375,0.0,0.0,0.000244140625,6.527099609375001,101.4112319946289,46.78581237792969,0.0,208.0,208.0,7.487311363220215,0.99901611328125,-0.2140141725540161,-0.0070127546787261,-0.0457761287689209,0.2189673463035824,33,P002,0.328857421875,0.0,0.0,0.029541015625,2.078125,0.087890625,0.10595703125,0.0,0.0,0.0,0.0,0.0,0.040771484375,0.0,0.0,0.356689453125,0.9658203125,0.0,0.0,0.0,0.0,0.0009765625,4.506591796875,0.088134765625,0.0,0.0,2007,0.2189673463035824,1.0,0.7810326536964175
161.0656640625,59.01937206588367,1020.2425829160452,4649,0.059091796875,1.853271484375,0.80224609375,5.417236328125,0.0,0.0,0.770263671875,0.0,1.2197265625,51.284423828125,0.0,0.011962890625,1.48974609375,0.0,0.2783203125,0.0,0.01025390625,0.056396484375,7.69970703125,0.0,10.732177734375,0.0,0.0,0.004638671875,6.722900390625,103.49462890625,46.767879486083984,0.0,208.0,208.0,7.492393970489502,0.99919921875,-0.2021945714950561,-0.0102796554565429,-0.0534232854843139,0.2093856811969555,34,P002,0.2998046875,0.0,0.0,0.025634765625,1.7514648437499998,0.077880859375,0.103515625,0.0,0.0,0.0,0.0,0.0,0.034423828125,0.0,0.0,4.3359375,0.91748046875,0.0,0.0,0.0,0.0,0.00146484375,4.02099609375,0.078125,0.0,0.0,2262,0.2093856811969555,1.0,0.7906143188030444
164.48105712890626,57.56010969483725,1067.345377772802,4624,0.0599560546875,1.521240234375,0.718017578125,5.242431640625,0.0,0.0,0.7333984375,0.0,1.0888671875,55.81542968749999,0.0,0.1572265625,1.467529296875,0.0,0.2099609375,0.00390625,0.0107421875,0.042724609375,5.37841796875,0.0,8.70751953125,0.0,0.0,0.000244140625,6.63427734375,105.3319854736328,46.9691047668457,0.0,208.0,208.0,7.510480880737305,0.9991796875,-0.1084616184234619,-0.0188585668802261,-0.0373495817184448,0.1162521374872539,35,P002,0.281494140625,0.0,0.0,0.0224609375,1.481201171875,0.07275390625,0.0986328125,0.0,0.0,0.1240234375,0.0,0.0,0.030517578125,0.0,0.0,5.6025390625,0.878173828125,0.0,0.0,0.0,0.0,0.0009765625,3.60595703125,0.0693359375,0.0,0.0,2508,0.1162521374872539,1.0,0.8837478625127461
165.2363525390625,56.81432677014193,1102.4847110116425,4641,0.05818359375,1.3515625,0.649658203125,5.104248046875,0.0,0.0,0.7587890625,0.0,1.05810546875,59.1904296875,0.0,0.455078125,1.5693359375,0.0,0.1689453125,0.12744140625,0.01025390625,0.0361328125,4.393798828125,0.0,7.232666015625,0.0,0.0,0.000244140625,6.420166015625001,106.6284408569336,47.19737243652344,0.0,208.0,208.0,7.519621849060059,0.99895263671875,-0.0336630344390869,-0.0108613967895507,-0.0142428874969482,0.0381317410055971,36,P002,0.274658203125,0.0,0.0,0.02099609375,1.360107421875,0.06787109375,0.09521484375,0.0,0.0,0.162841796875,0.0,0.0,0.0280761718749999,0.0,0.0,5.13916015625,0.8576660156250001,0.0,0.0,0.0,0.0,0.0009765625,3.39990234375,0.065673828125,0.0,0.0,3001,0.0381317410055971,1.0,0.9618682589944028
164.78977294921876,57.138732121002775,1141.0297823554038,4612,0.0594189453125,1.29345703125,0.611083984375,4.99853515625,0.0,0.0,0.8076171875,0.0,1.0810546875,59.35400390625,0.0,0.47705078125,1.860595703125,0.0,0.1533203125,0.259033203125,0.009521484375,0.035888671875,4.11767578125,0.0,6.971191406250001,0.0,0.0,0.0,6.639892578125001,107.48939514160156,47.24995422363281,0.0,208.0,208.0,7.519775390625,0.99923095703125,-0.0953798294067382,-0.0589121207594871,-0.053560733795166,0.1242445251699869,37,P002,0.26318359375,0.0,0.0,0.01953125,1.27734375,0.06689453125,0.090576171875,0.0,0.0,0.149169921875,0.0,0.0,0.026611328125,0.0,0.0,5.25439453125,0.8417968749999999,0.0,0.0,0.0,0.0,0.00146484375,3.2734375000000004,0.065673828125,0.0,0.0,2469,0.1242445251699869,1.0,0.875755474830013
163.0961083984375,59.52835062240669,1150.1420861597,4581,0.06087646484375,1.0908203125,0.395263671875,4.7666015625,0.0,0.0,0.878173828125,0.0,1.276611328125,59.5810546875,0.0,0.46923828125,2.07177734375,0.581787109375,0.114013671875,0.29736328125,0.0048828125,0.036865234375,3.69677734375,0.0,6.251220703125,0.0,0.0,0.0,7.41455078125,110.2392578125,47.49500274658203,0.0,208.0,208.0,7.521611213684082,0.99896728515625,-0.0286004543304443,-0.0450027082115411,-0.026207685470581,0.0594144133355354,38,P002,0.41015625,0.0,0.0,0.017578125,1.086181640625,0.0546875,0.070068359375,0.0,0.0,0.11767578125,0.0,0.0,0.02197265625,0.0,0.0,5.49267578125,0.7744140625,0.0,0.0,0.0,0.0,0.0009765625,2.965576171875,0.06103515625,0.0,0.0,2653,0.0594144133355354,1.0,0.9405855866644646
160.38693359375,62.14902974789683,1117.4384786343514,4531,0.060625,1.05517578125,0.274169921875,4.3798828125,0.0,0.087890625,0.89013671875,0.0,1.44921875,58.391845703125,0.0,0.282470703125,1.910888671875,2.6298828125,0.0981445312499999,0.270751953125,0.00146484375,0.0419921875,3.2924804687500004,0.0,6.458496093750001,0.0,0.0,0.0,7.4091796875,111.7142562866211,47.71813583374024,0.0,208.0,208.0,7.521080017089844,0.99896728515625,-0.0039756298065185,-0.0154206082224845,-0.005996823310852,0.0170165413680752,39,P002,0.4833984375,0.0,0.025390625,0.015625,1.026123046875,0.035888671875,0.0615234375,0.0,0.0,0.10693359375,0.0,0.0,0.020263671875,0.0,0.0,5.625732421875,0.74755859375,0.0,0.0,0.0,0.0,0.001220703125,2.865478515625,0.060791015625,0.0,0.0,2782,0.0170165413680752,1.0,0.9829834586319248
157.36191650390626,64.01425630354963,1086.1031649516524,4529,0.06136474609375,1.129150390625,0.2890625,3.803466796875,0.0,0.110595703125,0.911376953125,0.0,1.54443359375,57.756103515625,0.0,0.121337890625,1.905029296875,3.95703125,0.09423828125,0.279296875,0.00048828125,0.045166015625,4.252685546875,0.0,6.627197265625,0.0,0.0,0.0,6.345458984375001,112.65489959716795,47.79739761352539,0.0,208.0,208.0,7.526473999023437,0.99909912109375,0.0545489788055419,-0.0559928137809038,0.0090500116348266,0.0786936401141854,40,P002,0.47900390625,0.0,0.058349609375,0.01513671875,1.06201171875,0.03515625,0.0566406249999999,0.0,0.0,0.10791015625,0.0,0.0,0.0205078125,0.0,0.0,5.23046875,0.758056640625,0.0,0.0,0.0,0.0,0.000732421875,2.939453125,0.064453125,0.0,0.0,2305,0.0786936401141854,1.0,0.9213063598858146
155.51494873046877,63.70549466076656,1039.5019733333588,4514,0.061787109375,1.198974609375,0.317626953125,3.140625,0.0,0.10400390625,0.995361328125,0.0,1.669189453125,56.91259765625,0.0,0.01708984375,2.06787109375,3.970703125,0.0986328125,0.321044921875,0.0,0.067626953125,6.223876953125,0.0,6.85302734375,0.0,0.0,0.000244140625,4.861083984375,113.05892944335938,47.72412490844727,0.0,208.0,208.0,7.524149417877197,0.9992138671875,0.1080429553985595,-0.0216375701129436,0.0293531417846679,0.114031011502479,41,P002,0.517822265625,0.0,0.045166015625,0.016845703125,1.191162109375,0.031982421875,0.0380859375,0.0,0.0,0.12158203125,0.0,0.0,0.02197265625,0.0,0.0,5.16552734375,0.757568359375,0.0,0.0,0.0,0.0,0.00146484375,3.1994628906250004,0.07177734375,0.0,0.0,2199,0.114031011502479,1.0,0.8859689884975209
154.1263720703125,63.68184723918706,1041.8606311332646,4438,0.06277587890625,0.638427734375,0.35791015625,2.699951171875,0.0,0.002197265625,1.148193359375,0.0,1.69140625,55.770263671875,0.0,0.01171875,2.4189453125,4.14990234375,0.118896484375,0.223388671875,0.0,0.083984375,6.721923828125,0.0,7.54736328125,0.0,0.0,0.000244140625,3.932373046875,111.8949203491211,47.54451370239258,0.0,208.0,208.0,7.522024154663086,0.99905029296875,0.0195512771606445,-0.0027675256133079,0.0049430131912231,0.0203554664903868,42,P002,0.522216796875,0.0,0.0,0.01953125,1.448486328125,0.03173828125,0.031005859375,0.0,0.0,0.15283203125,0.0,0.0,0.0263671875,0.0,0.0,5.730224609375,0.7919921875,0.0,0.0,0.0,0.0,0.00146484375,3.645751953125,0.081298828125,0.0,0.0,2765,0.0203554664903868,1.0,0.9796445335096132
154.33790771484374,63.17439010357186,1042.8685567979576,4407,0.062890625,0.271240234375,0.375244140625,2.473388671875,0.0,0.0,1.2001953125,0.0,1.660888671875,55.44091796875,0.0,0.01123046875,2.5556640625,4.04150390625,0.125244140625,0.068115234375,0.0,0.08740234375,7.687744140625,0.0,7.734130859375001,0.0,0.0,0.0,3.404296875,111.47377014160156,47.48151779174805,0.0,208.0,208.0,7.519879341125488,0.9991357421875,0.0383548736572265,-0.004948541522026,0.0094203948974609,0.0398036208966111,43,P002,0.452880859375,0.0,0.0,0.019775390625,1.56396484375,0.032470703125,0.0302734375,0.0,0.0,0.165283203125,0.0,0.0,0.027099609375,0.0,0.0,5.81201171875,0.814453125,0.0,0.0,0.0,0.0,0.00146484375,3.85791015625,0.085205078125,0.0,0.0,2735,0.0398036208966111,1.0,0.960196379103389
153.891513671875,63.55793442653853,1049.6767116817473,4401,0.062919921875,0.169677734375,0.38720703125,2.427978515625,0.0,0.0,1.260009765625,0.0,1.61669921875,55.318115234375,0.0,0.011474609375,2.707763671875,4.161376953125,0.134033203125,0.020751953125,0.0,0.090087890625,7.179443359375,0.0,7.869384765625,0.0,0.0,0.0,3.27001953125,110.88062286376952,47.39947891235352,0.0,208.0,208.0,7.521152496337891,0.99928955078125,0.1118609905242919,-0.0115457102656364,0.0257985591888427,0.1153765586366398,44,P002,0.38037109375,0.0,0.0,0.021240234375,1.63037109375,0.031494140625,0.02880859375,0.0,0.0,0.154296875,0.0,0.0,0.029052734375,0.0,0.0,6.1806640625,0.822998046875,0.0,0.0,0.0,0.0,0.00146484375,4.00830078125,0.0869140625,0.0,0.0,2212,0.1153765586366398,1.0,0.8846234413633601
155.5918994140625,61.60280558594873,1028.360252970791,4286,0.06330322265625,0.12939453125,0.4013671875,2.539794921875,0.0,0.0,1.37255859375,0.0,1.60107421875,55.94360351562499,0.0,0.010986328125,2.980712890625,2.60107421875,0.162109375,0.013671875,0.0,0.1064453125,6.4560546875,0.0,7.332275390625,0.0,0.0,0.000244140625,3.5048828125,109.20703125,47.18013000488281,0.0,208.0,208.0,7.512082099914551,0.999267578125,0.1718059778213501,-0.0118635967373847,0.0358794927597045,0.1759129811679377,45,P002,0.298828125,0.0,0.0,0.0234375,1.802978515625,0.0322265625,0.022705078125,0.0,0.0,0.18359375,0.0,0.0,0.031982421875,0.0,0.0,7.305175781250001,0.8193359375,0.0,0.0,0.0,0.0,0.00146484375,4.23095703125,0.091064453125,0.0,0.0,2038,0.1759129811679377,1.0,0.8240870188320623
162.33479248046876,55.29067124382446,933.2374096130368,4311,0.05922607421875,0.07568359375,0.42431640625,2.85693359375,0.0,0.0,1.513671875,0.0,1.62646484375,55.398193359375,0.0,0.01171875,3.126708984375,0.0107421875,0.214111328125,0.0,0.0,0.11767578125,7.109375,0.0,6.090576171875,0.0,0.0,0.000244140625,4.043701171875,106.45124816894533,46.961238861083984,0.0,208.0,208.0,7.487738609313965,0.99919677734375,0.1436992883682251,-0.0059213265776634,0.0272729396820068,0.1463842915919329,46,P002,0.302734375,0.0,0.0,0.024658203125,2.08642578125,0.031494140625,0.0139160156249999,0.0,0.0,0.136962890625,0.0,0.0,0.035400390625,0.0,0.0,9.32421875,0.815185546875,0.0,0.0,0.0,0.0,0.001953125,4.509521484375,0.097412109375,0.0,0.0,2150,0.1463842915919329,1.0,0.8536157084080671
163.16583740234375,55.554250744547126,900.5938415340428,4313,0.059716796875,0.030517578125,0.60302734375,3.121337890625,0.0,0.0,1.61669921875,0.0,1.697509765625,49.927490234375,0.0,0.011962890625,3.292724609375,0.0,0.27587890625,0.0,0.0,0.128662109375,9.03515625,0.0,6.619140625,0.0,0.0,0.0,4.50341796875,103.89511108398438,46.81289291381836,0.0,208.0,208.0,7.497325897216797,0.99911376953125,0.1308484077453613,-0.0028493106365203,0.0230170488357543,0.1328879562552875,47,P002,0.315185546875,0.0,0.0,0.026611328125,2.3603515625,0.02880859375,0.007568359375,0.0,0.0,0.0,0.0,0.0,0.036865234375,0.0,0.0,10.69482421875,0.813232421875,0.0,0.0,0.0,0.0,0.001953125,4.746826171875,0.1042480468749999,0.0,0.0,2156,0.1328879562552875,1.0,0.8671120437447124
162.5648095703125,54.72069223881032,864.4048509869516,4314,0.05876953125,0.0,0.850341796875,3.29150390625,0.0,0.0,1.5981445312499998,0.0,1.868408203125,50.54296874999999,0.0,0.01220703125,3.172119140625,0.0,0.352294921875,0.0,0.0,0.13037109375,11.50927734375,0.0,6.226806640625,0.0,0.0,0.001708984375,4.16845703125,101.86802673339844,46.94330596923828,0.0,208.0,208.0,7.513114929199219,0.99914306640625,0.0855090618133544,-0.0007284134626388,0.0142129659652709,0.0866852850252139,48,P002,0.341064453125,0.0,0.0,0.02978515625,2.67236328125,0.029052734375,0.004150390625,0.0,0.0,0.0,0.0,0.0,0.040771484375,0.0,0.0,7.119140625000001,0.8203125,0.0,0.0,0.0,0.0,0.001953125,5.109130859375,0.107666015625,0.0,0.0,2308,0.0866852850252139,1.0,0.913314714974786
165.24918212890626,52.61471387156035,786.81652377069,4326,0.0538525390625,0.0,0.792724609375,3.393798828125,0.0,0.0,1.4775390625,0.0,2.016845703125,52.153076171875,0.0,0.012451171875,2.539794921875,0.0,0.4431152343749999,0.0,0.0,0.12744140625,13.230224609375,0.0,6.304443359375,0.0,0.0,0.000732421875,3.38525390625,100.53394317626952,47.21219253540039,0.0,208.0,208.0,7.515271186828613,0.99896728515625,0.1562856435775756,0.0008095130324363,0.0243815183639526,0.1581781152294414,49,P002,0.387939453125,0.0,0.0,0.0361328125,2.66796875,0.030517578125,0.0029296875,0.0,0.0,0.0,0.0,0.0,0.04833984375,0.0,0.0,4.413818359375,0.8369140625,0.0,0.0,0.0,0.0,0.00244140625,5.587890625,0.107666015625,0.0,0.0,1923,0.1581781152294414,0.9615,0.8033218847705585
163.73245849609376,53.92013726155941,807.6889427976549,4331,0.0530810546875,0.0,0.5810546875,3.231689453125,0.0,0.0,1.53857421875,0.0,2.35302734375,52.212158203125,0.0,0.0139160156249999,3.09375,0.0,0.5205078125,0.0,0.0,0.123779296875,17.272216796875,0.0,6.19189453125,0.0,0.0,0.0009765625,3.209716796875,98.3116683959961,47.473758697509766,0.0,208.0,208.0,7.526605606079102,0.99931884765625,0.1341623067855835,0.002337172627449,0.0197023153305053,0.1356214148551112,50,P002,0.4892578125,0.0,0.0,0.05029296875,1.467529296875,0.031005859375,0.001953125,0.0,0.0,0.0,0.0,0.0,0.002197265625,0.0,0.0,0.120849609375,0.882568359375,0.0,0.0,0.0,0.0,0.00244140625,6.499267578124999,0.109375,0.0,0.0,1955,0.1356214148551112,0.9775,0.8418785851448888
161.4089404296875,53.58050892507721,849.6468733283041,4306,0.05573486328125,0.0,0.624755859375,2.927734375,0.0,0.0,1.6494140625,0.0,2.616943359375,48.2197265625,0.0,0.0139160156249999,3.65576171875,0.0,0.37939453125,0.0,0.0,0.122314453125,21.916259765625,0.0,6.093017578125,0.0,0.0,0.001708984375,2.948974609375,96.3304214477539,47.85265350341797,0.0,208.0,208.0,7.532306671142578,0.999072265625,0.1862822771072387,0.0049500092864036,0.0260829925537109,0.1881645871484603,51,P002,0.57568359375,0.0,0.0,0.001220703125,0.172607421875,0.03369140625,0.00048828125,0.0,0.0,0.0,0.0,0.0,0.002685546875,0.0,0.0,0.0,0.946044921875,0.0,0.0,0.0,0.0,0.002685546875,6.982177734375,0.11279296875,0.0,0.0,1807,0.1881645871484603,0.9035,0.7153354128515397
158.21724609375,52.62882182932241,904.5473278838158,4367,0.05595458984375,0.0,0.7529296875,2.533203125,0.0,0.0,1.844482421875,0.0,3.197509765625,38.78369140625,0.0,0.015380859375,4.772705078125,0.0,0.560302734375,0.0,0.0,0.126220703125,32.10107421875,0.0,4.3935546875,0.0,0.0,0.03955078125,1.669189453125,96.69800567626952,48.37726974487305,0.0,208.0,208.0,7.535796165466309,0.9986376953125,0.1578782796859741,0.0053623169660568,0.0212341547012329,0.1593900717288345,52,P002,0.588623046875,0.0,0.0,0.000244140625,0.0,0.034912109375,0.0,0.0,0.0,0.0,0.0,0.0,0.0029296875,0.0,0.0,0.0,1.030517578125,0.0,0.0,0.0,0.0,0.003173828125,7.435302734375,0.114501953125,0.0,0.0,1710,0.1593900717288345,0.855,0.6956099282711654
159.40630615234377,52.98430413938439,994.6888424668252,4439,0.05922119140625,0.0,0.89697265625,2.13427734375,0.0,0.0,2.082763671875,0.0,4.0625,31.143310546875004,0.0,0.0146484375,6.068115234375,0.004150390625,0.795166015625,0.0,0.0,0.13525390625,39.5439453125,0.0,2.48876953125,0.0,0.0,0.191162109375,0.78076171875,97.60964965820312,48.609371185302734,0.0,208.0,208.0,7.539191722869873,0.99778564453125,0.1267665028572082,0.0049114972352981,0.016597032546997,0.1279426845939423,53,P002,0.63330078125,0.0,0.0,0.0,0.0,0.033203125,0.0,0.0,0.0,0.0,0.0,0.0,0.00390625,0.0,0.0,0.0,1.10595703125,0.0,0.0,0.0,0.0,0.00390625,7.762451171875,0.115478515625,0.0,0.0,1795,0.1279426845939423,0.8975,0.7695573154060577
156.951630859375,53.98428771046185,1105.286918933773,4489,0.06454833984375,0.0,1.0146484375,1.958251953125,0.0,0.0,2.416748046875,0.0,5.163818359375,29.086669921875004,0.0,0.0139160156249999,7.679443359375,0.008544921875,1.093017578125,0.0,0.0,0.140380859375,39.7451171875,0.0,0.7529296875,0.0,0.0,0.270263671875,0.578369140625,98.92010498046876,48.82904815673828,0.0,208.0,208.0,7.547336578369141,0.99791748046875,0.0385535955429077,0.0015852972865104,0.0049792528152465,0.0389061159121656,54,P002,0.710205078125,0.0,0.0,0.0,0.0,0.033935546875,0.0,0.0,0.0,0.0,0.0,0.0,0.00390625,0.0,0.0,0.0,1.14306640625,0.0,0.0,0.0,0.0,0.004150390625,8.079833984375,0.102783203125,0.0,0.0,2240,0.0389061159121656,1.0,0.9610938840878344
153.57583740234375,55.4910439850936,1158.491467277855,4515,0.06791015625,0.0,1.019287109375,2.24267578125,0.0,0.0,2.530517578125,0.0,5.350830078125,27.286376953125004,0.0,0.012451171875,8.65625,0.00732421875,1.239501953125,0.0,0.0,0.14404296875,39.80224609375,0.0,0.065673828125,0.0,0.0,0.331787109375,1.060302734375,98.72035217285156,49.01629638671875,0.0,208.0,208.0,7.549327850341797,0.997734375,0.0163891911506652,0.0006854012608528,0.002108097076416,0.0165384229824072,55,P002,0.791015625,0.0,0.0,0.0,0.0,0.03173828125,0.0,0.0,0.0,0.0,0.0,0.0,0.004150390625,0.0,0.0,0.0,1.115966796875,0.0,0.0,0.0,0.0,0.00390625,8.202880859375,0.1010742187499999,0.0,0.0,2450,0.0165384229824072,1.0,0.9834615770175928
151.0372021484375,56.12604004277305,1200.9679637269735,4545,0.067490234375,0.0,0.9912109375,2.662109375,0.0,0.0,2.4990234375,0.0,5.31103515625,25.956787109375,0.0,0.01220703125,9.2109375,0.00732421875,1.35205078125,0.0,0.0,0.145751953125,39.428955078125,0.0,0.0,0.0,0.0,0.404052734375,1.7941894531249998,98.47335815429688,49.1860466003418,0.0,208.0,208.0,7.549323081970215,0.99764404296875,0.0952885150909423,0.0041148588061332,0.0121599435806274,0.0961493494471762,56,P002,0.76123046875,0.0,0.0,0.0,0.0,0.02978515625,0.0,0.0,0.0,0.0,0.0,0.0,0.00390625,0.0,0.0,0.0,1.078369140625,0.0,0.0,0.0,0.0,0.004150390625,8.322021484375,0.02490234375,0.0,0.0,2050,0.0961493494471762,1.0,0.9038506505528238
147.83400390625,57.02147393937423,1268.3337988509593,4530,0.06999267578125,0.0,1.056396484375,2.79443359375,0.0,0.0,2.6220703125,0.0,5.275146484375,24.404541015625,0.0,0.01123046875,10.191650390625,0.007568359375,1.938720703125,0.0,0.0,0.1376953125,38.153076171875,0.0,0.0,0.0,0.0,0.7578125,1.89111328125,99.7760772705078,49.36423110961914,0.0,208.0,208.0,7.559561729431152,0.99763671875,0.0363965034484863,0.0016253069043159,0.0046048760414123,0.0367226356511303,57,P002,0.789306640625,0.0,0.0,0.0,0.0,0.0278320312499999,0.0,0.0,0.0,0.0,0.0,0.0,0.004638671875,0.0,0.0,0.0,1.089111328125,0.0,0.0,0.0,0.0,0.00439453125,8.822265625,0.02099609375,0.0,0.0,2417,0.0367226356511303,1.0,0.9632773643488696
148.14806884765625,57.16549193948006,1304.3667792266608,4514,0.0725390625,0.0,1.126708984375,2.46728515625,0.0,0.0,2.685546875,0.0,5.359130859375,24.5087890625,0.0,0.0107421875,10.5498046875,0.00927734375,2.08642578125,0.0,0.0,0.1337890625,38.10595703125,0.0,0.0,0.0,0.0,0.785888671875,1.210693359375,100.21087646484376,49.18605422973633,0.0,208.0,208.0,7.560771942138672,0.998203125,0.0973138213157653,0.0044685006141662,0.0122190117835998,0.0981796901898924,58,P002,0.83154296875,0.0,0.0,0.0,0.0,0.029052734375,0.0,0.0,0.0,0.0,0.0,0.0,0.004638671875,0.0,0.0,0.0,1.1279296875,0.0,0.0,0.0,0.0,0.00439453125,8.939697265625,0.022705078125,0.0,0.0,1973,0.0981796901898924,0.9865,0.8883203098101076
148.52512939453126,57.21672548437349,1375.957282805538,4539,0.07517333984375,0.0,1.274169921875,1.922607421875,0.0,0.0,2.884521484375,0.0,5.410888671875,24.1083984375,0.0,0.009765625,11.5205078125,0.014404296875,1.7770996093750002,0.0,0.0,0.123779296875,37.976806640625,0.0,0.0,0.0,0.0,1.02880859375,0.435791015625,100.7230453491211,48.93806457519531,0.0,208.0,208.0,7.557201385498047,0.99853515625,0.0167935490608215,0.0007866621017456,0.0020964741706848,0.0169421761078348,59,P002,0.802001953125,0.0,0.0,0.0,0.0,0.02685546875,0.0,0.0,0.0,0.0,0.0,0.0,0.0048828125,0.0,0.0,0.0,1.193115234375,0.0,0.0,0.0,0.0,0.005126953125,9.451416015625,0.029052734375,0.0,0.0,2571,0.0169421761078348,1.0,0.9830578238921652
147.97119873046876,57.50290187207538,1374.8311619451288,4542,0.074189453125,0.0,1.25439453125,2.044921875,0.0,0.0,2.8984375,0.0,5.481201171875,23.951416015625,0.0,0.00927734375,11.728271484375,0.014892578125,1.453125,0.0,0.0,0.120849609375,37.655517578125,0.0,0.0,0.0,0.0,1.09375,0.587890625,100.7939453125,48.905609130859375,0.0,208.0,208.0,7.556527614593506,0.99848876953125,0.0414098799228668,0.0019536614418029,0.0051596164703369,0.0417757895242736,60,P002,0.761962890625,0.0,0.0,0.0,0.0,0.025146484375,0.0,0.0,0.0,0.0,0.0,0.0,0.004638671875,0.0,0.0,0.0,1.178955078125,0.0,0.0,0.0,0.0,0.004638671875,9.702392578125,0.0283203124999999,0.0,0.0,2251,0.0417757895242736,1.0,0.9582242104757264
142.95318603515625,58.97228181788597,1388.0214283432006,4531,0.07421875,0.0,1.13037109375,3.0615234375,0.0,0.0,2.67333984375,0.0,5.37109375,22.207275390625,0.0,0.0078125,11.91455078125,0.0166015625,0.384765625,0.0,0.0,0.115966796875,36.751708984375,0.0,0.0,0.0,0.0,1.57763671875,2.510009765625,101.9541015625,49.11663055419922,0.0,208.0,208.0,7.564671993255615,0.9986669921875,0.0289398431777954,0.0013728737831115,0.0036022067070007,0.0291954653797418,61,P002,0.78369140625,0.0,0.0,0.0,0.0,0.02197265625,0.0,0.0,0.0,0.0,0.0,0.0,0.004638671875,0.0,0.0,0.0,1.080810546875,0.0,0.0,0.0,0.0,0.00439453125,10.3515625,0.0302734375,0.0,0.0,2142,0.0291954653797418,1.0,0.970804534620258
141.069111328125,57.8246613812714,1293.7719360301437,4517,0.0711669921875,0.0,0.989990234375,4.2958984375,0.0,0.0,2.3994140625,0.0,5.215087890625,22.006103515625,0.0,0.006103515625,10.474609375,0.016357421875,0.405029296875,0.0,0.0,0.118896484375,33.7646484375,0.0,0.0,0.0,0.0,1.463134765625,5.630859375,104.9194793701172,49.37344741821289,0.0,208.0,208.0,7.553668975830078,0.99882080078125,0.0471517741680145,0.0022357180714607,0.0058755278587341,0.0475690032490198,62,P002,0.72607421875,0.0,0.0,0.108642578125,0.425537109375,0.01904296875,0.0,0.0,0.0,0.0,0.0,0.0,0.0048828125,0.0,0.0,0.0,0.99169921875,0.0,0.0,0.0,0.0,0.004638671875,10.9052734375,0.0280761718749999,0.0,0.0,2146,0.0475690032490198,1.0,0.9524309967509802
140.46400634765624,57.52063894509782,1210.218203120327,4488,0.07026611328125,0.0,0.980712890625,5.8564453125,0.0,0.0,2.324462890625,0.0,5.0263671875,22.5205078125,0.0,0.005615234375,9.41748046875,0.016845703125,0.473388671875,0.0,0.0,0.1184082031249999,30.31689453125,0.0,0.0,0.0,0.0,0.990234375,6.228271484375,107.49602508544922,49.50112533569336,0.0,208.0,208.0,7.4843902587890625,0.99880859375,0.1102975606918335,0.004994124174118,0.0136762261390686,0.111254358711208,63,P002,0.64697265625,0.0,0.0,0.085693359375,2.86572265625,0.016357421875,0.0,0.0,0.0,0.0,0.0,0.0,0.047119140625,0.0,0.0,0.0,0.95556640625,0.0,0.0,0.0,0.0,0.004638671875,11.083251953125,0.01904296875,0.0,0.0,1920,0.111254358711208,0.96,0.8487456412887919
138.4157958984375,57.71433257071715,1213.6784937179027,4435,0.0712548828125,0.0,1.137939453125,6.597167968750001,0.0,0.0,2.286376953125,0.0,4.990478515625,22.82421875,0.0,0.002685546875,9.13134765625,0.015869140625,0.63671875,0.0,0.0,0.1123046874999999,27.47705078125,0.0,0.0,0.0,0.0,1.113525390625,6.897216796875,108.39205932617188,49.12514114379883,0.0,208.0,208.0,7.505749702453613,0.9988525390625,0.0256550461053848,0.0009614527225494,0.0031123757362365,0.025861025979853,64,P002,0.693115234375,0.0,0.0,0.093994140625,3.093505859375,0.012939453125,0.0,0.0,0.0,0.0,0.0,0.0,0.00537109375,0.0,0.0,0.0,0.959228515625,0.0,0.0,0.0,0.0,0.00537109375,11.91015625,0.00341796875,0.0,0.0,2466,0.025861025979853,1.0,0.9741389740201468
137.33501953125,58.16224855045523,1252.6188665462496,4448,0.07215576171875,0.0,1.097900390625,6.62109375,0.0,0.0,2.3203125,0.0,4.993896484375,22.77587890625,0.0,0.00244140625,9.48193359375,0.01611328125,0.684814453125,0.0,0.0,0.114990234375,26.90234375,0.0,0.0,0.0,0.0,1.181884765625,7.02490234375,108.21851348876952,49.071075439453125,0.0,208.0,208.0,7.50484561920166,0.99885009765625,0.1115566343069076,-0.013299249112606,0.0076208114624023,0.1126047487994612,65,P002,0.731689453125,0.0,0.0,0.101806640625,2.62548828125,0.01171875,0.0,0.0,0.0,0.0,0.0,0.0,0.005615234375,0.0,0.0,0.0,0.95654296875,0.0,0.0,0.0,0.0,0.00537109375,12.339599609375,0.003662109375,0.0,0.0,1792,0.1126047487994612,0.896,0.7833952512005388
135.51984619140626,57.98059541774191,1245.5203709960936,4423,0.071865234375,0.0,1.1171875,5.673828125,0.0,0.0,2.3583984375,0.0,4.72705078125,22.951904296875,0.0,0.0,9.450927734375,0.0078125,0.8583984374999999,0.0,0.0,0.112060546875,27.291992187500004,0.0,0.0,0.0,0.0,1.267333984375,7.417724609375,107.56751251220705,48.793731689453125,0.0,208.0,208.0,7.431942939758301,0.9987451171875,0.092878945171833,-0.0183033570647239,0.0071347951889038,0.0949337486801124,66,P002,0.767578125,0.0,0.0,0.119873046875,1.01611328125,0.001220703125,0.0,0.0,0.0,0.0,0.0,0.0,0.00634765625,0.0,0.0,0.0,0.917724609375,0.0,0.0,0.0,0.0,0.006103515625,13.925537109375,0.0048828125,0.0,0.0,1786,0.0949337486801124,0.893,0.7980662513198875
134.930068359375,57.299645864579865,1202.9386861388923,4369,0.06953125,0.0,1.321044921875,5.11083984375,0.0,0.0,2.38818359375,0.0,4.314453125,23.138427734375,0.0,0.0,8.663330078125,0.000732421875,0.99853515625,0.0,0.0,0.11865234375,28.970703125000004,0.0,0.0,0.0,0.0,1.189697265625,7.283447265625,107.01378631591795,48.36396026611328,0.0,208.0,208.0,7.355266571044922,0.99880859375,0.0656048543751239,-0.0041108354926109,0.0105511546134948,0.066574940853946,67,P002,0.8291015625,0.0,0.0,0.1337890625,0.0278320312499999,0.0,0.0,0.0,0.0,0.0,0.0,0.0,0.007568359375,0.0,0.0,0.0,0.8623046875,0.0,0.0,0.0,0.0,0.0070800781249999,14.627685546875,0.006591796875,0.0,0.0,1918,0.066574940853946,0.959,0.892425059146054
135.7524658203125,57.01141809529154,1153.159831539816,4336,0.065185546875,0.0,1.57275390625,4.11328125,0.0,0.0,2.41015625,0.0,3.96484375,23.579833984375,0.0,0.0,7.851806640625,0.0,1.085205078125,0.0,0.0,0.115478515625,31.024658203125,0.0,0.0,0.0,0.0,1.200927734375,6.100830078125,106.5333023071289,48.245513916015625,0.0,208.0,208.0,7.448083877563477,0.9989404296875,0.1493430323898792,0.0080738291144371,0.0348889827728271,0.1535765905302506,68,P002,0.87646484375,0.0,0.0,0.166748046875,0.0,0.0,0.0,0.0,0.0,0.0,0.0,0.0,0.008056640625,0.0,0.0,0.0,0.86865234375,0.0,0.0,0.0,0.0,0.007568359375,15.04443359375,0.00830078125,0.0,0.0,1571,0.1535765905302506,0.7855,0.6319234094697493
134.3916455078125,57.93272749969591,1169.94782409277,4313,0.06413330078125,0.0,1.99462890625,3.021728515625,0.0,0.0,2.601318359375,0.0,3.5595703125000004,23.97509765625,0.0,0.0,7.583007812500001,0.0,1.553466796875,0.0,0.0,0.090576171875,30.888427734375,0.0,0.0,0.0,0.0,1.556396484375,4.371826171875,105.88880920410156,47.78979110717773,0.0,208.0,208.0,7.453100204467773,0.9973876953125,0.1106096655130386,0.0155443176627159,0.0317132472991943,0.1161113860513497,69,P002,0.90478515625,0.0,0.0,0.0,0.0,0.0,0.0,0.0,0.0,0.0,0.0,0.0,0.00927734375,0.0,0.0,0.0,0.869140625,0.0,0.0,0.0,0.0,0.0087890625,16.999267578125,0.0126953125,0.0,0.0,1651,0.1161113860513497,0.8255,0.7093886139486503
135.6401806640625,58.867012195049,1186.7619436921836,4324,0.0647607421875,0.0,2.29541015625,2.412353515625,0.0,0.0,2.794189453125,0.0,3.4443359375000004,23.591064453125,0.0,0.0,8.3203125,0.0,1.268310546875,0.0,0.0,0.082763671875,29.927734375,0.0,0.0,0.0,0.0,2.56396484375,2.441650390625,107.9599380493164,46.92658233642578,0.0,208.0,208.0,7.466865539550781,0.999326171875,0.1108435094356536,0.0232627838850021,0.0363911390304565,0.1189611520540473,70,P002,0.829345703125,0.0,0.0,0.0,0.0,0.0,0.0,0.0,0.0,0.0,0.0,0.0,0.010009765625,0.0,0.0,0.0,0.89013671875,0.0,0.0,0.0,0.0,0.01025390625,19.102783203125,0.015380859375,0.0,0.0,1717,0.1189611520540473,0.8585,0.7395388479459527
141.09181640625,57.70278070251234,1232.8299432103097,4406,0.0691748046875,0.0,2.55615234375,2.05615234375,0.0,0.0,2.923095703125,0.0,3.48974609375,21.93798828125,0.0,0.0,9.633544921875,0.0,1.2861328125,0.0,0.0,0.073486328125,27.0087890625,0.0,0.0,0.0,0.0,4.268310546875,0.60009765625,104.5954132080078,46.32870101928711,0.0,208.0,208.0,7.429408550262451,0.9993408203125,0.167676568031311,0.0590654755942523,0.0632418990135192,0.1886894264784603,71,P002,0.714599609375,0.0,0.0,0.0,0.0,0.0,0.0,0.0,0.0,0.0,0.0,0.0,0.010498046875,0.0,0.0,0.0,0.95068359375,0.0,0.0,0.0,0.0,0.01025390625,22.46240234375,0.01806640625,0.0,0.0,1590,0.1886894264784603,0.795,0.6063105735215397
147.6540625,57.83025441144946,1292.9435423259674,4602,0.071923828125,0.0,2.953369140625,1.740966796875,0.0,0.0,3.059814453125,0.0,3.17138671875,18.568115234375,0.0,0.0,10.69970703125,0.00390625,0.326416015625,0.0,0.0,0.070068359375,22.791259765625,0.0,0.0,0.0,0.0,6.416015625,0.0,98.82117462158205,46.06353759765625,0.0,208.0,208.0,7.465001106262207,0.999404296875,0.1538782715797424,0.0864277635701,0.0387443304061889,0.1806914605583839,72,P002,0.0,0.0,0.0,0.0,0.0,0.0,0.0,0.0,0.0,0.0,0.0,0.0,0.0107421875,0.0,0.0,0.0,1.315185546875,0.0,0.0,0.0,0.0,0.010986328125,28.839599609375,0.0224609375,0.0,0.0,1725,0.1806914605583839,0.8625,0.6818085394416161
153.53820556640625,58.70556040581895,1397.2115845641138,4653,0.07840087890625,0.0,3.031005859375,1.6428222656250002,0.0,0.0,3.306884765625,0.0,3.722900390625,19.509521484375,0.0,0.0185546875,11.06787109375,0.09521484375,0.22705078125,0.0,0.0,0.06591796875,19.392578125,0.0,0.0,0.0,0.0,7.947021484375,0.0,94.2715301513672,46.63638687133789,0.0,208.0,208.0,7.479442596435547,0.999638671875,0.111824095249176,0.0734883472323417,0.0063013434410095,0.133958472618941,73,P002,0.0,0.0,0.0,0.00390625,0.0,0.233154296875,0.038330078125,0.0,0.0,0.0,0.0,0.0,0.015380859375,0.0,0.0,0.0,2.216064453125,0.0,0.0,0.0,0.0,0.011962890625,27.432373046875004,0.021484375,0.0,0.0,1941,0.133958472618941,0.9705,0.836541527381059
159.495478515625,58.118477238726456,1455.2310103375848,4729,0.08167724609375,0.0,2.599609375,1.848388671875,0.0,0.0,3.611328125,0.0,4.151611328125,22.4619140625,0.0,0.017822265625,11.01220703125,0.190673828125,0.302734375,0.0,0.0,0.068115234375,17.604248046875,0.0,0.007568359375,0.0,0.0,8.674072265625,0.0,91.27375793457033,47.25660705566406,0.0,208.0,208.0,7.499408721923828,0.99935302734375,0.1080687046051025,0.0757154524326324,-0.0049880743026733,0.1320475502890989,74,P002,0.0,0.0,0.0,0.004150390625,0.0,0.600341796875,0.22509765625,0.0,0.0,0.0,0.0,0.0,0.01611328125,0.0,0.0,0.012451171875,3.0927734375,0.0,0.0,0.0,0.0,0.0141601562499999,23.46728515625,0.017333984375,0.0,0.0,2102,0.1320475502890989,1.0,0.867952449710901
168.11088623046874,57.91575362721905,1420.7084545507369,4761,0.08287353515625,0.0,1.990966796875,1.928955078125,0.0,0.0,3.88037109375,0.0,4.572265625,29.705322265625,0.0,0.02001953125,11.03857421875,0.202880859375,0.380859375,0.0,0.0,0.06591796875,15.730712890625002,0.0,0.02490234375,0.0,0.0,9.25732421875,0.0,98.50634765625,49.31432342529297,0.0,208.0,208.0,7.542888641357422,0.99731689453125,0.1029037833213806,0.0764694958925247,-0.0126394629478454,0.1288275143264064,75,P002,0.0,0.0,0.0,0.004150390625,0.0,0.618896484375,0.242431640625,0.0,0.0,0.0,0.0,0.0,0.017578125,0.0,0.0,0.02587890625,3.427490234375,0.0,0.0,0.0,0.0,0.181396484375,16.67138671875,0.01171875,0.0,0.0,2229,0.1288275143264064,1.0,0.8711724856735935
175.9429443359375,59.297339396426125,1423.3654832496402,4786,0.0842626953125,0.0,1.3564453125,2.0537109375,0.0,0.0,3.90966796875,0.0,4.795654296875,40.445068359375,0.0,0.019775390625,11.475341796875,0.2158203125,0.4819335937499999,0.0,0.0,0.06982421875,16.10400390625,0.0,0.044921875,0.0,0.0,9.922607421875,0.0,101.4373016357422,47.99537658691406,0.0,208.0,208.0,7.547629356384277,0.9988232421875,0.1417150497436523,0.1149213314056396,-0.0326727628707885,0.185357970342528,76,P002,0.0,0.0,0.0,0.00439453125,0.0,0.678955078125,0.263671875,0.0,0.0,0.0,0.0,0.0,0.019287109375,0.0,0.0,0.015869140625,3.814697265625,0.0,0.0,0.0,0.0,0.045166015625,4.26025390625,0.0029296875,0.0,0.0,1836,0.185357970342528,0.918,0.732642029657472
173.88408203125,60.94132616623568,1462.376336659045,4885,0.08364990234375,0.0,0.4348144531249999,2.1357421875,0.0,0.0,4.582275390625,0.0,3.819580078125,41.65185546875,0.0,0.02001953125,12.3359375,0.237060546875,0.697021484375,0.0,0.0,0.068359375,17.575927734375,0.0,0.070556640625,0.0,0.0,10.722900390625,0.0,96.8911590576172,47.301639556884766,0.0,208.0,208.0,7.525454521179199,0.99910400390625,0.0974845886230468,0.069725215435028,-0.0348276495933532,0.124811120749167,77,P002,0.0,0.0,0.0,0.006103515625,0.0,0.769775390625,0.30029296875,0.0,0.0,0.0,0.0,0.0,0.021484375,0.0,0.0,0.057861328125,4.479736328125,0.0,0.0,0.0,0.0,0.0126953125,0.0,0.0,0.0,0.0,2177,0.124811120749167,1.0,0.875188879250833
169.98103271484376,61.5037706392035,1446.3386855697631,4898,0.089453125,0.0,0.208740234375,2.097412109375,0.0,0.0,5.88916015625,0.0,1.807373046875,41.927978515625,0.0,0.021484375,12.44384765625,0.25,0.951904296875,0.0,0.000732421875,0.07470703125,17.3349609375,0.0,0.094482421875,0.0,0.0,10.77197265625,0.0,95.77560424804688,47.111419677734375,0.0,208.0,208.0,7.517153263092041,0.99914306640625,0.0845974683761596,0.0357447266578674,-0.0322621464729309,0.0973409638052851,78,P002,0.0,0.0,0.0,0.00830078125,0.0,0.84033203125,0.330078125,0.0,0.0,0.0,0.0,0.0,0.022216796875,0.0,0.0,0.06884765625,4.841064453125,0.0,0.0,0.0,0.0,0.014404296875,0.0,0.0,0.0,0.0,2372,0.0973409638052851,1.0,0.9026590361947148
169.6334765625,61.9129517165614,1405.0292026612226,4875,0.08853515625,0.0,0.166748046875,2.36328125,0.0,0.0,6.67578125,0.0,0.328125,45.190673828125,0.0,0.021484375,11.312744140625,0.259765625,1.3271484375,0.0,0.002197265625,0.077880859375,15.929443359375,0.0,0.103515625,0.0,0.0,9.954345703125,0.0,95.29478454589844,47.11395263671875,0.0,208.0,208.0,7.515304088592529,0.99919921875,0.1202861070632934,0.0203236937522888,-0.0414370894432067,0.1288364562602652,79,P002,0.0,0.0,0.0,0.007568359375,0.0,0.908447265625,0.341796875,0.0,0.0,0.0,0.0,0.0,0.022216796875,0.0,0.0,0.07470703125,4.917724609375,0.0,0.0,0.0,0.0,0.014404296875,0.0,0.0,0.0,0.0,2079,0.1288364562602652,1.0,0.8711635437397347
170.665634765625,61.66514944395034,1304.2080416154322,4777,0.08050537109375,0.0,0.138671875,2.82275390625,0.0,0.0,6.581298828125,0.0,0.0244140625,51.376220703125,0.0,0.02294921875,8.906494140625,0.272216796875,0.912109375,0.0,0.0048828125,0.095703125,14.1484375,0.0,0.114013671875,0.0,0.0,8.05419921875,0.0,94.02472686767578,47.31589889526367,0.0,208.0,208.0,7.515310764312744,0.9990234375,0.042211890220642,0.0028735995292663,-0.0131024122238159,0.044291923150129,80,P002,0.0,0.0,0.0,0.008544921875,0.0,1.044189453125,0.353271484375,0.0,0.0,0.0,0.0,0.0,0.025390625,0.0,0.0,0.07958984375,4.997802734375,0.0,0.0,0.0,0.0,0.016845703125,0.0,0.0,0.0,0.0,2411,0.044291923150129,1.0,0.9557080768498708
173.0331298828125,61.39291331848634,1268.7432577504576,4719,0.07799560546875,0.0,0.578857421875,3.28955078125,0.0,0.0,6.511474609374999,0.0,0.02392578125,57.357666015625,0.0,0.022216796875,7.423583984375,0.28515625,0.0234375,0.0,0.00537109375,0.10595703125,11.913818359375,0.0,0.116943359375,0.0,0.0,5.83154296875,0.0,94.15785217285156,47.719993591308594,0.0,208.0,208.0,7.5200700759887695,0.99887939453125,0.0407719612121582,0.0015379190444946,-0.011809229850769,0.0424755921176085,81,P002,0.0,0.0,0.0,0.0078125,0.0,1.28466796875,0.351318359375,0.0,0.0,0.0,0.0,0.0,0.026123046875,0.0,0.0,0.082275390625,4.740478515625,0.0,0.0,0.0,0.0,0.017822265625,0.0,0.0,0.0,0.0,2484,0.0424755921176085,1.0,0.9575244078823916
175.49429443359375,61.34741075476372,1238.8776195795474,4813,0.07549560546875,0.0,1.25244140625,3.362060546875,0.0,0.0,6.6787109375,0.0,0.0244140625,61.200439453125,0.0,0.022705078125,6.002685546875,0.304443359375,0.025390625,0.0,0.00634765625,0.13232421875,10.474853515625,0.0,0.123291015625,0.0,0.0,3.886962890625,0.0,94.41838836669922,48.14701843261719,0.0,208.0,208.0,7.52224063873291,0.9987548828125,0.0397138595581054,0.0006727576255798,-0.0105664134025573,0.0411010016425079,82,P002,0.0,0.0,0.0,0.00927734375,0.0,1.441162109375,0.35546875,0.0,0.0,0.0,0.0,0.0,0.02734375,0.0,0.0,0.086181640625,4.564697265625,0.0,0.0,0.0,0.0,0.018798828125,0.0,0.0,0.0,0.0,2544,0.0411010016425079,1.0,0.958898998357492
176.98861572265625,60.48944296117875,1209.8016159118656,4857,0.07466552734375,0.0,1.68798828125,3.43701171875,0.0,0.0,7.000244140625,0.0,0.0244140625,62.78759765625001,0.0,0.02392578125,5.272216796875,0.322998046875,0.02880859375,0.0,0.006591796875,0.16552734375,10.0361328125,0.0,0.131103515625,0.0,0.0,2.516845703125,0.0,94.2330093383789,48.36865234375,0.0,208.0,208.0,7.529969215393066,0.99863037109375,0.1257640123367309,0.0001266002655029,-0.024986982345581,0.128222276198011,83,P002,0.0,0.0,0.0,0.009033203125,0.0,1.538330078125,0.365234375,0.0,0.0,0.0,0.0,0.0,0.028564453125,0.0,0.0,0.090576171875,4.507080078125,0.0,0.0,0.0,0.0,0.019775390625,0.0,0.0,0.0,0.0,2049,0.128222276198011,1.0,0.871777723801989
171.590537109375,62.08713930827343,1238.696089764351,4977,0.07861328125,0.0,1.23974609375,3.802490234375,0.0,0.0,8.89892578125,0.0,0.025634765625,60.5673828125,0.0,0.024658203125,6.199951171875,0.3515625,0.030517578125,0.0,0.008544921875,0.210693359375,10.10986328125,0.0,0.14892578125,0.0,0.0,1.171630859375,0.0,94.95639038085938,48.84029006958008,0.0,208.0,208.0,7.5538225173950195,0.99822021484375,0.2170326709747314,-0.0003803372383117,-0.0407633185386657,0.2208279263705694,84,P002,0.0,0.0,0.0,0.010498046875,0.0,1.755859375,0.388671875,0.0,0.0,0.0,0.0,0.0,0.032958984375,0.0,0.0,0.09765625,4.899658203125,0.0,0.0,0.0,0.0,0.024169921875,0.0,0.0,0.0,0.0,1704,0.2208279263705694,0.852,0.6311720736294306
154.8309912109375,65.83840918133745,1524.519052683926,4968,0.0929638671875,0.0,0.011474609375,3.8271484375,0.0,0.0,12.478271484375,0.0,0.025634765625,47.792724609375,0.0,0.026123046875,9.973876953125,0.384033203125,0.039306640625,0.0,0.010986328125,0.236572265625,12.228515625,0.0,0.181884765625,0.0,0.0,3.237060546875,0.0,96.65814208984376,49.18850326538086,0.0,208.0,208.0,7.550196170806885,0.99822265625,0.2615280151367187,-0.0027331709861755,-0.1265997886657714,0.2905716424828986,85,P002,0.0,0.0,0.0,0.0107421875,0.0,2.761962890625,0.433837890625,0.0,0.0,0.0,0.03076171875,0.0,0.046875,0.083984375,0.0,0.107666015625,6.034423828125,0.0,0.0,0.0,0.0,0.0361328125,0.0,0.0,0.0,0.0,1678,0.2905716424828986,0.839,0.5484283575171014
143.5850439453125,65.53254621354561,1675.165787314511,4892,0.09279296875,0.0,0.0,0.986572265625,0.0,0.0,10.564453125,0.0,0.024169921875,42.2744140625,0.0,0.029052734375,12.668701171875,0.41552734375,0.041748046875,0.0,0.027099609375,0.2368164062499999,16.17431640625,0.0,0.237060546875,0.0,0.0,4.888671875,0.0,98.105712890625,48.88766860961914,0.0,208.0,208.0,7.554047584533691,0.99859375,0.2461912631988525,-0.0084454417228698,-0.2006756067276001,0.3177297006841373,86,P002,0.0,0.0,0.0,0.013671875,0.0,1.802978515625,0.5009765625,0.0,0.0,0.0,0.136962890625,0.0,0.077880859375,0.448974609375,0.0,0.121337890625,8.263427734375,0.0,0.0,0.0,0.0,0.065185546875,0.0,0.0,0.0,0.0,1506,0.3177297006841373,0.753,0.4352702993158627
138.94307373046874,62.40633073922413,1376.6883892379703,4592,0.08403076171875,0.0,0.0,0.4033203125,0.0,0.0,7.387695312500001,0.0,0.017578125,46.746337890625,0.0,0.034423828125,10.42919921875,0.429931640625,0.03271484375,0.0,0.066162109375,0.22216796875,21.808837890625,0.0,0.315185546875,0.0,0.0,0.251953125,0.0,99.89344787597656,49.20201110839844,0.0,208.0,208.0,7.552310943603516,0.99737060546875,0.1799945831298828,-0.0162738561630249,-0.1759741306304931,0.2522494459888326,87,P002,0.0,0.0,0.0,0.014892578125,0.0,1.804443359375,0.591796875,0.0,0.0,0.0,0.0,0.0,0.151611328125,0.762939453125,0.0,0.13525390625,8.25830078125,0.0,0.0,0.0,0.0,0.13525390625,0.0,0.0,0.0,0.0,1294,0.2522494459888326,0.647,0.3947505540111674
144.469130859375,53.12545564350984,1045.8997966201546,4249,0.0673681640625,0.0,0.0,0.6123046875,0.0,0.0,4.982177734375,0.0,0.01806640625,50.55664062500001,0.0,0.03759765625,4.674072265625,0.428955078125,0.024658203125,0.0,0.094482421875,0.125,29.050292968750004,0.0,0.39501953125,0.0,0.0,0.033447265625,0.0,100.32945251464844,49.71735382080078,0.0,208.0,208.0,7.555631637573242,0.9971728515625,0.16200852394104,-0.031768262386322,-0.1478149890899658,0.2215970562175126,88,P002,0.0,0.0,0.0,0.0166015625,0.0,0.4072265625,0.693359375,0.0,0.0,0.0,0.0,0.0,0.0991210937499999,0.126220703125,0.0,0.1435546875,7.231201171875,0.0,0.0,0.0,0.0,0.25,0.0,0.0,0.0,0.0,1246,0.2215970562175126,0.623,0.4014029437824873
142.1703955078125,51.13016342488349,714.6610135782003,3962,0.05514892578125,0.0,0.0,0.84814453125,0.0,0.0,4.881591796875,0.0,0.025146484375,45.461181640625,0.0,0.040771484375,1.89111328125,0.415771484375,0.0185546875,0.0,0.1064453125,0.1220703125,38.1201171875,0.0,0.47900390625,0.0,0.0,0.01171875,0.0,101.58980560302734,49.62699890136719,0.0,208.0,208.0,7.571714878082275,0.99814208984375,0.1281659603118896,-0.0379451811313629,-0.1017472743988037,0.1679846957354933,89,P002,0.0,0.0,0.0,0.0185546875,0.0,0.36328125,0.79248046875,0.0,0.0,0.0,0.0,0.0,0.016845703125,0.0,0.0,0.14453125,6.24267578125,0.0,0.0,0.0,0.0,0.0,0.0,0.0,0.0,0.0,1404,0.1679846957354933,0.702,0.5340153042645066
137.17244384765624,52.54353697892943,672.5732469289543,4078,0.04902099609375,0.0,0.0,1.06201171875,0.0,0.0,6.044677734375,0.0,0.0302734375,40.077392578125,0.0,0.04443359375,1.5751953125,0.411865234375,0.019775390625,0.0,0.121826171875,0.19921875,42.994140625,0.0,0.5556640625,0.0,0.0,0.0070800781249999,0.0,103.72184753417967,49.4112663269043,0.0,208.0,208.0,7.565878868103027,0.9985205078125,0.1861498355865478,-0.0741330087184906,-0.1204235553741455,0.2337718908669399,90,P002,0.0,0.0,0.0,0.019775390625,0.0,0.34326171875,0.8740234374999999,0.0,0.0,0.0,0.0,0.0,0.018310546875,0.0,0.0,0.141845703125,5.459228515625,0.0,0.0,0.0,0.0,0.0,0.0,0.0,0.0,0.0,1379,0.2337718908669399,0.6895,0.45572810913306
129.04484130859376,55.39243111035692,620.816969949478,3601,0.04005615234375,0.0,0.0,3.673095703125,0.0,0.0,4.57421875,0.0,0.04150390625,36.687255859375,0.0,0.0490722656249999,1.19677734375,0.4291992187499999,0.017822265625,0.0,0.13134765625,0.114013671875,46.158447265625,0.0,0.670654296875,0.0,0.0,0.00439453125,0.0,104.84829711914062,48.871089935302734,0.0,208.0,208.0,7.534543514251709,0.99813720703125,0.124155044555664,-0.0604933202266693,-0.0629080533981323,0.1517607988349018,91,P002,0.0,0.0,0.0,0.02294921875,0.0,0.326171875,0.991943359375,0.0,0.0,0.0,0.0,0.0,0.01953125,0.0,0.0,0.132080078125,4.759521484375,0.0,0.0,0.0,0.0,0.0,0.0,0.0,0.0,0.0,1328,0.1517607988349018,0.664,0.5122392011650981
122.73305908203125,58.23323864322116,545.4880940789938,3300,0.03489013671875,0.0,0.0,6.360595703124999,0.0,0.0,2.985595703125,0.0,0.0495605468749999,35.408935546875,0.0,0.05126953125,0.8330078124999999,0.458740234375,0.020751953125,0.0,0.127685546875,0.1044921875,46.86279296875,0.0,0.73681640625,0.0,0.0,0.02294921875,0.0,104.74331665039062,48.61634826660156,0.0,208.0,208.0,7.543522834777832,0.99849853515625,0.1216528415679931,-0.0647286772727966,-0.0525786876678466,0.1474914706683951,92,P002,0.0,0.0,0.0,0.02392578125,0.0,0.320556640625,1.080322265625,0.0,0.0,0.0,0.0,0.0,0.020263671875,0.0,0.0,0.11865234375,4.4130859375,0.0,0.0,0.0,0.0,0.0,0.0,0.0,0.0,0.0,1359,0.1474914706683951,0.6795,0.5320085293316048
116.9981884765625,60.38311136667227,523.3594244467675,3140,0.0321435546875,0.0,0.0,7.391357421875,0.0,0.0,1.491943359375,0.0,0.05419921875,36.60498046875,0.0,0.05419921875,0.757080078125,0.4897460937499999,0.031494140625,0.0,0.113525390625,0.08837890625,46.321044921875,0.0,0.73486328125,0.0,0.0,0.010498046875,0.0,103.75174713134766,48.54920196533203,0.0,208.0,208.0,7.545292854309082,0.99814697265625,0.1416511535644531,-0.0801348239183425,-0.0527276992797851,0.1710755668758794,93,P002,0.0,0.0,0.0,0.018310546875,0.0,0.32421875,1.137939453125,0.0,0.0,0.0,0.0,0.0,0.018310546875,0.0,0.0,0.0991210937499999,4.2587890625,0.0,0.0,0.0,0.0,0.0,0.0,0.0,0.0,0.0,1212,0.1710755668758794,0.606,0.4349244331241205
108.5894091796875,62.86127932690979,499.3634227065088,2995,0.0317236328125,0.0,0.0,8.4501953125,0.0,0.0,0.3662109375,0.0,0.0622558593749999,39.112548828125,0.0,0.056396484375,0.911376953125,0.525146484375,0.0556640624999999,0.0,0.087646484375,0.005615234375,44.076171875,0.0,0.552001953125,0.0,0.0,0.00341796875,0.0,101.94046020507812,48.53123474121094,0.0,208.0,208.0,7.540676116943359,0.998232421875,0.1335227489471435,-0.0787783786654472,-0.0431487560272216,0.1609228777341967,94,P002,0.0,0.0,0.0,0.009033203125,0.0,0.329833984375,1.15771484375,0.0,0.0,0.0,0.0,0.0,0.010009765625,0.0,0.0,0.06640625,4.162353515625,0.0,0.0,0.0,0.0,0.0,0.0,0.0,0.0,0.0,985,0.1609228777341967,0.4925,0.3315771222658032
100.61635498046876,65.56356563864487,440.5065820175169,2578,0.023583984375,0.0,0.0,9.56298828125,0.0,0.0,0.2314453125,0.0,0.06689453125,43.8125,0.0,0.06103515625,1.099853515625,0.5087890625,0.065185546875,0.0,0.0146484375,0.0,39.8349609375,0.0,0.035400390625,0.0,0.0,0.0068359375,0.0,99.8874740600586,48.68904113769531,0.0,208.0,208.0,7.518744945526123,0.99799072265625,0.1078643798828125,-0.0651508681476116,-0.0309779644012451,0.1297651507390793,95,P002,0.0,0.0,0.0,0.009765625,0.0,0.1044921875,0.838134765625,0.0,0.0,0.0,0.0,0.0,0.010009765625,0.0,0.0,0.0,3.737060546875,0.0,0.0,0.0,0.0,0.0,0.0,0.0,0.0,0.0,613,0.1297651507390793,0.3065,0.1767348492609207
92.04414794921875,67.44219958486896,360.12885728051646,1873,0.02078857421875,0.0,0.0,10.57373046875,0.0,0.0,0.292724609375,0.0,0.02197265625,51.27685546875001,0.0,0.006103515625,1.291015625,0.25048828125,0.00244140625,0.0,0.0,0.0,33.433349609375,0.0,0.0,0.0,0.0,0.007568359375,0.0,102.45970916748048,48.57814025878906,0.0,208.0,208.0,7.545901775360107,0.998447265625,0.0393342971801757,-0.0239628981798887,-0.0105242729187011,0.047245822506391,96,P002,0.0,0.0,0.0,0.0,0.0,0.0,0.001708984375,0.0,0.0,0.0,0.0,0.0,0.0,0.0,0.0,0.0,2.842041015625,0.0,0.0,0.0,0.0,0.0,0.0,0.0,0.0,0.0,584,0.047245822506391,0.292,0.2447541774936089
87.06578125,68.66468469876108,300.4046972595215,1334,0.01788818359375,0.0,0.0,12.06005859375,0.0,0.0,0.24853515625,0.0,0.0,55.09521484374999,0.0,0.0,1.099853515625,0.13037109375,0.0,0.0,0.0,0.0,28.89208984375,0.0,0.0,0.0,0.0,0.00732421875,0.0,101.78924560546876,48.28242492675781,0.0,208.0,208.0,7.5245466232299805,0.99875244140625,0.0003964900970458,-0.0002418141812086,-0.0001044273376464,0.0004760079454557,97,P002,0.0,0.0,0.0,0.0,0.0,0.0,0.0,0.0,0.0,0.0,0.0,0.0,0.0,0.0,0.0,0.0,2.466552734375,0.0,0.0,0.0,0.0,0.0,0.0,0.0,0.0,0.0,849,0.0004760079454557,0.4245,0.4240239920545443
85.75509521484375,69.33718187028236,302.52484095663425,1371,0.01779296875,0.0,0.0,13.996582031249998,0.0,0.0,0.248046875,0.0,0.0,55.319091796875,0.0,0.0,1.112060546875,0.133056640625,0.0,0.0,0.0,0.0,26.743896484375,0.0,0.0,0.0,0.0,0.006103515625,0.0,102.40248107910156,48.20859909057617,0.0,208.0,208.0,7.498232841491699,0.9987841796875,0.0527160167694091,-0.0321908937767148,-0.0134899616241455,0.0632235014120325,98,P002,0.0,0.0,0.0,0.0,0.0,0.0,0.0,0.0,0.0,0.0,0.0,0.0,0.0,0.0,0.0,0.0,2.441162109375,0.0,0.0,0.0,0.0,0.0,0.0,0.0,0.0,0.0,253,0.0632235014120325,0.1265,0.0632764985879674
80.984365234375,68.33691623704189,217.20961425492763,780,0.0117041015625,0.0,0.0,12.856201171875,0.0,0.0,0.09716796875,0.0,0.0,62.039794921875,0.0,0.0,0.520751953125,0.005126953125,0.0,0.0,0.0,0.0,22.81005859375,0.0,0.0,0.0,0.0,0.000732421875,0.0,101.05339050292967,48.09838104248047,0.0,208.0,208.0,7.457235336303711,0.99871337890625,0.0120184421539306,-0.0073415366932749,-0.0029811859130859,0.0143954361613138,99,P002,0.0,0.0,0.0,0.0,0.0,0.0,0.0,0.0,0.0,0.0,0.0,0.0,0.0,0.0,0.0,0.0,1.670166015625,0.0,0.0,0.0,0.0,0.0,0.0,0.0,0.0,0.0,243,0.0143954361613138,0.1215,0.1071045638386861
81.43813232421876,68.02429792315073,192.40845105657576,572,0.01101318359375,0.0,0.0,11.1015625,0.0,0.0,0.04541015625,0.0,0.0,63.06835937500001,0.0,0.0,0.308837890625,0.0,0.0,0.0,0.0,0.0,24.128662109375,0.0,0.0,0.0,0.0,0.000244140625,0.0,100.2812728881836,48.095211029052734,0.0,208.0,208.0,7.497793674468994,0.99866943359375,0.0258591175079345,-0.0157897174358367,-0.0062959194183349,0.0309458839963395,100,P002,0.0,0.0,0.0,0.0,0.0,0.0,0.0,0.0,0.0,0.0,0.0,0.0,0.0,0.0,0.0,0.0,1.346923828125,0.0,0.0,0.0,0.0,0.0,0.0,0.0,0.0,0.0,82,0.0309458839963395,0.05,0.0190541160036604
80.64899169921875,66.85938740585398,131.53643466796876,174,0.0087255859375,0.0,0.0,8.197998046875,0.0,0.0,0.0,0.0,0.0,65.927978515625,0.0,0.0,0.0,0.0,0.0,0.0,0.0,0.0,25.154541015625,0.0,0.0,0.0,0.0,0.0,0.0,99.08667755126952,47.98540878295898,0.0,208.0,208.0,7.513259410858154,0.998759765625,0.0883278846740722,-0.0536607950925827,-0.0202975273132324,0.1053246683165713,101,P002,0.0,0.0,0.0,0.0,0.0,0.0,0.0,0.0,0.0,0.0,0.0,0.0,0.0,0.0,0.0,0.0,0.719482421875,0.0,0.0,0.0,0.0,0.0,0.0,0.0,0.0,0.0,28,0.1053246683165713,0.05,0.0553246683165713
60.42257080078125,54.40612687407422,122.7874797469139,67,0.00510986328125,0.0,0.0,5.17236328125,0.0,0.0,0.0,0.0,0.0,77.126220703125,0.0,0.0,0.0,0.0,0.0,0.0,0.0,0.0,17.701416015625,0.0,0.0,0.0,0.0,0.0,0.0,93.9352569580078,47.2095832824707,0.0,208.0,208.0,7.484175205230713,0.999150390625,0.0537912845611572,-0.032050035893917,-0.0114853382110595,0.063660192344692,102,P002,0.0,0.0,0.0,0.0,0.0,0.0,0.0,0.0,0.0,0.0,0.0,0.0,0.0,0.0,0.0,0.0,0.0,0.0,0.0,0.0,0.0,0.0,0.0,0.0,0.0,0.0,13,0.063660192344692,0.05,0.013660192344692
43.20499267578125,40.73522453054184,134.63399169916508,21,0.00240234375,0.0,0.0,5.37255859375,0.0,0.0,0.0,0.0,0.0,86.445068359375,0.0,0.0,0.0,0.0,0.0,0.0,0.0,0.0,8.182373046875,0.0,0.0,0.0,0.0,0.0,0.0,90.61231231689452,47.215702056884766,0.0,208.0,208.0,7.460126876831055,0.9992578125,0.0015296936035156,-0.0008978992700576,-0.0003178119659423,0.0018019961335982,103,P002,0.0,0.0,0.0,0.0,0.0,0.0,0.0,0.0,0.0,0.0,0.0,0.0,0.0,0.0,0.0,0.0,0.0,0.0,0.0,0.0,0.0,0.0,0.0,0.0,0.0,0.0,15,0.0018019961335982,0.05,0.0481980038664017
42.01395751953125,40.32071922038801,131.54795626229645,25,0.0026025390625,0.0,0.0,7.907958984375001,0.0,0.0,0.0,0.0,0.0,86.167236328125,0.0,0.0,0.0,0.0,0.0,0.0,0.0,0.0,5.924560546875,0.0,0.000244140625,0.0,0.0,0.0,0.0,90.80542755126952,47.25114822387695,0.0,208.0,208.0,7.398745059967041,0.999228515625,0.0324978828430175,-0.0188286453485488,-0.0066180229187011,0.0381369702820292,104,P002,0.0,0.0,0.0,0.0,0.0,0.0,0.0,0.0,0.0,0.0,0.0,0.0,0.0,0.0,0.0,0.0,0.0,0.0,0.0,0.0,0.0,0.0,0.0,0.0,0.0,0.0,3,0.0381369702820292,0.05,0.0118630297179707
30.1527734375,25.1671065494957,140.0296313476026,5,0.0001171875,0.0,0.0,11.07666015625,0.0,0.0,0.0,0.0,0.0,88.832275390625,0.0,0.0,0.0,0.0,0.0,0.0,0.0,0.0,0.091064453125,0.0,0.0,0.0,0.0,0.0,0.0,89.0987777709961,47.64540481567383,0.0,208.0,208.0,7.415218353271484,0.9993017578125,0.078287124633789,-0.0435170829296112,-0.0144782066345214,0.0907316309645152,105,P002,0.0,0.0,0.0,0.0,0.0,0.0,0.0,0.0,0.0,0.0,0.0,0.0,0.0,0.0,0.0,0.0,0.0,0.0,0.0,0.0,0.0,0.0,0.0,0.0,0.0,0.0,0,0.0907316309645152,0.05,0.0407316309645152
23.937783203125,15.536811006692671,148.78692375600343,0,0.0,0.0,0.0,13.316162109374998,0.0,0.0,0.0,0.0,0.0,86.683837890625,0.0,0.0,0.0,0.0,0.0,0.0,0.0,0.0,0.0,0.0,0.0,0.0,0.0,0.0,0.0,89.62261962890625,49.78972244262695,0.0,208.0,208.0,7.32166576385498,0.99591064453125,0.0950636863708496,-0.0489111393690109,-0.0110528469085693,0.1074782277746257,106,P002,0.0,0.0,0.0,0.0,0.0,0.0,0.0,0.0,0.0,0.0,0.0,0.0,0.0,0.0,0.0,0.0,0.0,0.0,0.0,0.0,0.0,0.0,0.0,0.0,0.0,0.0,0,0.1074782277746257,0.05,0.0574782277746257
24.198271484375,16.52848452590773,150.9763841871679,0,0.0,0.0,0.0,12.675781250000002,0.0,0.0,0.0,0.0,0.0,87.32421875,0.0,0.0,0.0,0.0,0.0,0.0,0.0,0.0,0.0,0.0,0.0,0.0,0.0,0.0,0.0,115.543212890625,50.69768524169922,0.0,208.0,208.0,7.420581340789795,0.99552001953125,0.0212693214416503,-0.0203168988227844,0.0144445896148681,0.0327689881062181,107,P002,0.0,0.0,0.0,0.0,0.0,0.0,0.0,0.0,0.0,0.0,0.0,0.0,0.0,0.0,0.0,0.0,0.0,0.0,0.0,0.0,0.0,0.0,0.0,0.0,0.0,0.0,0,0.0327689881062181,0.05,0.0172310118937818
24.41277099609375,16.836207538069257,148.87738521479963,0,0.0,0.0,0.0,12.720703125,0.0,0.0,0.0,0.0,0.0,87.279296875,0.0,0.0,0.0,0.0,0.0,0.0,0.0,0.0,0.0,0.0,0.0,0.0,0.0,0.0,0.0,120.05134582519533,48.84176635742188,0.0,208.0,208.0,7.415289878845215,0.996435546875,-0.0286245346069335,-0.0078546404838562,0.0162653923034667,0.0338470433772264,108,P002,0.0,0.0,0.0,0.0,0.0,0.0,0.0,0.0,0.0,0.0,0.0,0.0,0.0,0.0,0.0,0.0,0.0,0.0,0.0,0.0,0.0,0.0,0.0,0.0,0.0,0.0,0,0.0338470433772264,0.05,0.0161529566227735
24.5229443359375,16.576021335744997,152.70745360755322,0,0.0,0.0,0.0,12.048828125,0.0,0.0,0.0,0.0,0.0,87.951171875,0.0,0.0,0.0,0.0,0.0,0.0,0.0,0.0,0.0,0.0,0.0,0.0,0.0,0.0,0.0,113.32404327392578,51.32423782348633,0.0,208.0,208.0,7.39333963394165,0.99555419921875,-0.0146379470825195,-0.0023603439331054,0.0064437389373779,0.0161667093054297,109,P002,0.0,0.0,0.0,0.0,0.0,0.0,0.0,0.0,0.0,0.0,0.0,0.0,0.0,0.0,0.0,0.0,0.0,0.0,0.0,0.0,0.0,0.0,0.0,0.0,0.0,0.0,0,0.0161667093054297,0.05,0.0338332906945702
24.816748046875,15.96091089299655,155.40305413350458,0,0.0,0.0,0.0,9.633544921875,0.0,0.0,0.0,0.0,0.0,90.366455078125,0.0,0.0,0.0,0.0,0.0,0.0,0.0,0.0,0.0,0.0,0.0,0.0,0.0,0.0,0.0,108.31905364990234,52.064002990722656,0.0,208.0,208.0,7.431524276733398,0.9955908203125,-0.0091652870178222,-0.0010225176811218,0.0037798881530761,0.0099667237835225,110,P002,0.0,0.0,0.0,0.0,0.0,0.0,0.0,0.0,0.0,0.0,0.0,0.0,0.0,0.0,0.0,0.0,0.0,0.0,0.0,0.0,0.0,0.0,0.0,0.0,0.0,0.0,0,0.0099667237835225,0.05,0.0400332762164774
24.76046875,15.696240648110567,157.99017321795816,1,0.0,0.0,0.0,8.31689453125,0.0,0.0,0.0,0.0,0.0,91.655517578125,0.0,0.0,0.0,0.0,0.0,0.0,0.0,0.0,0.0275878906249999,0.0,0.0,0.0,0.0,0.0,0.0,105.17340087890624,52.00581359863281,0.0,208.0,208.0,7.461368560791016,0.996083984375,-0.0603799819946289,0.0024493932723999,0.0222790241241455,0.0644057192258486,111,P002,0.0,0.0,0.0,0.0,0.0,0.0,0.0,0.0,0.0,0.0,0.0,0.0,0.0,0.0,0.0,0.0,0.0,0.0,0.0,0.0,0.0,0.0,0.0,0.0,0.0,0.0,0,0.0644057192258486,0.05,0.0144057192258486
24.39065185546875,16.096556673192175,153.2198949293554,0,0.0,0.0,0.0,11.350830078125,0.0,0.0,0.0,0.0,0.0,88.42822265625,0.0,0.0,0.0,0.0,0.0,0.0,0.0,0.0,0.220947265625,0.0,0.0,0.0,0.0,0.0,0.0,96.22444152832033,51.15631484985352,0.0,208.0,208.0,7.476950645446777,0.99664306640625,-0.084230899810791,0.0438727140426635,0.0270590782165527,0.098751472061607,112,P002,0.0,0.0,0.0,0.0,0.0,0.0,0.0,0.0,0.0,0.0,0.0,0.0,0.0,0.0,0.0,0.0,0.0,0.0,0.0,0.0,0.0,0.0,0.0,0.0,0.0,0.0,0,0.098751472061607,0.05,0.048751472061607
25.11955322265625,19.50930858789552,147.10100097503658,1,0.00063232421875,0.0,0.0,15.857666015625,0.0,0.0,0.0,0.0,0.0,83.89404296875,0.0,0.0,0.0,0.0,0.0,0.0,0.0,0.0,0.248291015625,0.0,0.0,0.0,0.0,0.0,0.0,92.4659194946289,48.41389465332031,0.0,208.0,208.0,7.470944404602051,0.99921630859375,-0.0547554492950439,0.0896385908126831,0.0190138816833496,0.1067462593586032,113,P002,0.0,0.0,0.0,0.0,0.0,0.0,0.0,0.0,0.0,0.0,0.0,0.0,0.0,0.0,0.0,0.0,0.0,0.0,0.0,0.0,0.0,0.0,0.0,0.0,0.0,0.0,1,0.1067462593586032,0.05,0.0567462593586031
42.43585205078125,45.0642626137766,133.5013664489746,47,0.00293701171875,0.0,0.0,16.888916015625,0.0,0.0,0.0,0.0,0.0,77.046630859375,0.0,0.0,0.0,0.0,0.0,0.0,0.0,0.0,6.064453125,0.0,0.0,0.0,0.0,0.0,0.0,93.70191192626952,47.39655685424805,0.0,208.0,208.0,7.398433208465576,0.99907958984375,-0.0037829875946044,0.0094511955976486,0.0018548965454101,0.0103477888729969,114,P002,0.0,0.0,0.0,0.0,0.0,0.0,0.0,0.0,0.0,0.0,0.0,0.0,0.0,0.0,0.0,0.0,0.0,0.0,0.0,0.0,0.0,0.0,0.0,0.0,0.0,0.0,29,0.0103477888729969,0.05,0.039652211127003
44.6604052734375,47.01902460116679,133.32097337836623,57,0.0040283203125,0.0,0.0,17.47900390625,0.0,0.0,0.0,0.0,0.0,76.1376953125,0.0,0.0,0.0,0.0,0.0,0.0,0.0,0.0,6.383300781249999,0.0,0.0,0.0,0.0,0.0,0.0,94.04271697998048,47.35568618774414,0.0,208.0,208.0,7.386936187744141,0.999052734375,-0.0215818881988525,0.0677044317126274,0.0146682262420654,0.0725591126795664,115,P002,0.0,0.0,0.0,0.0,0.0,0.0,0.0,0.0,0.0,0.0,0.0,0.0,0.0,0.0,0.0,0.0,0.0,0.0,0.0,0.0,0.0,0.0,0.0,0.0,0.0,0.0,34,0.0725591126795664,0.05,0.0225591126795664
66.10148681640625,63.196092475996416,122.6001973096788,114,0.0068994140625,0.0,0.0,15.75537109375,0.0,0.0,0.0,0.0,0.0,72.3828125,0.0,0.0,0.0,0.0,0.0,0.0,0.0,0.0,11.86181640625,0.0,0.0,0.0,0.0,0.0,0.0,95.56846618652344,47.28462219238281,0.0,208.0,208.0,7.345890045166016,0.9990869140625,-0.0052838325500488,0.0214572139084339,0.0053653717041015,0.0227402314995344,116,P002,0.0,0.0,0.0,0.0,0.0,0.0,0.0,0.0,0.0,0.0,0.0,0.0,0.0,0.0,0.0,0.0,0.0,0.0,0.0,0.0,0.0,0.0,0.0,0.0,0.0,0.0,51,0.0227402314995344,0.05,0.0272597685004655
70.20074951171875,64.67272713956558,122.26542236065264,131,0.00700927734375,0.0,0.0,16.155029296875,0.0,0.0,0.0,0.0,0.0,72.222412109375,0.0,0.0,0.0,0.0,0.0,0.0,0.0,0.0,11.519287109375,0.0,0.0,0.0,0.0,0.0,0.0,96.33743286132812,47.27593994140625,0.0,208.0,208.0,7.297117233276367,0.9991650390625,-0.0172584056854248,0.0963481105864048,0.0300676822662353,0.1023956859307855,117,P002,0.0,0.0,0.0,0.0,0.0,0.0,0.0,0.0,0.0,0.0,0.0,0.0,0.0,0.0,0.0,0.0,0.103271484375,0.0,0.0,0.0,0.0,0.0,0.0,0.0,0.0,0.0,47,0.1023956859307855,0.05,0.0523956859307855
89.0627587890625,67.5956787303307,323.9778068953515,1658,0.01704833984375,0.0,0.0,16.826904296875,0.0,0.0,0.132568359375,0.0,0.0,63.66137695312501,0.0,0.0,1.458984375,0.18017578125,0.0,0.0,0.0,0.0,13.304443359375002,0.0,0.0,0.0,0.0,0.078125,0.0,97.86031341552734,47.5578727722168,0.0,208.0,208.0,7.365896224975586,0.9990234375,-0.0109691619873046,0.1309652328491211,0.0623067617416381,0.1454453412408163,118,P002,0.0,0.0,0.0,0.0,0.0,0.0,0.0,0.0,0.0,0.0,0.0,0.0,0.0,0.0,0.0,0.0,4.357421875,0.0,0.0,0.0,0.0,0.0,0.0,0.0,0.0,0.0,560,0.1454453412408163,0.28,0.1345546587591837
112.255859375,65.60789680285664,604.4355492863594,3584,0.03642333984375,0.0,0.0,15.472412109375,0.0,0.0,0.1904296875,0.0,0.0693359375,56.73046874999999,0.0,0.067626953125,1.818115234375,1.110595703125,0.13134765625,0.0,0.099365234375,0.0,12.897216796875,0.0,1.197265625,0.0,0.0,0.0732421875,0.0,102.40056610107422,47.54204559326172,0.0,208.0,208.0,7.504819869995117,0.99893798828125,-0.0023062229156494,0.0645979940891265,0.04410982131958,0.0782553246835049,119,P002,0.0,0.0,0.0,0.010498046875,0.0,0.615478515625,1.20068359375,0.0,0.0,0.0,0.0,0.0,0.017333984375,0.0,0.0,0.09423828125,8.2041015625,0.0,0.000244140625,0.0,0.0,0.0,0.0,0.0,0.0,0.0,1294,0.0782553246835049,0.647,0.5687446753164951
124.7765283203125,61.97782122727655,607.9955905771018,3838,0.0394970703125,0.0,0.0,12.669677734375002,0.0,0.0,0.141357421875,0.0,0.070556640625,60.90087890625,0.0,0.07275390625,1.8896484375,1.338134765625,0.15185546875,0.0,0.13818359375,0.0,9.525634765625,0.0,1.730712890625,0.0,0.0,0.18603515625,0.0,103.7665786743164,47.69286346435547,0.0,208.0,208.0,7.531371116638184,0.99904541015625,-0.0013175010681152,0.0531505644321441,0.0457003116607666,0.070108749770704,120,P002,0.0,0.0,0.0,0.041015625,0.0,0.6640625,1.288330078125,0.0,0.0,0.0,0.0,0.0,0.029541015625,0.0,0.0,0.15234375,9.00927734375,0.0,0.0,0.0,0.0,0.0,0.0,0.0,0.0,0.0,1596,0.070108749770704,0.798,0.727891250229296
140.8344091796875,53.48999373963476,586.021436818546,3929,0.04008056640625,0.0,0.0,5.61669921875,0.0,0.0,0.075927734375,0.0,0.06787109375,67.477294921875,0.0,0.07275390625,1.78076171875,1.4609375,0.161865234375,0.0,0.16845703125,0.0,8.83837890625,0.0,2.161376953125,0.0,0.0,0.287109375,0.0,104.61189270019533,47.92652130126953,0.0,208.0,208.0,7.529782295227051,0.99902587890625,-0.000535249710083,0.0220207870006561,0.0220311880111694,0.031154049456915,121,P002,0.0,0.0,0.0,0.046875,0.0,0.693603515625,1.32861328125,0.0,0.0,0.0,0.0,0.0,0.035888671875,0.0,0.0,0.200439453125,9.525146484375,0.0,0.0,0.0,0.0,0.0,0.0,0.0,0.0,0.0,1926,0.031154049456915,0.963,0.9318459505430848
147.73261962890626,49.3974577528458,575.3692431239841,3756,0.03968505859375,0.0,0.0,3.47998046875,0.0,0.0,0.0500488281249999,0.0,0.0625,68.46630859375,0.0,0.070556640625,1.630859375,1.45166015625,0.16064453125,0.0,0.1806640625,0.0,9.816162109375,0.0,2.369140625,0.0,0.0,0.317626953125,0.0,104.98681640625,47.92635726928711,0.0,208.0,208.0,7.533536911010742,0.99893798828125,-0.0028848648071289,0.0808667242527008,0.1015305519104003,0.1298314388256876,122,P002,0.0,0.0,0.0,0.0490722656249999,0.0,0.696533203125,1.325927734375,0.0,0.0,0.0,0.0,0.0,0.037841796875,0.0,0.0,0.215087890625,9.619384765625,0.0,0.0,0.0,0.0,0.0,0.0,0.0,0.0,0.0,1358,0.1298314388256876,0.679,0.5491685611743125
157.912041015625,46.263656002662536,559.6883682059287,3529,0.04003662109375,0.0,0.0,2.112548828125,0.0,0.0,0.015380859375,0.0,0.052734375,67.328857421875,0.0,0.06884765625,1.25244140625,1.5263671875,0.166015625,0.0,0.20263671875,0.0,10.570068359375,0.0,3.153076171875,0.0,0.0,0.4553222656249999,0.0,106.02989959716795,48.12486267089844,0.0,208.0,208.0,7.545565605163574,0.998779296875,-0.0023574829101562,0.0359416007995605,0.0591844320297241,0.069283139279248,123,P002,0.0,0.0,0.0,0.0576171875,0.0,0.737548828125,1.3779296875,0.0,0.0,0.0,0.0,0.0,0.048583984375,0.0,0.0,0.280029296875,10.593994140625,0.0,0.0,0.0,0.0,0.0,0.0,0.0,0.0,0.0,1626,0.069283139279248,0.813,0.7437168607207519
159.17641357421874,46.522658382737816,567.0696600149572,3539,0.0410888671875,0.0,0.0,2.063232421875,0.0,0.0,0.0068359375,0.0,0.04833984375,66.940673828125,0.0,0.07080078125,1.10400390625,1.57080078125,0.17138671875,0.0,0.1962890624999999,0.0,9.92578125,0.0,3.466552734375,0.0,0.0,0.533447265625,0.0,105.86454010009766,48.264610290527344,0.0,208.0,208.0,7.549972057342529,0.99876953125,-0.0006563663482666,0.0077947974205017,0.0143431425094604,0.0163375463474932,124,P002,0.0,0.0,0.0,0.0615234375,0.0,0.76416015625,1.418701171875,0.0,0.0,0.0,0.0,0.0,0.05419921875,0.0,0.0,0.307373046875,11.2958984375,0.0,0.0,0.0,0.0,0.0,0.0,0.0,0.0,0.0,2052,0.0163375463474932,1.0,0.9836624536525068
158.02701171875,46.46013951050728,578.6685677792966,3599,0.040283203125,0.0,0.0,2.111328125,0.0,0.0,0.0029296875,0.0,0.04833984375,67.5595703125,0.0,0.072021484375,1.110595703125,1.593017578125,0.1728515625,0.0,0.1943359375,0.0,8.826416015625,0.0,3.4367675781250004,0.0,0.0,0.575927734375,0.0,106.17292785644533,48.19671630859375,0.0,208.0,208.0,7.549110412597656,0.99880615234375,-0.0008420944213867,0.0090264976024627,0.017402172088623,0.0196219870396412,125,P002,0.0,0.0,0.0,0.0622558593749999,0.0,0.771728515625,1.444091796875,0.0,0.0,0.0,0.0,0.0,0.053955078125,0.0,0.0,0.311767578125,11.652099609375,0.0,0.0,0.0,0.0,0.0,0.0,0.0,0.0,0.0,2001,0.0196219870396412,1.0,0.9803780129603588
156.52828125,46.797317985956326,588.600228795028,3622,0.04159423828125,0.0,0.0,2.171875,0.0,0.0,0.000732421875,0.0,0.048828125,68.12109375,0.0,0.07275390625,1.1162109375,1.6252441406249998,0.176025390625,0.0,0.191162109375,0.0,7.73779296875,0.0,3.417724609375,0.0,0.0,0.633056640625,0.0,106.52513885498048,48.13442611694336,0.0,208.0,208.0,7.544738292694092,0.9988671875,-0.0028676986694335,0.0248564183712005,0.0529115200042724,0.0585294300251194,126,P002,0.0,0.0,0.0,0.0625,0.0,0.7817382812500001,1.47509765625,0.0,0.0,0.0,0.0,0.0,0.05419921875,0.0,0.0,0.319091796875,11.994873046875,0.0,0.0,0.0,0.0,0.0,0.0,0.0,0.0,0.0,1701,0.0585294300251194,0.8505,0.7919705699748806
156.60726806640625,47.75175335670989,601.5523484725001,3614,0.04381591796875,0.0,0.0,2.149169921875,0.0,0.0,0.0,0.0,0.04541015625,68.337158203125,0.0,0.07421875,1.01708984375,1.6669921875,0.17919921875,0.0,0.193359375,0.0,6.8974609375,0.0,3.5341796875,0.0,0.0,0.708740234375,0.0,106.9659652709961,48.22420883178711,0.0,208.0,208.0,7.542755126953125,0.998857421875,-0.005216360092163,0.0309271216392517,0.0795115232467651,0.085473853279942,127,P002,0.0,0.0,0.0,0.06494140625,0.0,0.806640625,1.50244140625,0.0,0.0,0.0,0.0,0.0,0.0566406249999999,0.0,0.0,0.337646484375,12.4287109375,0.0,0.0,0.0,0.0,0.0,0.0,0.0,0.0,0.0,1635,0.085473853279942,0.8175,0.732026146720058
158.19405029296874,48.81959503744903,604.1388597087802,3603,0.04431640625,0.0,0.0,2.0166015625,0.0,0.0,0.0,0.0,0.037841796875,68.37548828125,0.0,0.074951171875,0.8447265625,1.681640625,0.1845703125,0.0,0.191650390625,0.0,6.359619140625,0.0,3.6728515625,0.0,0.0,0.77978515625,0.0,106.92340087890624,48.38612365722656,0.0,208.0,208.0,7.548675060272217,0.9988427734375,-0.0123450756072998,0.0456894636154174,0.1548300981521606,0.161902091620282,128,P002,0.0,0.0,0.0,0.1010742187499999,0.0,0.8400878906249999,1.50244140625,0.0,0.0,0.0,0.0,0.0,0.05908203125,0.0,0.0,0.359130859375,12.91845703125,0.0,0.0,0.0,0.0,0.0,0.0,0.0,0.0,0.0,1372,0.161902091620282,0.686,0.524097908379718
164.3643505859375,48.8954387772606,581.801001595205,3542,0.04533447265625,0.0,0.0,1.677001953125,0.0,0.0,0.0,0.0,0.0322265625,68.432373046875,0.0,0.0712890625,0.54736328125,1.6848144531250002,0.18701171875,0.0,0.15576171875,0.0,5.547607421875,0.0,3.841552734375,0.0,0.0,0.874755859375,0.0,105.6988296508789,48.40529251098633,0.0,208.0,208.0,7.549269676208496,0.99891845703125,-0.0228118896484375,0.050433874130249,0.2453157901763916,0.2514831900525076,129,P002,0.0,0.0,0.0,0.069091796875,0.0,0.916259765625,1.470458984375,0.0,0.0,0.0,0.0,0.0,0.0617675781249999,0.0,0.0,0.385009765625,14.045654296874998,0.0,0.0,0.0,0.0,0.0,0.0,0.0,0.0,0.0,1223,0.2514831900525076,0.6115,0.3600168099474924
172.30759765625,49.61330759895405,540.3245992187501,3217,0.0429736328125,0.0,0.0,1.080078125,0.0,0.0,0.0,0.0,0.056884765625,67.5400390625,0.0,0.0617675781249999,0.236083984375,1.6618652343749998,0.18994140625,0.0,0.01513671875,0.0,5.125732421875,0.0,3.88720703125,0.0,0.0,0.935546875,0.0,103.39762878417967,48.26871871948242,0.0,208.0,208.0,7.54230785369873,0.9990625,-0.027515172958374,0.0355746746063232,0.2651912569999695,0.2689777779027458,130,P002,0.0,0.0,0.0,0.072998046875,0.0,1.099609375,1.4794921875,0.0,0.0,0.0,0.0,0.0,0.063720703125,0.0,0.0,0.352783203125,16.14111328125,0.0,0.0,0.0,0.0,0.0,0.0,0.0,0.0,0.0,1069,0.2689777779027458,0.5345,0.2655222220972541
178.65738525390626,52.00876428920097,522.3697354613246,2977,0.0395361328125,0.0,0.0,0.444580078125,0.0,0.0,0.0,0.0,0.0830078125,65.64697265625,0.0,0.052734375,0.11767578125,1.61669921875,0.1960449218749999,0.0,0.0,0.0,4.6923828125,0.0,3.367919921875,0.0,0.0,0.925048828125,0.0,101.1212921142578,48.1185302734375,0.0,208.0,208.0,7.538924217224121,0.99848388671875,-0.039468765258789,0.0203272700309753,0.3416070342063904,0.3444798211176549,131,P002,0.0,0.0,0.0,0.072509765625,0.0,1.5878906250000002,1.486083984375,0.0,0.0,0.0,0.0,0.0,0.0622558593749999,0.0,0.0,0.3173828125,19.330810546875,0.0,0.0,0.0,0.0,0.0,0.0,0.0,0.0,0.0,894,0.3444798211176549,0.447,0.102520178882345
184.73147705078125,51.3365119899749,508.4368589687288,2652,0.03975341796875,0.0,0.0,0.0,0.0,0.0,0.0,0.0,0.1171875,63.072265625,0.0,0.04345703125,0.506591796875,1.584228515625,0.0517578125,0.0,0.0,0.0,3.67138671875,0.0,1.822998046875,0.0,0.0,1.279052734375,0.0,98.55152130126952,47.79609298706055,0.0,208.0,208.0,7.512603282928467,0.99801025390625,-0.04195237159729,-0.0413293242454528,0.2802203595638275,0.286341691758821,132,P002,0.0,0.0,0.0,0.07177734375,0.0,1.144287109375,1.3056640625,0.030029296875,0.0,0.0,0.0,0.0,0.0615234375,0.0,0.0,0.332763671875,24.905029296875,0.0,0.0,0.0,0.0,0.0,0.0,0.0,0.0,0.0,853,0.286341691758821,0.4265,0.1401583082411789
143.21437744140624,77.60551556885083,847.0960093288186,3918,0.05612548828125,0.00439453125,0.97021484375,11.38720703125,0.0,0.010498046875,0.00244140625,0.0,0.189453125,51.22753906250001,0.031982421875,0.379638671875,2.728515625,0.0,0.218994140625,0.0,0.01904296875,0.0,9.969482421875,0.189453125,0.0,0.077880859375,0.809814453125,2.177490234375,0.96875,106.1841812133789,47.77344131469727,0.0,207.0,207.0,7.40534496307373,0.99920166015625,-0.0193033218383789,-0.0033636093139648,0.0009718239307403,0.0196182706517518,0,P003,0.0,0.0,0.0,0.0,0.0,2.146728515625,0.0,0.0,0.0,0.0,0.0,0.0,0.0,0.0,5.554931640625,0.0,0.0,0.0,0.83251953125,9.91259765625,0.0,0.05126953125,0.0,0.055908203125,0.083251953125,0.0,2489,0.0196182706517518,1.0,0.9803817293482482
144.960908203125,77.40494223988246,816.3771101436374,3925,0.05571044921875,0.00439453125,0.6728515625,10.393310546875,0.0,0.009765625,0.002197265625,0.0,0.177001953125,52.27734375000001,0.036376953125,0.34423828125,2.771484375,0.0,0.19677734375,0.0,0.018310546875,0.0,11.00927734375,0.1884765625,0.0,0.07958984375,0.828125,2.101318359375,0.999755859375,106.09496307373048,47.83594512939453,0.0,208.0,208.0,7.52306604385376,0.99933837890625,-0.0786757469177246,-0.0083909630775451,0.0079811960458755,0.0795234613479146,1,P003,0.0,0.0,0.0,0.0,0.0,2.35009765625,0.0,0.0,0.0,0.0,0.0,0.0,0.0,0.0,4.954833984375,0.0,0.0,0.0,0.831787109375,9.576171875,0.0,0.05224609375,0.0,0.04150390625,0.082763671875,0.0,2210,0.0795234613479146,1.0,0.9204765386520852
151.8541064453125,76.84433111711186,787.7311272208156,3849,0.055556640625,0.00390625,0.619140625,9.2216796875,0.0,0.00927734375,0.000732421875,0.0,0.15234375,56.7373046875,0.044921875,0.2023925781249999,2.728271484375,0.000244140625,0.201904296875,0.0,0.0205078125,0.0,11.250244140625,0.19775390625,0.0,0.0830078125,0.8610839843750001,1.860107421875,1.081787109375,102.64729309082033,48.18109130859375,0.0,208.0,208.0,7.533847808837891,0.999560546875,-0.0781657695770263,-0.002393901348114,0.0124282836914062,0.079183840098516,2,P003,0.0,0.0,0.0,0.0,0.0,2.73046875,0.0,0.0,0.0,0.0,0.0,0.0,0.0,0.0,3.189208984375,0.0,0.0,0.0,0.727294921875,7.929931640625,0.0,0.05908203125,0.0,0.018798828125,0.068603515625,0.0,2100,0.079183840098516,1.0,0.920816159901484
161.94536865234377,74.26123255397385,768.7002449983358,3905,0.05517333984375,0.004638671875,0.64501953125,9.245849609375,0.0,0.00830078125,0.002197265625,0.0,0.216796875,62.282958984375,0.0495605468749999,0.15673828125,2.63232421875,0.006103515625,0.2145996093749999,0.0,0.02099609375,0.0,10.79150390625,0.22412109375,0.0,0.08447265625,0.8801269531249999,1.472412109375,1.1142578125,101.86370849609376,49.179969787597656,0.0,208.0,208.0,7.555836677551269,0.99811767578125,-0.0850527286529541,5.620718002319336e-05,0.0156863331794738,0.0864871716451497,3,P003,0.0,0.0,0.0,0.0,0.0,2.76611328125,0.0,0.000244140625,0.0,0.0,0.0,0.0,0.0,0.0,0.850830078125,0.0,0.0,0.0,0.62451171875,5.53076171875,0.0,0.0622558593749999,0.0,0.063720703125,0.048583984375,0.0,1716,0.0864871716451497,0.858,0.7715128283548502
180.7462890625,62.60275764332795,728.5024253358603,3502,0.05260986328125,0.00341796875,0.619384765625,9.0927734375,0.0,0.005859375,0.000732421875,0.0,0.38232421875,68.884033203125,0.05078125,0.140869140625,2.193359375,0.0205078125,0.221923828125,0.0,0.017822265625,0.0,9.526611328125,0.203125,0.588623046875,0.07763671875,0.7998046875,0.851806640625,1.087158203125,104.6792984008789,49.52756881713867,0.0,208.0,208.0,7.572887897491455,0.9983154296875,-0.0164742469787597,4.649162292480469e-05,0.0032401233911514,0.0167899188377449,4,P003,0.0,0.0,0.0,0.0,0.0,2.972900390625,0.0,0.00048828125,0.0,0.0,0.0,0.0,0.0,0.0,0.0,0.0,0.0,0.0,0.255859375,1.63037109375,0.0,0.06591796875,0.0,0.288818359375,0.01708984375,0.0,1911,0.0167899188377449,0.9555,0.9387100811622552
188.29573974609372,56.04611623418855,656.8827634071769,3775,0.04501220703125,0.004150390625,0.55029296875,9.626953125,0.0,0.005126953125,0.00048828125,0.0,0.559326171875,69.02587890625,0.0458984375,0.125,2.519287109375,0.023681640625,0.215087890625,0.0,0.0141601562499999,0.0,9.416015625,0.172119140625,0.501708984375,0.06982421875,0.697265625,1.32421875,0.987060546875,105.13975524902344,49.38436508178711,0.0,208.0,208.0,7.554247379302978,0.99843017578125,-0.1035306453704834,-0.0005466341972351,0.0217006653547287,0.1057819087396909,5,P003,0.0,0.0,0.0,0.0,0.0,3.343505859375,0.0,0.000732421875,0.0,0.0,0.0,0.0,0.0,0.0,0.0,0.0,0.0,0.0,0.0,0.134765625,0.0,0.0622558593749999,0.0,0.5751953125,0.0,0.0,2096,0.1057819087396909,1.0,0.894218091260309
182.9772119140625,55.25110627286131,646.9303637038173,3886,0.04623779296875,0.00390625,0.5595703125,10.553466796875,0.0,0.004150390625,0.0,0.0,0.5810546875,67.002685546875,0.05126953125,0.1201171875,2.7548828125,0.067138671875,0.2368164062499999,0.0,0.0139160156249999,0.0,8.890869140625,0.1640625,0.49755859375,0.06787109375,0.669921875,1.832763671875,1.015869140625,105.48626708984376,49.37924957275391,0.0,208.0,208.0,7.571670055389404,0.9982470703125,-0.0535082817077636,-0.0010786652565002,0.0120372772216796,0.0548561370583505,6,P003,0.0,0.0,0.0,0.0,0.0,4.082275390625,0.0,0.000732421875,0.0,0.0,0.0,0.0,0.0,0.0,0.0,0.0,0.0,0.0,0.0,0.0,0.0,0.070068359375,0.0,0.759033203125,0.0,0.0,2286,0.0548561370583505,1.0,0.9451438629416494
184.4111181640625,54.68429790107305,642.6607733192384,3848,0.04599853515625,0.004150390625,0.580810546875,11.6552734375,0.0,0.003173828125,0.0,0.0,0.535400390625,66.99658203125,0.0546875,0.123046875,2.713134765625,0.103515625,0.26220703125,0.0,0.013427734375,0.0,8.107177734375,0.1728515625,0.534912109375,0.069091796875,0.68701171875,1.894775390625,1.063232421875,105.3471450805664,49.32549285888672,0.0,208.0,208.0,7.570047378540039,0.99841064453125,-0.031008243560791,-0.0009083747863769,0.0072070360183715,0.0318477264753383,7,P003,0.0,0.0,0.0,0.0,0.0,3.606689453125,0.0,0.0009765625,0.0,0.0,0.0,0.0,0.0,0.0,0.0,0.0,0.0,0.0,0.0,0.0,0.0,0.0771484375,0.0,0.74072265625,0.0,0.0,2143,0.0318477264753383,1.0,0.9681522735246616
185.248388671875,55.15863289241196,636.4484975767075,3747,0.04490478515625,0.006103515625,0.6103515625,12.380859375,0.0,0.003662109375,0.0,0.0,0.4614257812499999,67.42626953125,0.06005859375,0.137451171875,2.5732421875,0.1357421875,0.2890625,0.0,0.014404296875,0.0,7.233154296875,0.18701171875,0.591796875,0.07373046875,0.73486328125,1.735595703125,1.1259765625,104.7471694946289,49.37094879150391,0.0,208.0,208.0,7.565590858459473,0.99833740234375,-0.09330415725708,-0.0040229558944702,0.022623598575592,0.0960920243729536,8,P003,0.0,0.0,0.0,0.0,0.0,3.50927734375,0.0,0.0009765625,0.0,0.0,0.0,0.0,0.0,0.0,0.0,0.0,0.0,0.0,0.0,0.0,0.0,0.085205078125,0.0,0.623779296875,0.0,0.0,1894,0.0960920243729536,0.947,0.8509079756270463
186.4575244140625,58.49792382904692,635.3282604730368,3618,0.043095703125,0.00341796875,0.6806640625,13.034423828125,0.0,0.001220703125,0.0,0.0,0.359619140625,66.988037109375,0.0673828125,0.141845703125,2.487060546875,0.215576171875,0.339599609375,0.0,0.014892578125,0.0,6.345458984375001,0.209716796875,0.6748046875,0.078857421875,0.7885742187499999,1.726806640625,1.249755859375,103.90924835205078,49.21090316772461,0.0,208.0,208.0,7.5573883056640625,0.99837890625,-0.1762161254882812,-0.0128095746040344,0.0461040511727333,0.1825973483328167,9,P003,0.0,0.0,0.0,0.0,0.0,3.919921875,0.0,0.0009765625,0.0,0.0,0.0,0.0,0.0,0.0,0.0,0.0,0.0,0.0,0.0,0.0,0.0,0.098876953125,0.0,0.572509765625,0.0,0.0,1694,0.1825973483328167,0.847,0.6644026516671833
194.0474609375,63.580978242980905,615.1232453578948,3616,0.0415087890625,0.002685546875,0.7905273437500001,13.989013671875,0.0,0.0,0.0009765625,0.0,0.446533203125,65.495361328125,0.073486328125,0.146240234375,2.45166015625,0.28369140625,0.142333984375,0.0,0.01318359375,0.0,5.942626953125,0.2216796875,0.699462890625,0.0810546875,0.84326171875,2.16455078125,1.439697265625,103.3148956298828,48.98608016967773,0.0,208.0,208.0,7.558298587799072,0.99833984375,-0.1733095645904541,-0.0188192725181579,0.0489845238626003,0.1810796890175459,10,P003,0.0,0.0,0.0,0.0,0.0,3.891357421875,0.0,0.001220703125,0.0,0.0,0.0,0.0,0.0,0.0,0.0,0.0,0.0,0.0,0.0,0.0,0.0,0.1357421875,0.0,0.74365234375,0.0,0.0,1701,0.1810796890175459,0.8505,0.6694203109824541
193.651455078125,62.13198574933997,603.3334838329255,3765,0.04170166015625,0.001220703125,0.913818359375,14.750488281249998,0.0,0.0,0.0,0.0,0.798828125,63.784423828125,0.072998046875,0.142578125,2.4970703125,0.298583984375,0.156005859375,0.0,0.01123046875,0.0,5.76171875,0.21923828125,0.638916015625,0.08203125,0.870849609375,2.696533203125,1.63232421875,103.38249969482422,48.80128479003906,0.0,208.0,208.0,7.561208248138428,0.9984130859375,-0.2044031620025634,-0.0270398259162902,0.0605656411498785,0.2148953273343218,11,P003,0.0,0.0,0.0,0.0,0.0,3.44189453125,0.0,0.0009765625,0.0,0.0,0.0,0.0,0.0,0.0,0.0,0.0,0.0,0.0,0.0,0.0,0.0,0.19091796875,0.0,1.037353515625,0.0,0.0,1613,0.2148953273343218,0.8065,0.5916046726656781
191.8290185546875,58.79053807295744,597.852548827529,3636,0.03896484375,0.0,1.156982421875,15.01171875,0.0,0.0,0.0,0.0,1.504150390625,63.3408203125,0.074462890625,0.15087890625,2.017333984375,0.409423828125,0.17529296875,0.0,0.00830078125,0.0,5.960693359375,0.229248046875,0.576904296875,0.083740234375,0.8933105468750001,2.995849609375,1.960205078125,102.9558334350586,48.77235412597656,0.0,208.0,208.0,7.562684535980225,0.9984521484375,-0.224863052368164,-0.032791793346405,0.0684819053858518,0.2373361864454676,12,P003,0.0,0.0,0.0,0.0,0.0,1.97314453125,0.0,0.001708984375,0.0,0.0,0.0,0.0,0.0,0.0,0.0,0.0,0.0,0.0,0.0,0.0,0.0,0.31298828125,0.0,1.162841796875,0.0,0.0,1570,0.2373361864454676,0.785,0.5476638135545324
189.9587646484375,58.29931601561007,615.7380075546265,3803,0.0419970703125,0.0,1.685302734375,14.704345703125,0.0,0.0,0.0,0.0,2.29052734375,63.405517578125,0.08349609375,0.180419921875,1.70947265625,0.719970703125,0.199951171875,0.0,0.006591796875,0.0,6.560302734374999,0.2568359375,0.63916015625,0.087890625,0.974609375,2.642578125,2.504638671875,103.36569213867188,48.703224182128906,0.0,208.0,208.0,7.556992530822754,0.9987451171875,-0.2369883060455322,-0.0356268584728241,0.0730568692088127,0.2505394906707664,13,P003,0.0,0.0,0.0,0.0,0.0,0.0,0.0,0.0029296875,0.0,0.0,0.0,0.0,0.0,0.0,0.0,0.0,0.0,0.0,0.0,0.0,0.0,0.618408203125,0.0,0.72705078125,0.0,0.0,1509,0.2505394906707664,0.7545,0.5039605093292335
185.3979663085937,59.44366703075542,691.5322958671985,3900,0.0455810546875,0.0,2.89404296875,13.994140625000002,0.0,0.0,0.0,0.0,1.60791015625,60.03442382812501,0.096435546875,0.236328125,1.624755859375,0.79345703125,0.245361328125,0.0,0.005859375,0.0,7.813232421874999,0.300048828125,0.80712890625,0.1010742187499999,1.121337890625,2.718994140625,3.52001953125,103.73162841796876,48.64718246459961,0.0,208.0,208.0,7.548732280731201,0.99848876953125,-0.1720430850982666,-0.0244052708148956,0.0526258796453475,0.1815596970203586,14,P003,0.0,0.0,0.0,0.0,0.0,0.0,0.0,0.0029296875,0.0,0.0,0.0,0.0,0.0,0.0,0.0,0.0,0.0,0.0,0.0,0.0,0.0,1.460205078125,0.0,0.622314453125,0.0,0.0,1595,0.1815596970203586,0.7975,0.6159403029796414
182.63540771484372,60.36038966355915,777.7328960464896,4001,0.05246337890625,0.0,4.7060546875,12.924072265625,0.0,0.0,0.0,0.0,1.13330078125,57.56298828125001,0.115478515625,0.269287109375,1.6137695312499998,0.8115234375,0.417724609375,0.0,0.00390625,0.0,9.1806640625,0.3603515625,0.8876953125,0.11474609375,1.282958984375,3.018798828125,4.821044921875,104.69029998779295,48.12996292114258,0.0,208.0,208.0,7.513796806335449,0.99864013671875,-0.09663987159729,-0.0116108953952789,0.0284684747457504,0.1014126803144963,15,P003,0.0,0.0,0.0,0.0,0.0,0.0,0.0,0.001953125,0.0,0.0,0.0,0.0,0.0,0.0,0.0,0.0,0.0,0.0,0.0,0.0,0.0,0.291015625,0.0,0.482666015625,0.0,0.0,1727,0.1014126803144963,0.8635,0.7620873196855037
180.3701293945313,60.38384711991143,838.0836001815263,4022,0.057998046875,0.0,5.9990234375,12.08349609375,0.0,0.0,0.0,0.0,1.04736328125,54.96191406249999,0.128662109375,0.298583984375,1.6218261718750002,0.822021484375,0.450927734375,0.0517578125,0.00390625,0.0,10.210693359375,0.4025878906249999,0.8391113281249999,0.12158203125,1.428466796875,3.166748046875,6.002685546875,105.5274429321289,48.06588745117188,0.0,208.0,208.0,7.516752243041992,0.99837158203125,-0.1835626363754272,-0.0125408172607421,0.0436826348304748,0.1891049606869086,16,P003,0.011962890625,0.0,0.0,0.0,0.0,0.0,0.0,0.00146484375,0.0,0.0,0.0,0.0,0.0,0.0,0.0,0.0,0.0,0.0,0.0,0.0,0.0,0.0,0.0,0.34521484375,0.0,0.0,1487,0.1891049606869086,0.7435,0.5543950393130914
171.8641748046875,58.817597902334406,1007.6513115400076,4109,0.07480712890625,0.0,9.575927734375,12.105224609375,0.0,0.0,0.0,0.0,1.642578125,43.766357421875,0.151123046875,0.343017578125,1.6293945312499998,0.88671875,0.46435546875,0.06298828125,0.002197265625,0.0,12.0029296875,0.4794921875,0.84326171875,0.14111328125,1.6293945312499998,3.5654296875,9.681640625,102.16616821289062,47.4533576965332,0.0,208.0,208.0,7.514476776123047,0.9987158203125,-0.1636102199554443,-0.0006061494350433,0.015513390302658,0.1643451756812139,17,P003,0.13232421875,0.013427734375,0.0234375,0.0,0.693359375,0.0,0.0,0.001220703125,0.0,0.0,0.0,0.0,0.0,0.0,0.0,0.0,0.0,0.0,0.0,0.0,0.0,0.0,0.0,0.1630859375,0.0,0.0,1565,0.1643451756812139,0.7825,0.618154824318786
151.3038818359375,57.47692896163676,1487.1428148829873,4416,0.10509521484375,0.0,14.000244140625002,13.255126953124998,0.0,0.0,0.0,0.0,1.662109375,19.165771484375,0.17578125,0.39453125,4.851806640625,1.00830078125,0.336181640625,0.07080078125,0.001708984375,0.0,13.606689453125002,0.5634765625,0.607666015625,0.163818359375,1.842041015625,4.7197265625,20.903564453125,101.07833099365234,48.31454849243164,0.0,208.0,208.0,7.549900054931641,0.99833740234375,-0.2273626327514648,-0.000476986169815,-0.0005728304386138,0.2273638546959368,18,P003,0.144287109375,0.0146484375,0.02734375,0.0,2.47509765625,0.0,0.0,0.001953125,0.0,0.0,0.0,0.0,0.0,0.0,0.0,0.0,0.0,0.0,0.0,0.0,0.0,0.0,0.0,0.00732421875,0.0,0.0,1686,0.2273638546959368,0.843,0.6156361453040632
146.376455078125,58.61273176147741,1602.3991619126737,4306,0.11297119140625,0.0,14.541015625,13.94580078125,0.0,0.0,0.0,0.0,1.6049804687499998,13.749511718749998,0.2165527343749999,0.4897460937499999,5.80517578125,1.3662109375,0.42236328125,0.0849609375,0.001220703125,0.0,11.3232421875,0.681396484375,0.137451171875,0.201904296875,2.161865234375,5.7431640625,23.632568359375,100.90718841552734,48.15692138671875,0.0,208.0,208.0,7.547196388244629,0.99855224609375,-0.1415305137634277,-0.0008103251457214,-0.0091447532176971,0.141827957273572,19,P003,0.1728515625,0.017333984375,0.034423828125,0.002685546875,3.66259765625,0.0,0.0,0.0009765625,0.0,0.0,0.0,0.0,0.0,0.0,0.0,0.0,0.0,0.0,0.0,0.0,0.0,0.0,0.0,0.0,0.0,0.0,1806,0.141827957273572,0.903,0.7611720427264279
145.5198828125,58.74070679645594,1576.4197284625473,4274,0.1105419921875,0.0,15.14990234375,14.570068359375,0.0,0.0,0.0,0.0,1.836669921875,13.64794921875,0.25537109375,0.567626953125,5.122314453125,1.7236328124999998,0.168212890625,0.099853515625,0.001708984375,0.0,8.841552734375,0.62548828125,0.0,0.2314453125,2.21337890625,6.406249999999999,24.1630859375,100.69161224365234,47.86778259277344,0.0,208.0,208.0,7.537370204925537,0.998984375,-0.2072936296463012,-0.0017870366573333,-0.0226660668849945,0.2085367904711003,20,P003,0.202880859375,0.021728515625,0.041015625,0.005859375,4.10302734375,0.0,0.0,0.0009765625,0.0,0.0,0.0,0.0,0.0,0.0,0.0,0.0,0.0,0.0,0.0,0.0,0.0,0.0,0.0,0.0,0.0,0.0,1546,0.2085367904711003,0.773,0.5644632095288997
143.62859375,58.5843235065301,1489.6247019984187,4254,0.10447509765625,0.0,14.53173828125,14.99365234375,0.0,0.00634765625,0.0,0.0,2.30810546875,14.998779296875,0.307861328125,0.63525390625,3.770263671875,1.6650390625,0.16259765625,0.1245117187499999,0.002197265625,0.0,7.01123046875,0.57177734375,0.0,0.28515625,2.386474609375,6.577880859375,25.801025390625,101.55697631835938,47.684268951416016,0.0,208.0,208.0,7.520809173583984,0.99845703125,-0.1699631214141845,-8.603930473327637e-05,-0.0221037566661834,0.1713944167771303,21,P003,0.252197265625,0.03759765625,0.0517578125,0.011962890625,3.50634765625,0.0,0.0,0.000244140625,0.0,0.0,0.0,0.0,0.0,0.0,0.0,0.0,0.0,0.0,0.0,0.0,0.0,0.0,0.0,0.0,0.0,0.0,1617,0.1713944167771303,0.8085,0.6371055832228697
141.62191650390625,58.992683641958,1314.199157603049,4293,0.094892578125,0.0,12.65185546875,15.0751953125,0.0,0.0205078125,0.0,0.0,2.739013671875,16.400146484375,0.340087890625,0.69189453125,2.714599609375,1.8232421875,0.1708984375,0.145751953125,0.002685546875,0.0,6.885986328125,0.65234375,0.0,0.332763671875,2.629638671875,6.221435546875,27.372802734375,103.18267822265624,47.35969924926758,0.0,208.0,208.0,7.507336139678955,0.99876708984375,-0.2520927190780639,0.0064494311809539,-0.0301146507263183,0.2539669788832747,22,P003,0.301513671875,0.057373046875,0.0634765625,0.01953125,2.687255859375,0.0,0.0,0.0,0.0,0.0,0.0,0.0,0.0,0.0,0.0,0.0,0.0,0.0,0.0,0.0,0.0,0.0,0.0,0.0,0.0,0.0,1462,0.2539669788832747,0.731,0.4770330211167253
137.25606689453124,61.39522868300511,1036.9290995479585,4068,0.075439453125,0.0,7.174072265625001,15.616455078125,0.0,0.0551757812499999,0.0,0.0,3.557861328125,16.8369140625,0.409423828125,0.8017578125000001,1.806640625,2.1572265625,0.189453125,0.232177734375,0.004150390625,0.0,7.537353515625,0.947021484375,0.0,0.4365234375,3.11572265625,6.33984375,31.4580078125,103.49041748046876,46.56520462036133,0.0,208.0,208.0,7.477169990539551,0.99923095703125,-0.1805033087730407,0.0123275816440582,-0.0148670226335525,0.1815335839705512,23,P003,0.395263671875,0.095703125,0.086669921875,0.037353515625,0.709228515625,0.0,0.0,0.0,0.0,0.0,0.0,0.0,0.0,0.0,0.0,0.0,0.0,0.0,0.0,0.0,0.0,0.0,0.0,0.0,0.0,0.0,1583,0.1815335839705512,0.7915,0.6099664160294487
135.34504150390626,63.86678989993391,852.2226641602455,3833,0.0594482421875,0.0,3.048095703125,13.905761718750002,0.009521484375,0.065185546875,0.0,0.0,4.336181640625,15.498291015624998,0.46630859375,0.890380859375,1.92041015625,2.220703125,0.195068359375,0.242431640625,0.0048828125,0.0,8.83837890625,1.269775390625,0.0,0.55224609375,3.744873046875,6.815429687500001,35.22412109375,102.30152130126952,46.75481796264648,0.0,208.0,208.0,7.463223457336426,0.999013671875,-0.167744293808937,0.0183386206626892,-0.00589020550251,0.168846520941744,24,P003,0.4921875,0.098876953125,0.10693359375,0.053466796875,0.0,0.0,0.0,0.00048828125,0.0,0.0,0.0,0.0,0.0,0.0,0.0,0.0,0.0,0.0,0.0,0.0,0.0,0.0,0.0,0.0,0.0,0.0,1713,0.168846520941744,0.8565,0.687653479058256
134.78806640625,65.95818970552456,780.1198696860312,3773,0.05439697265625,0.0,1.399658203125,10.707275390625,0.010009765625,0.080078125,0.0,0.0,4.3896484375,14.29736328125,0.538330078125,1.03466796875,2.019775390625,2.291015625,0.135986328125,0.2646484375,0.00537109375,0.0,9.5751953125,1.68115234375,0.0,0.7021484375,4.304443359375,7.41748046875,38.293701171875,99.97269439697266,47.0966911315918,0.0,208.0,208.0,7.515899658203125,0.99906005859375,-0.1353197395801544,0.0167346000671386,0.0004812628030776,0.1363514223370387,25,P003,0.5947265625,0.04443359375,0.1328125,0.07421875,0.0,0.0,0.0,0.005859375,0.0,0.0,0.0,0.0,0.0,0.0,0.0,0.0,0.0,0.0,0.0,0.0,0.0,0.0,0.0,0.0,0.0,0.0,1754,0.1363514223370387,0.877,0.7406485776629612
134.31178955078124,66.93665193842043,775.9798095697166,3806,0.05463134765625,0.0,1.7575683593749998,8.49072265625,0.009033203125,0.0927734375,0.0,0.0,3.778076171875,13.279785156250002,0.620849609375,1.173583984375,2.1484375,2.3427734375,0.1455078125,0.221923828125,0.00439453125,0.0,9.9833984375,2.041259765625,0.0,0.7990722656249999,4.808349609375,7.84912109375,39.63037109375,98.09716033935548,47.972782135009766,0.0,208.0,208.0,7.538444519042969,0.99872802734375,-0.1456005796790123,0.0166987478733062,0.0052567422389984,0.1466492765831728,26,P003,0.56494140625,0.0,0.158935546875,0.089111328125,0.0,0.0,0.0,0.010009765625,0.0,0.0,0.0,0.0,0.0,0.0,0.0,0.0,0.0,0.0,0.0,0.0,0.0,0.0,0.0,0.0,0.0,0.0,1756,0.1466492765831728,0.878,0.7313507234168272
140.4359033203125,61.47072575636382,799.4920774636208,3867,0.0545166015625,0.0,2.300537109375,7.841552734375,0.009765625,0.099609375,0.0,0.003662109375,2.216796875,12.32373046875,0.7548828125,1.32568359375,2.07763671875,2.376220703125,0.153076171875,0.0478515625,0.003173828125,0.0,10.041259765625,2.354248046875,0.0,0.8706054687499999,5.314453125,8.253173828125,41.1181640625,103.03665161132812,48.39420700073242,0.0,208.0,208.0,7.563473701477051,0.99892578125,-0.1502133086323738,0.0120019912719726,0.0100298225879669,0.1510254390025845,27,P003,0.310546875,0.0,0.189208984375,0.0,0.0,0.0,0.0,0.0141601562499999,0.0,0.0,0.0,0.0,0.0,0.0,0.0,0.0,0.0,0.0,0.0,0.0,0.0,0.0,0.0,0.0,0.0,0.0,1724,0.1510254390025845,0.862,0.7109745609974154
142.21892333984374,58.03573467132817,797.1075433501245,3989,0.05492919921875,0.0,3.06005859375,7.748291015625,0.010986328125,0.10595703125,0.0,0.1298828125,0.079345703125,12.048095703125,0.827392578125,1.518310546875,1.87939453125,2.424072265625,0.169189453125,0.0,0.001220703125,0.0,9.880126953125,2.1513671875,0.0,0.951904296875,6.010986328125,8.471923828125,42.5126953125,103.09756469726562,48.02671051025391,0.0,208.0,208.0,7.548993587493896,0.99889404296875,-0.2379952222108841,-0.0018582344055175,0.023946076631546,0.2392040831933222,28,P003,0.0,0.0,0.0,0.0,0.0,0.0,0.0,0.018798828125,0.0,0.0,0.0,0.0,0.0,0.0,0.0,0.0,0.0,0.0,0.0,0.0,0.0,0.0,0.0,0.0,0.0,0.0,1527,0.2392040831933222,0.7635,0.5242959168066778
141.0202490234375,59.49773219923639,828.1467644919813,4370,0.05830322265625,0.0,4.7119140625,7.573730468750001,0.012939453125,0.11767578125,0.0,0.42138671875,0.086669921875,12.786376953125,0.6064453125,1.376220703125,1.6726074218750002,2.52392578125,0.2177734375,0.0,0.0,0.0,9.26953125,2.795654296875,0.0,1.111328125,7.388916015624999,8.92529296875,38.386962890625,103.03739166259766,47.72789764404297,0.0,208.0,208.0,7.531131744384766,0.99904296875,-0.1548790037631988,-0.0110343694686889,0.0196872800588607,0.1565147025437818,29,P003,0.0,0.0,0.0,0.0,0.0,0.0,0.0,0.0146484375,0.0,0.0,0.0,0.0,0.0,0.0,0.0,0.0,0.0,0.0,0.0,0.0,0.0,0.0,0.0,0.0,0.0,0.0,1718,0.1565147025437818,0.859,0.7024852974562181
142.2509765625,61.38518216855464,915.1113006476818,4638,0.0637109375,0.0,6.1552734375,7.6748046875,0.0126953125,0.12744140625,0.0,0.866943359375,0.093505859375,13.447265624999998,0.2939453125,1.052490234375,1.666259765625,2.562744140625,0.234375,0.0,0.0,0.0,9.031494140625,3.1904296875,0.0,1.248291015625,8.989013671875,9.462890625,33.876220703125,104.89895629882812,47.13330459594727,0.0,208.0,208.0,7.513381004333496,0.99889892578125,-0.0993334650993347,-0.0065869390964508,0.0137856900691986,0.1005015935494811,30,P003,0.0,0.0,0.0,0.0,0.0,0.0,0.0,0.0139160156249999,0.0,0.0,0.0,0.0,0.0,0.0,0.0,0.0,0.0,0.0,0.0,0.0,0.0,0.0,0.0,0.0,0.0,0.0,1826,0.1005015935494811,0.913,0.812498406450519
141.796474609375,63.92278249839603,999.3474844999072,4865,0.0695751953125,0.0,6.844970703125,8.179443359375,0.012939453125,0.133544921875,0.0,1.51171875,0.097412109375,14.63623046875,0.1708984375,0.964599609375,1.656005859375,2.569580078125,0.266357421875,0.0,0.0,0.0,9.20361328125,3.77392578125,0.0,1.34814453125,10.55224609375,9.7158203125,28.34912109375,103.45462799072266,46.64569854736328,0.0,208.0,208.0,7.491403102874756,0.99947265625,-0.136319875717163,-0.0029270946979522,0.0197309255599975,0.1377714985850402,31,P003,0.0,0.0,0.0,0.0,0.0,0.0,0.0,0.013427734375,0.0,0.0,0.0,0.0,0.0,0.0,0.0,0.0,0.0,0.0,0.0,0.0,0.0,0.0,0.0,0.0,0.0,0.0,1672,0.1377714985850402,0.836,0.6982285014149597
145.55885498046874,69.63721152138478,1206.691659768098,4931,0.079404296875,0.0,7.62646484375,11.230224609375,0.0126953125,0.141845703125,0.0,1.947509765625,0.098876953125,19.06005859375,0.02001953125,0.881591796875,1.53759765625,2.435546875,0.31005859375,0.0,0.0,0.0,9.052490234375,5.703125,0.0,1.4521484375,12.99755859375,10.205810546875,15.272216796874998,99.10287475585938,46.314579010009766,0.0,208.0,208.0,7.484053611755371,0.999345703125,-0.1297618150711059,0.010280966758728,0.0188743472099304,0.1315297225369345,32,P003,0.0,0.0,0.0,0.0,0.0,0.0,0.0,0.0141601562499999,0.0,0.0,0.0,0.0,0.0,0.0,0.0,0.0,0.0,0.0,0.0,0.0,0.0,0.0,0.0,0.0,0.0,0.0,1598,0.1315297225369345,0.799,0.6674702774630655
147.772001953125,71.96142975483026,1134.513846191025,4884,0.0789306640625,0.0,8.610595703125,10.834716796875,0.012451171875,0.1494140625,0.0,2.32763671875,0.095458984375,22.447021484375,0.0,0.770751953125,1.13037109375,2.013916015625,0.352783203125,0.0,0.0,0.0,8.28857421875,6.453613281249999,0.0,1.486572265625,14.85546875,11.214599609375,8.937744140625,96.59857177734376,46.67516708374024,0.0,208.0,208.0,7.495715141296387,0.99910888671875,-0.1783109903335571,0.0407549738883972,0.0249502658843994,0.1846030686041813,33,P003,0.0,0.0,0.0,0.0,0.0,0.0,0.0,0.018310546875,0.0,0.0,0.0,0.0,0.0,0.0,0.0,0.0,0.0,0.0,0.0,0.0,0.0,0.0,0.0,0.0,0.0,0.0,1449,0.1846030686041813,0.7245,0.5398969313958187
148.5541357421875,74.06017318328797,962.5763296920716,4747,0.07899658203125,0.0,10.442626953125,10.391357421875,0.013427734375,0.0810546875,0.0,2.917724609375,0.076171875,27.2998046875,0.0,0.666015625,0.632568359375,1.6896972656249998,0.635986328125,0.0,0.0,0.0,5.635986328125,6.515625,0.0,1.36572265625,17.4755859375,12.181884765625,1.973388671875,94.30451202392578,46.97638320922852,0.0,208.0,208.0,7.500609874725342,0.99903564453125,-0.1205542087554931,0.0435987114906311,0.015489637851715,0.1291282067291403,34,P003,0.0,0.0,0.0,0.0,0.0,0.0,0.0,0.00537109375,0.0,0.0,0.0,0.0,0.0,0.0,0.0,0.0,0.0,0.0,0.0,0.0,0.0,0.0,0.0,0.0,0.0,0.0,1547,0.1291282067291403,0.7735,0.6443717932708597
147.84398681640624,75.47568998385432,839.734008163357,4540,0.07305419921875,0.0,12.174560546875,10.449951171875,0.0,0.0322265625,0.0,3.24072265625,0.0500488281249999,29.554443359375,0.0,0.498779296875,0.388671875,1.082275390625,0.554443359375,0.0,0.0,0.0,3.157958984375,5.53759765625,0.0,1.1259765625,19.376220703125,12.776123046874998,0.0,92.0896987915039,47.27128601074219,0.0,208.0,208.0,7.502346992492676,0.99896484375,-0.0666310787200927,0.0229291319847106,-0.0021839141845703,0.0704997533764555,35,P003,0.0,0.0,0.0,0.0,0.0,0.0,0.0,0.0,0.0,0.0,0.0,0.0,0.0,0.0,0.0,0.0,0.0,0.0,0.0,0.0,0.0,0.0,0.0,0.0,0.0,0.0,1986,0.0704997533764555,0.993,0.9225002466235444
148.4417333984375,76.03188333662452,773.126151512617,4418,0.0689453125,0.0,13.390869140625,9.8017578125,0.0,0.01123046875,0.0,3.1940917968750004,0.032470703125,29.6923828125,0.0,0.412353515625,0.28125,0.7607421875,0.313232421875,0.0,0.0,0.0,2.3427734375,5.090576171875,0.0,0.965087890625,20.432373046875,13.27880859375,0.0,90.59527587890624,47.470008850097656,0.0,208.0,208.0,7.503164291381836,0.99886474609375,0.0237524509429931,-0.01014906167984,-0.007373034954071,0.0268615714956226,36,P003,0.0,0.0,0.0,0.0,0.0,0.0,0.0,0.0,0.0,0.0,0.0,0.0,0.0,0.0,0.0,0.0,0.0,0.0,0.0,0.0,0.0,0.0,0.0,0.0,0.0,0.0,2357,0.0268615714956226,1.0,0.9731384285043774
151.8293701171875,74.6233512216683,856.5330900305747,4615,0.07444091796875,0.0,13.340087890625,9.6318359375,0.0,0.020751953125,0.0,3.100341796875,0.039794921875,30.76123046875,0.0,0.38623046875,0.358154296875,0.798095703125,0.275146484375,0.0,0.0,0.0,2.71142578125,5.266845703125,0.0,1.06396484375,18.78369140625,13.462402343749998,0.0,90.94266510009766,47.396759033203125,0.0,208.0,208.0,7.501811981201172,0.99876708984375,0.0180981159210205,-0.0074054598808288,-0.0059234499931335,0.0204320800644088,37,P003,0.0,0.0,0.0,0.0,0.0,0.0,0.0,0.0,0.0,0.0,0.0,0.0,0.0,0.0,0.0,0.0,0.0,0.0,0.0,0.0,0.0,0.0,0.0,0.0,0.0,0.0,2454,0.0204320800644088,1.0,0.9795679199355912
153.77543212890626,73.32258093809585,918.731034465766,4741,0.07888916015625,0.0,12.950439453125002,8.072021484375,0.0,0.0275878906249999,0.0,3.11376953125,0.044921875,31.9482421875,0.0,0.486083984375,0.43212890625,1.011474609375,0.27783203125,0.0,0.0,0.0,3.91162109375,5.58251953125,0.0,1.162841796875,17.83935546875,13.139160156249998,0.0,91.2074203491211,47.343055725097656,0.0,208.0,208.0,7.502617359161377,0.998798828125,0.1028887033462524,-0.0351061224937438,-0.0435283780097961,0.1171035644418332,38,P003,0.0,0.0,0.0,0.0,0.0,0.0,0.0,0.0,0.0,0.0,0.0,0.0,0.0,0.0,0.0,0.0,0.0,0.0,0.0,0.0,0.0,0.0,0.0,0.0,0.0,0.0,1597,0.1171035644418332,0.7985,0.6813964355581668
158.19433349609375,70.25492174165373,1102.9406999234616,4839,0.0888916015625,0.0,11.7373046875,6.362060546874999,0.01513671875,0.0490722656249999,0.0,2.872802734375,0.069091796875,33.430419921875,0.0,0.62158203125,1.0556640625,1.446044921875,0.3330078125,0.0,0.0,0.0,5.90869140625,6.94921875,0.0,1.483154296875,13.88525390625,13.129150390625,0.65234375,93.2740707397461,47.312496185302734,0.0,208.0,208.0,7.514674663543701,0.99877685546875,0.1048190593719482,-0.0134059190750122,-0.0749076902866363,0.1295295948343251,39,P003,0.0,0.0,0.0,0.0,0.0,0.0,0.0,0.0,0.0,0.0,0.0,0.0,0.0,0.0,0.0,0.0,0.0,0.0,0.0,0.0,0.0,0.0,0.0,0.0,0.0,0.0,1508,0.1295295948343251,0.754,0.6244704051656749
161.45524169921876,67.09802918945216,1241.1712730748893,4940,0.0881787109375,0.0,10.39990234375,4.60302734375,0.015625,0.12158203125,0.0,2.41455078125,0.075927734375,32.86669921875,0.0,0.319580078125,2.048828125,1.837158203125,0.4814453125,0.0,0.0,0.0,8.553466796875,6.308837890625001,0.0,1.6943359375000002,10.610107421875,13.081787109375002,4.567138671875,94.30004119873048,47.15904998779297,0.0,208.0,208.0,7.509699821472168,0.99896484375,0.102606177330017,0.0003268122673034,-0.0849798470735549,0.1332280332406876,40,P003,0.0,0.0,0.0,0.0,0.0,0.0,0.0,0.0,0.0,0.0,0.0,0.0,0.0,0.0,0.0,0.0,0.0,0.0,0.0,0.0,0.0,0.0,0.0,0.0,0.0,0.0,1582,0.1332280332406876,0.791,0.6577719667593124
162.794716796875,65.35930053499428,1306.2545993313252,4909,0.08845947265625,0.0,9.243896484375,3.5183105468750004,0.015869140625,0.1708984375,0.0,1.978271484375,0.075927734375,33.921875,0.0,1.192138671875,2.457275390625,2.148193359375,0.352294921875,0.0,0.0,0.0,10.95947265625,5.63818359375,0.0,1.8427734375,7.718750000000001,11.779052734375,6.98681640625,95.32312774658205,47.26772689819336,0.0,208.0,208.0,7.516990184783935,0.999169921875,0.114294409751892,0.0026609301567077,-0.0927172116935253,0.1471963790113543,41,P003,0.0,0.0,0.0,0.0,0.0,0.0,0.0,0.0,0.0,0.0,0.0,0.0,0.0,0.0,0.0,0.0,0.0,0.0,0.0,0.0,0.0,0.0,0.0,0.0,0.0,0.0,1572,0.1471963790113543,0.786,0.6388036209886457
161.37299072265623,61.41874118731264,1390.0309220204292,4888,0.085244140625,0.0,8.165283203125,3.16064453125,0.0166015625,0.188232421875,0.0,1.48828125,0.684326171875,29.74169921875,0.0,1.292236328125,3.0361328125,2.353271484375,0.44873046875,0.2646484375,0.000244140625,0.0,13.135498046875,5.36962890625,0.0,2.00927734375,4.917236328125,10.783447265625,12.944580078125,96.7372589111328,47.47150802612305,0.0,208.0,208.0,7.529221534729004,0.999013671875,0.0584054589271545,0.0011946558952331,-0.0460414863191545,0.0743803959230955,42,P003,0.0,0.0,0.0,0.0,0.0,0.0,0.0,0.0,0.0,0.0,0.0,0.0,0.0,0.0,0.0,0.0,0.0,0.0,0.0,0.0,0.0,0.0,0.0,0.0,0.0,0.0,1935,0.0743803959230955,0.9675,0.8931196040769045
161.3746875,59.66838379990671,1398.4959530620335,4858,0.08342529296875,0.0,7.1162109375,3.191650390625,0.017578125,0.200439453125,0.0,1.4130859375,1.671142578125,28.535400390625,0.0,1.052490234375,3.3229980468750004,2.5419921875,0.428955078125,0.40380859375,0.0,0.0,14.343017578125,4.870361328125,0.0,2.21533203125,3.08642578125,10.6142578125,14.69775390625,96.98731231689452,47.7385368347168,0.0,208.0,208.0,7.538558483123779,0.998984375,0.1143301725387573,0.0020201206207275,-0.0873822779394686,0.1439136259634745,43,P003,0.277099609375,0.0,0.0,0.0,0.0,0.0,0.0,0.0,0.0,0.0,0.0,0.0,0.0,0.0,0.0,0.0,0.0,0.0,0.0,0.0,0.0,0.0,0.0,0.0,0.0,0.0,1608,0.1439136259634745,0.804,0.6600863740365255
164.10732177734374,57.13525895217595,1311.116471101469,4684,0.0759814453125,0.0,5.740478515625,3.128173828125,0.019775390625,0.2368164062499999,0.0,1.248046875,2.32177734375,31.079833984375,0.0,0.539794921875,3.4978027343750004,2.589111328125,0.442626953125,0.42138671875,0.0,0.0,14.55322265625,3.482666015625,0.0,1.85888671875,1.595703125,10.13720703125,14.66455078125,98.75555419921876,48.28070068359375,0.0,208.0,208.0,7.558382034301758,0.9990869140625,0.0891514420509338,0.0013797879219055,-0.0654839277267456,0.11062562191912,44,P003,0.71435546875,0.446044921875,0.042236328125,0.072509765625,0.0,0.0,0.0,0.0,0.0,0.0,0.0,0.0,0.0,0.0,0.0,1.1669921875,0.0,0.0,0.0,0.0,0.0,0.0,0.0,0.0,0.0,0.0,1813,0.11062562191912,0.9065,0.7958743780808799
168.353701171875,55.84326684678861,1254.1699534844813,4574,0.07155029296875,0.375732421875,4.948486328125,2.855712890625,0.019775390625,0.28369140625,0.0,0.7412109375,2.60986328125,33.82373046875,0.0,0.27685546875,3.62548828125,2.5009765625,0.438720703125,0.40966796875,0.0,0.0,14.762939453125002,2.63525390625,0.0,1.44287109375,1.226806640625,9.757080078125,14.213378906249998,99.31671905517578,48.58105850219727,0.0,208.0,208.0,7.566489219665527,0.9988134765625,0.0552035570144653,0.0007861256599426,-0.0393355637788772,0.0677889170765005,45,P003,0.679443359375,0.97216796875,0.1865234375,0.180419921875,0.0,0.0,0.0,0.0,0.0,0.0,0.0,0.0,0.0,0.0,0.0,1.033203125,0.0,0.0,0.0,0.0,0.0,0.0,0.0,0.0,0.0,0.0,2115,0.0677889170765005,1.0,0.9322110829234996
168.3477685546875,56.104857791233705,1144.435713220381,4607,0.07160888671875,1.03076171875,4.938720703125,3.014892578125,0.0185546875,0.2822265625,0.0,0.53955078125,2.530517578125,33.608642578125,0.0,0.2587890625,3.951904296875,2.32763671875,0.403076171875,0.41943359375,0.0,0.0,13.800537109375,2.024658203125,0.0,1.638916015625,1.38134765625,9.462646484375,15.62890625,98.6962432861328,48.662635803222656,0.0,208.0,208.0,7.564935684204102,0.99861328125,0.0404472351074218,0.000547170639038,-0.0282108187675476,0.0493166150407618,46,P003,0.709228515625,0.91650390625,0.180419921875,0.172607421875,0.0,0.0,0.0,0.0,0.0,0.0,0.0,0.0,0.0,0.0,0.0,0.759521484375,0.0,0.0,0.0,0.0,0.0,0.0,0.0,0.0,0.0,0.0,2245,0.0493166150407618,1.0,0.950683384959238
165.86660888671875,57.744811195418166,1086.336408687681,4656,0.07326171875,1.39453125,5.364501953125,3.412841796875,0.017333984375,0.2578125,0.0,0.537841796875,2.27099609375,33.136474609375,0.0,0.24853515625,4.3046875,2.1884765625,0.4599609375,0.448486328125,0.0,0.0,11.88330078125,1.56298828125,0.0,1.833251953125,2.06591796875,9.14794921875,16.906005859375,97.83318328857422,48.675418853759766,0.0,208.0,208.0,7.558919906616211,0.99873046875,0.0491164922714233,0.0006334781646728,-0.0335335433483123,0.0594754540724747,47,P003,0.77880859375,0.9228515625,0.1689453125,0.177490234375,0.0,0.0,0.0,0.0,0.0,0.0,0.0,0.0,0.0,0.0,0.0,0.510009765625,0.0,0.0,0.0,0.0,0.0,0.0,0.0,0.0,0.0,0.0,2359,0.0594754540724747,1.0,0.9405245459275252
163.74463623046876,58.7821245431811,1049.4897809705494,4693,0.0734228515625,1.81689453125,5.681640625,3.6904296875,0.015869140625,0.221435546875,0.0,0.6005859375,2.020263671875,32.863525390625,0.0,0.315673828125,4.492919921875,2.135986328125,0.478759765625,0.4614257812499999,0.0068359375,0.0,10.583740234375,1.08935546875,0.0,1.582275390625,3.3107910156250004,8.864013671875,17.430419921875,97.08747863769533,48.518985748291016,0.0,208.0,208.0,7.554092884063721,0.9987158203125,0.1299827694892883,0.0015269517898559,-0.0847430825233459,0.1551748754838638,48,P003,0.8393554687500001,0.951416015625,0.0810546875,0.169921875,0.0,0.0,0.0,0.0,0.0,0.0,0.0,0.0,0.0,0.0,0.0,0.29541015625,0.0,0.0,0.0,0.0,0.0,0.0,0.0,0.0,0.0,0.0,2080,0.1551748754838638,1.0,0.8448251245161362
162.3151318359375,60.55447015694613,1019.2155870113314,4683,0.07306396484375,3.276611328125,5.12353515625,2.875732421875,0.014892578125,0.24951171875,0.0,0.641845703125,1.96484375,32.341064453125,0.0,0.32568359375,4.7451171875,2.366943359375,0.4345703125,0.495361328125,0.205078125,0.0,12.493896484375,0.685302734375,0.0,1.417724609375,3.82861328125,7.95849609375,16.39208984375,96.55217742919922,48.1802864074707,0.0,208.0,208.0,7.546380043029785,0.99886474609375,0.0749439895153045,0.0007876753807067,-0.0460237860679626,0.0879511846481049,49,P003,0.882568359375,0.902587890625,0.166015625,0.178466796875,0.0,0.0,0.0,0.0,0.0,0.0,0.0,0.0,0.0,0.0,0.0,0.033447265625,0.0,0.0,0.0,0.0,0.0,0.0,0.0,0.0,0.0,0.0,2498,0.0879511846481049,1.0,0.9120488153518952
161.9114306640625,61.71646603530371,1038.2723822831867,4653,0.0743212890625,3.4672851562500004,4.896728515625,2.234130859375,0.0146484375,0.263671875,0.0,0.65087890625,1.9091796875,31.776123046875,0.0,0.32763671875,4.804443359375,2.597900390625,0.421630859375,0.511962890625,0.35791015625,0.0,14.326660156250002,0.56689453125,0.0,1.35302734375,4.118408203125,7.68115234375,15.58203125,96.69297790527344,47.97368240356445,0.0,208.0,208.0,7.540359973907471,0.999111328125,0.1217178329825401,0.0011390447616577,-0.0698499381542205,0.1403408071413408,50,P003,0.884033203125,0.88916015625,0.187744140625,0.1767578125,0.0,0.0,0.0,0.0,0.0,0.0,0.0,0.0,0.0,0.0,0.0,0.0,0.0,0.0,0.0,0.0,0.0,0.0,0.0,0.0,0.0,0.0,2397,0.1403408071413408,1.0,0.8596591928586591
162.6298828125,62.60326723067269,1038.0627072541652,4635,0.07370849609375,3.3596191406250004,4.293701171875,1.53955078125,0.013671875,0.276611328125,0.0205078125,0.699951171875,1.924560546875,31.287353515625,0.0,0.30712890625,4.972412109375,2.73779296875,0.37939453125,0.503173828125,0.40380859375,0.0,17.215087890625,0.458740234375,0.0,1.308837890625,3.9677734375,7.315917968750001,14.961181640624998,97.48406982421876,47.58153533935547,0.0,208.0,208.0,7.531429767608643,0.99921142578125,0.0738314017653465,0.0006089806556701,-0.0391550958156585,0.083573729559045,51,P003,0.904541015625,0.8129882812499999,0.175048828125,0.16064453125,0.0,0.0,0.0,0.0,0.0,0.0,0.0,0.0,0.0,0.0,0.0,0.0,0.0,0.0,0.0,0.0,0.0,0.0,0.0,0.0,0.0,0.0,2681,0.083573729559045,1.0,0.9164262704409548
163.694697265625,62.62780914830842,1044.124597077793,4613,0.07344970703125,3.1887207031250004,3.89697265625,1.26806640625,0.01318359375,0.2734375,0.062744140625,0.7216796875,1.953857421875,31.235595703125004,0.0,0.28173828125,5.046630859375,2.811767578125,0.356689453125,0.48291015625,0.37158203125,0.000732421875,18.892578125,0.4064941406249999,0.0,1.29443359375,3.690185546875,7.082763671875,14.625976562500002,98.40080261230467,47.44081497192383,0.0,208.0,208.0,7.528818130493164,0.9992626953125,0.1529172509908676,0.0010391473770141,-0.0720171630382537,0.1690302850082007,52,P003,0.975341796875,0.757568359375,0.159912109375,0.1484375,0.0,0.0,0.0,0.0,0.0,0.0,0.0,0.0,0.0,0.0,0.0,0.0,0.0,0.0,0.0,0.0,0.0,0.0,0.0,0.0,0.0,0.0,2300,0.1690302850082007,1.0,0.8309697149917992
165.22725341796874,61.4897987913096,1033.403829866195,4647,0.0709765625,2.614501953125,2.984375,1.056396484375,0.01318359375,0.2646484375,0.15380859375,0.7255859375,2.00830078125,30.997558593750004,0.0,0.20751953125,5.25048828125,2.839599609375,0.64453125,1.042236328125,0.170654296875,0.031982421875,21.302978515625,0.322265625,0.0,1.271240234375,2.904541015625,6.19775390625,15.09619140625,100.28748321533205,47.24229431152344,0.0,208.0,208.0,7.5233564376831055,0.99921875,0.0842956453561782,0.0004616975784301,-0.0340351462364196,0.0909085263878091,53,P003,1.031005859375,0.620849609375,0.128662109375,0.119140625,0.0,0.0,0.0,0.0,0.0,0.0,0.0,0.0,0.0,0.0,0.0,0.0,0.0,0.0,0.0,0.0,0.0,0.0,0.0,0.0,0.0,0.0,2525,0.0909085263878091,1.0,0.9090914736121908
166.2135400390625,60.077249109897295,995.934508871311,4532,0.0696337890625,2.2880859375,2.089111328125,0.67138671875,0.0139160156249999,0.2568359375,0.1748046875,0.73388671875,1.6801757812499998,32.17919921875,0.0,0.17578125,5.4677734375,2.76806640625,0.642578125,0.915283203125,0.0,0.052001953125,23.062744140625,0.317626953125,0.0,1.335205078125,1.84130859375,5.368896484375,16.2421875,100.95480346679688,47.1923942565918,0.0,208.0,208.0,7.51984977722168,0.99919921875,0.0102808475494384,5.400180816650391e-05,-0.0038844943046569,0.0109903611648113,54,P003,0.8818359374999999,0.5283203125,0.107666015625,0.0991210937499999,0.0,0.0,0.0,0.0,0.0,0.1062011718749999,0.0,0.0,0.0,0.0,0.0,0.0,0.0,0.0,0.0,0.0,0.0,0.0,0.0,0.0,0.0,0.0,2418,0.0109903611648113,1.0,0.9890096388351888
166.06478271484374,59.57670758686875,981.959854943508,4333,0.0653759765625,2.19970703125,1.07373046875,0.089111328125,0.0166015625,0.266845703125,0.099609375,0.77880859375,1.504150390625,32.213623046875,0.0,0.2043457031249999,6.234130859375,2.6689453125,0.517578125,0.787109375,0.0,0.0275878906249999,24.145751953125,0.27978515625,0.0,0.908935546875,0.969482421875,5.215576171875,17.917724609375,100.91886901855467,47.09036636352539,0.0,208.0,208.0,7.515970230102539,0.99912109375,0.0496239364147186,0.0002581477165222,-0.0179924964904785,0.0527857143126382,55,P003,0.7844238281250001,0.474365234375,0.094482421875,0.085693359375,0.097900390625,0.0,0.0,0.0,0.0,0.343994140625,0.0,0.0,0.0,0.0,0.0,0.0,0.0,0.0,0.0,0.0,0.0,0.0,0.0,0.0,0.0,0.0,2119,0.0527857143126382,1.0,0.9472142856873618
163.17529052734375,63.22337884908007,961.9354826267004,4095,0.06030029296875,2.11328125,0.147216796875,0.033935546875,0.01953125,0.287109375,0.053955078125,0.841552734375,1.256591796875,30.67138671875,0.0,0.145751953125,8.400634765625,2.22021484375,0.445068359375,0.677978515625,0.0,0.0185546875,25.989013671875,0.261474609375,0.0,0.16259765625,0.29736328125,5.328369140625,18.635009765625,100.844482421875,46.99645614624024,0.0,208.0,208.0,7.514124870300293,0.9991162109375,0.0975897163152694,0.0005173087120056,-0.031704306602478,0.1026118092421248,56,P003,0.692626953125,0.4228515625,0.083740234375,0.07470703125,0.458740234375,0.0,0.0,0.0,0.0,0.2607421875,0.0,0.0,0.0,0.0,0.0,0.0,0.0,0.0,0.0,0.0,0.0,0.0,0.0,0.0,0.0,0.0,1919,0.1026118092421248,0.9595,0.8568881907578751
160.60335693359374,66.52641936549928,913.3440744895876,3994,0.05824462890625,2.025634765625,0.0,0.01171875,0.021728515625,0.24609375,0.006591796875,0.8955078125,1.033935546875,29.57373046875,0.0,0.0693359375,10.01220703125,1.5710449218749998,0.384765625,0.60986328125,0.0,0.014892578125,28.712158203125,0.242431640625,0.0,0.0,0.0,4.84912109375,17.413818359375,101.16180419921876,46.932430267333984,0.0,208.0,208.0,7.508089065551758,0.9989990234375,0.1795744001865387,0.0011478066444396,-0.0463815331459045,0.1854711009279149,57,P003,0.630859375,0.384765625,0.0751953125,0.066162109375,0.93310546875,0.0,0.0,0.0,0.0,0.21533203125,0.0,0.0,0.0,0.0,0.0,0.0,0.0,0.0,0.0,0.0,0.0,0.0,0.0,0.0,0.0,0.0,1771,0.1854711009279149,0.8855,0.700028899072085
159.60973876953125,66.51090608539998,915.5830226037444,4007,0.0573291015625,1.7744140625000002,0.0,0.00439453125,0.021728515625,0.17431640625,0.00830078125,0.864990234375,0.887451171875,29.721191406250004,0.0,0.067138671875,9.703857421875,1.537109375,0.62939453125,0.559326171875,0.0,0.00341796875,31.2646484375,0.193115234375,0.0,0.0,0.0,4.085693359375,15.848388671875,102.68286895751952,46.92772674560547,0.0,208.0,208.0,7.494905948638916,0.99901123046875,0.1788691878318786,0.0016691088676452,-0.0327212810516357,0.1818451388234177,58,P003,0.575927734375,0.34619140625,0.068359375,0.0595703125,1.411376953125,0.0,0.0,0.0,0.0,0.189697265625,0.0,0.0,0.0,0.0,0.0,0.0,0.0,0.0,0.0,0.0,0.0,0.0,0.0,0.0,0.0,0.0,1715,0.1818451388234177,0.8575,0.6756548611765822
158.07592529296875,66.08914965888911,960.504453881836,4145,0.05977294921875,1.4794921875,0.0,0.0,0.019775390625,0.212158203125,0.045654296875,0.775390625,0.800537109375,29.36962890625,0.0,0.060302734375,9.438232421875,1.6237792968750002,1.120361328125,0.523681640625,0.0,0.0224609375,33.148681640625,0.161865234375,0.0,0.0,0.0,3.4619140625000004,14.876953125,103.99089813232422,47.01430892944336,0.0,208.0,208.0,7.491018295288086,0.9991064453125,0.2003224492073059,0.0028178691864013,-0.0236313343048095,0.2017311676568373,59,P003,0.53076171875,0.315673828125,0.063232421875,0.0546875,1.71630859375,0.0,0.0,0.0,0.0,0.17822265625,0.0,0.0,0.000244140625,0.0,0.0,0.0,0.0,0.0,0.0,0.0,0.0,0.0,0.0,0.0,0.0,0.0,1719,0.2017311676568373,0.8595,0.6577688323431627
157.229609375,64.6458746224907,970.9632443009316,4188,0.05938232421875,1.154296875,0.0,0.0,0.017578125,0.24072265625,0.1174316406249999,0.660888671875,0.8034667968749999,28.802001953125,0.0,0.052978515625,9.148193359375,1.445556640625,1.0068359375,0.476806640625,0.0,0.019775390625,35.6787109375,0.12744140625,0.0,0.0,0.01123046875,2.846435546875,14.1572265625,105.31260681152344,47.170597076416016,0.0,208.0,208.0,7.494223594665527,0.999208984375,0.2645145654678345,0.0056760907173156,-0.0156018137931823,0.2650350730452587,60,P003,0.476318359375,0.27978515625,0.05859375,0.04931640625,2.160888671875,0.0,0.0,0.0,0.0,0.162841796875,0.0,0.0,0.044677734375,0.0,0.0,0.0,0.0,0.0,0.0,0.0,0.0,0.0,0.0,0.0,0.0,0.0,1683,0.2650350730452587,0.8415,0.5764649269547413
156.04475341796876,61.974120508920784,884.6730124423743,4157,0.0563525390625,0.8488769531250001,0.0,0.0,0.015869140625,0.2124023437499999,0.158935546875,0.549072265625,1.21240234375,28.029296875,0.0,0.064208984375,8.01171875,0.59375,1.044189453125,0.411865234375,0.0,0.01171875,38.7900390625,0.082275390625,0.0,0.0,0.0654296875,2.40234375,13.263671875,107.25700378417967,47.542457580566406,0.0,208.0,208.0,7.521120071411133,0.9991845703125,0.265826940536499,0.0080044865608215,-0.0040440559387207,0.2659781729926974,61,P003,0.421630859375,0.235107421875,0.051025390625,0.0419921875,3.1560058593750004,0.0,0.0,0.0,0.0,0.13623046875,0.0,0.0,0.18994140625,0.0,0.0,0.0,0.0,0.0,0.0,0.0,0.0,0.0,0.0,0.0,0.0,0.0,1725,0.2659781729926974,0.8625,0.5965218270073027
150.560517578125,61.01762320452173,881.5770984707773,3975,0.058076171875,0.62451171875,0.0,0.0,0.0146484375,0.18701171875,0.16357421875,0.458740234375,1.264404296875,25.13037109375,0.0,0.074462890625,6.91259765625,0.498291015625,1.7138671875,0.3525390625,0.0,0.00439453125,39.81689453125,0.0500488281249999,0.0,0.0,0.06640625,2.099853515625,12.76318359375,107.40555572509766,48.26601028442383,0.0,208.0,208.0,7.551224231719971,0.9985595703125,0.1772892475128173,0.0062842965126037,0.0011119246482849,0.1774040756091663,62,P003,0.492919921875,0.197509765625,0.043212890625,0.20947265625,3.852294921875,0.0,0.0,0.0,0.0,0.1123046874999999,0.0,0.0,0.14501953125,0.0,0.0,0.0,0.0,0.0,0.0,0.0,0.0,0.0,2.75146484375,0.0,0.0,0.0,1828,0.1774040756091663,0.914,0.7365959243908337
168.9637353515625,62.53083066382603,769.5536002270637,3834,0.0522412109375,0.51513671875,0.0,0.0,0.0139160156249999,0.17138671875,0.162109375,0.40771484375,0.485595703125,39.176025390625,0.0,0.085693359375,6.430419921875,0.27294921875,2.079345703125,0.31982421875,0.0,0.004150390625,31.072509765625,0.029052734375,0.0,0.0,0.052490234375,1.90380859375,12.3974609375,107.32069396972656,48.50246810913086,0.0,208.0,208.0,7.543758392333984,0.9979638671875,0.0954045057296752,0.0036272406578063,0.0013415813446044,0.0954828593456306,63,P003,0.315185546875,0.17626953125,0.040283203125,0.03125,3.7568359375,0.0,0.0,0.0,0.0,0.1005859375,0.0,0.0,0.0,0.0,0.0,0.0,0.0,0.0,0.0,0.0,0.0,0.0,0.0,0.0,0.0,0.0,1992,0.0954828593456306,0.996,0.9005171406543694
176.1355322265625,58.80768789392783,717.9639428251029,3807,0.04882568359375,0.464111328125,0.0,0.0,0.013427734375,0.1630859375,0.15625,0.37890625,0.46337890625,45.082275390625,0.0,0.096923828125,5.060302734375,0.136962890625,1.61962890625,0.30712890625,0.0,0.00537109375,28.750732421875004,0.01953125,0.0,0.0,0.044189453125,1.7893066406250002,11.5390625,106.61293029785156,48.88052368164063,0.0,208.0,208.0,7.55211877822876,0.99790283203125,0.0608309507369995,0.0023894906044006,0.0010262131690979,0.0608865120234704,64,P003,0.295166015625,0.16552734375,0.0380859375,0.02978515625,3.283447265625,0.0,0.0,0.0,0.0,0.097412109375,0.0,0.0,0.0,0.0,0.0,0.0,0.0,0.0,0.0,0.0,0.0,0.0,0.0,0.0,0.0,0.0,2170,0.0608865120234704,1.0,0.9391134879765296
179.40399658203123,56.13440907301466,697.3572935600045,3745,0.0486181640625,0.431884765625,0.0,0.0,0.013671875,0.1552734375,0.164794921875,0.35693359375,0.44873046875,48.094970703125,0.0,0.115966796875,4.3662109375,0.07666015625,1.34130859375,0.295654296875,0.0,0.0070800781249999,27.877685546875,0.017822265625,0.0,0.0,0.042724609375,1.706298828125,11.376953125,105.67066192626952,49.15990447998047,0.0,208.0,208.0,7.561622619628906,0.99806640625,0.0020433664321899,8.14199447631836e-05,3.647804260253906e-05,0.0020453132354722,65,P003,0.287353515625,0.159912109375,0.037841796875,0.0283203124999999,2.5009765625,0.0,0.0,0.0,0.0,0.094970703125,0.0,0.0,0.0,0.0,0.0,0.0,0.0,0.0,0.0,0.0,0.0,0.0,0.0,0.0,0.0,0.0,2486,0.0020453132354722,1.0,0.9979546867645276
179.3066162109375,56.09057229139093,706.0000730085133,3702,0.049130859375,0.427734375,0.0,0.002685546875,0.01220703125,0.156494140625,0.17431640625,0.355224609375,0.4475097656249999,48.015380859375,0.0,0.126953125,4.441650390625,0.07373046875,1.333740234375,0.29736328125,0.0,0.0070800781249999,27.82421875,0.01708984375,0.0,0.0,0.047607421875,1.6962890625,11.46533203125,105.61056518554688,49.1494140625,0.0,208.0,208.0,7.5620622634887695,0.99810546875,0.0670807361602783,0.0026997923851013,0.0012340545654296,0.0671463843657868,66,P003,0.284912109375,0.159912109375,0.03759765625,0.028564453125,2.472900390625,0.0,0.0,0.0,0.0,0.093505859375,0.0,0.0,0.0,0.0,0.0,0.0,0.0,0.0,0.0,0.0,0.0,0.0,0.0,0.0,0.0,0.0,2217,0.0671463843657868,1.0,0.9328536156342132
182.15669921875,55.812079637304144,631.5723777668416,3526,0.04614990234375,0.39599609375,0.0,0.021484375,0.01318359375,0.1513671875,0.1552734375,0.337158203125,0.4306640625,51.9169921875,0.0,0.119873046875,3.828369140625,0.03125,1.1962890625,0.282958984375,0.0,0.008544921875,25.966796875,0.013427734375,0.0,0.0,0.043701171875,1.628173828125,11.50146484375,105.23709106445312,49.44099807739258,0.0,208.0,208.0,7.563465118408203,0.99810546875,0.1349668502807617,0.0056067109107971,0.0025994777679443,0.1351082646125426,67,P003,0.27197265625,0.150146484375,0.034912109375,0.026611328125,1.473388671875,0.0,0.0,0.0,0.0,0.0,0.0,0.0,0.0,0.0,0.0,0.0,0.0,0.0,0.0,0.0,0.0,0.0,0.0,0.0,0.0,0.0,1767,0.1351082646125426,0.8835,0.7483917353874573
185.69562744140623,56.029872023820765,546.7197273735463,3165,0.04279541015625,0.34521484375,0.0,0.079345703125,0.0126953125,0.14453125,0.124755859375,0.305419921875,0.309326171875,58.121337890625,0.0,0.099609375,3.37841796875,0.0,0.962158203125,0.14111328125,0.0,0.01171875,23.16455078125,0.010986328125,0.0,0.0,0.032958984375,1.53662109375,10.485595703125,102.8385238647461,49.85389709472656,0.0,208.0,208.0,7.558248519897461,0.9977294921875,0.1931245326995849,0.0083518624305725,0.0033411383628845,0.1933339130676566,68,P003,0.209228515625,0.136962890625,0.03271484375,0.02099609375,0.333740234375,0.0,0.0,0.0,0.0,0.0,0.0,0.0,0.0,0.0,0.0,0.0,0.0,0.0,0.0,0.0,0.0,0.0,0.0,0.0,0.0,0.0,1411,0.1933339130676566,0.7055,0.5121660869323434
188.7821240234375,55.29567740102768,483.5671849824846,2663,0.03676025390625,0.29345703125,0.0,0.25146484375,0.011962890625,0.107421875,0.094482421875,0.274169921875,0.1396484375,64.27197265625,0.0,0.072998046875,3.008544921875,0.0,0.718994140625,0.083251953125,0.0,0.015869140625,21.370361328125,0.00732421875,0.0,0.0,0.015625,1.412841796875,7.84619140625,100.47314453125,49.670066833496094,0.0,208.0,208.0,7.565529823303223,0.99806396484375,0.1780445575714111,0.0079536437988281,0.0019123554229736,0.1782323821131893,69,P003,0.00341796875,0.0,0.0,0.0,0.0,0.0,0.0,0.0,0.0,0.0,0.0,0.0,0.0,0.0,0.0,0.0,0.0,0.0,0.0,0.0,0.0,0.0,0.0,0.0,0.0,0.0,1239,0.1782323821131893,0.6195,0.4412676178868107
191.5391748046875,54.25006488063795,448.3763277816773,2281,0.03382568359375,0.26123046875,0.0048828125,0.247314453125,0.011962890625,0.1064453125,0.068603515625,0.2509765625,0.057861328125,67.1494140625,0.0,0.041748046875,2.830322265625,0.0,0.528076171875,0.0,0.0,0.017578125,21.83056640625,0.003662109375,0.0,0.0,0.001708984375,1.29248046875,5.28662109375,99.6311264038086,49.33232879638672,0.0,208.0,208.0,7.568204879760742,0.99820068359375,0.1191942691802978,0.0054146647453308,0.0001800060272216,0.1193173281711397,70,P003,0.0,0.0,0.0,0.0,0.0,0.0,0.0,0.0,0.0,0.0,0.0,0.0,0.0,0.0,0.0,0.0,0.0,0.0,0.0,0.0,0.0,0.008544921875,0.0,0.0,0.0,0.0,1147,0.1193173281711397,0.5735,0.4541826718288602
192.0343432617188,52.80524043793706,450.7108908469916,2071,0.03282470703125,0.251708984375,0.0,0.048828125,0.01220703125,0.095458984375,0.044921875,0.244384765625,0.047607421875,68.119384765625,0.0,0.036865234375,2.71533203125,0.0,0.405517578125,0.0,0.0,0.017578125,22.88525390625,0.001708984375,0.0,0.0,0.0,1.23583984375,3.4023437500000004,99.3344497680664,48.96027755737305,0.0,208.0,208.0,7.563925743103027,0.9983935546875,0.1281960010528564,0.0058779120445251,-0.0009794831275939,0.1283344222067656,71,P003,0.0,0.0,0.0,0.0,0.0,0.3017578125,0.0,0.0,0.0,0.0,0.0,0.0,0.0,0.0,0.0,0.0,0.0,0.0,0.0,0.0,0.0,0.13330078125,0.0,0.0,0.0,0.0,931,0.1283344222067656,0.4655,0.3371655777932343
190.0402026367188,53.47578779531942,433.0747070297239,1809,0.03180908203125,0.22314453125,0.0,0.0,0.010986328125,0.04345703125,0.015380859375,0.225830078125,0.0380859375,67.51611328125,0.0,0.038818359375,2.374755859375,0.0,0.334716796875,0.0,0.0,0.01806640625,24.53515625,0.000732421875,0.0,0.0,0.0,1.116943359375,1.759765625,101.26354217529295,48.7412338256836,0.0,208.0,208.0,7.563360691070557,0.9985986328125,0.2223269939422607,0.0103151202201843,-0.003933310508728,0.2226009094143979,72,P003,0.0,0.0,0.0,0.0,0.0,1.505859375,0.0,0.0,0.0,0.0,0.0,0.0,0.0,0.0,0.0,0.0,0.0,0.0,0.0,0.0,0.0,0.2421875,0.0,0.0,0.0,0.0,661,0.2226009094143979,0.3305,0.1078990905856021
185.30650146484376,53.65601439337922,388.81926672647,1451,0.03111083984375,0.125244140625,0.0,0.0,0.0,0.018798828125,0.0,0.162841796875,0.0224609375,67.22998046875,0.0,0.03857421875,1.795654296875,0.0,1.356689453125,0.0,0.0,0.018798828125,24.270751953125,0.0,0.0,0.0,0.0,0.878173828125,0.64697265625,102.11614227294922,48.802520751953125,0.0,208.0,208.0,7.562916278839111,0.99846435546875,0.2498342990875244,0.0117430686950683,-0.0072726607322692,0.2502158433374241,73,P003,0.0,0.0,0.0,0.0,0.0,3.125732421875,0.0,0.0,0.0,0.0,0.0,0.0,0.0,0.0,0.0,0.0,0.0,0.0,0.0,0.0,0.0,0.309326171875,0.0,0.0,0.0,0.0,492,0.2502158433374241,0.246,0.0042158433374241
179.09075927734375,53.47059421643868,373.1692998215615,1622,0.031025390625,0.05126953125,0.0,0.0,0.0,0.000244140625,0.0,0.085205078125,0.0141601562499999,68.75634765625,0.0,0.00830078125,1.32568359375,0.0,1.1318359375,0.0,0.0,0.0,23.78955078125,0.0,0.0,0.0,0.0,0.641357421875,0.166748046875,102.88745880126952,49.001258850097656,0.0,208.0,208.0,7.565581321716309,0.9983203125,0.2598330974578857,0.0123517513275146,-0.0101739168167114,0.2603253980671292,74,P003,0.0,0.0,0.0,0.0,0.0,3.8759765625,0.0,0.0,0.0,0.0,0.0,0.0,0.0,0.0,0.0,0.0,0.0,0.0,0.0,0.0,0.0,0.1533203125,0.0,0.0,0.0,0.0,557,0.2603253980671292,0.2785,0.0181746019328708
167.80989501953124,55.07916227071775,409.6404548782112,1460,0.03568115234375,0.00830078125,0.0,0.0,0.0,0.0,0.0,0.035888671875,0.00732421875,67.70947265625,0.0,0.0,1.716552734375,0.0,0.771484375,0.0,0.0,0.0,25.87451171875,0.0,0.0,0.0,0.0,0.407958984375,0.02685546875,102.3629913330078,48.811153411865234,0.0,208.0,208.0,7.567834854125977,0.998564453125,0.2675213813781738,0.0128310322761535,-0.012562870979309,0.2681233869154289,75,P003,0.0,0.0,0.0,0.0,0.0,3.400634765625,0.0,0.0,0.0,0.0,0.0,0.0,0.0,0.0,0.0,0.0,0.0,0.0,0.0,0.0,0.0,0.041015625,0.0,0.0,0.0,0.0,546,0.2681233869154289,0.273,0.0048766130845711
151.31278076171876,60.15786371806166,640.7360838773488,3069,0.049599609375,0.0,0.0,0.0,0.0,0.0,0.0,0.001220703125,0.00732421875,59.946044921875,0.0,0.0009765625,3.73095703125,0.0,0.537841796875,0.0,0.0,0.0,30.449462890625,0.0,0.0,0.0,0.0,0.32666015625,0.0,103.018798828125,48.66442489624024,0.0,208.0,208.0,7.5633063316345215,0.998515625,0.2960131168365478,-0.0118409395217895,-0.0584214329719543,0.3019553560024113,76,P003,0.0,0.0,0.0,0.0,0.0,2.707275390625,0.0,0.0,0.0,0.0,0.0,0.0,0.0,0.0,0.0,0.0,0.0,0.0,0.2861328125,1.973876953125,0.0,0.0078125,0.0,0.0,0.0244140625,0.0,878,0.3019553560024113,0.439,0.1370446439975887
140.50582275390624,64.36009528822655,645.5489046859741,3149,0.04851318359375,0.0,0.0,0.0,0.0,0.0,0.000244140625,0.0,0.0,54.936767578125,0.0,0.0,2.62109375,0.0,0.481201171875,0.0,0.0,0.0,32.453857421875,0.0,0.0,0.0,0.0,0.302978515625,0.0,104.92375946044922,48.36171340942383,0.0,208.0,208.0,7.558265686035156,0.9989208984375,0.1962177753448486,-0.0574265718460083,-0.1268075704574585,0.2405813509825513,77,P003,0.0,0.0,0.0,0.0,0.0,1.809814453125,0.0,0.0,0.0,0.0,0.0,0.7834472656250001,0.0,0.0,0.0,0.0,0.0,0.0,0.581787109375,5.967041015625,0.0,0.0,0.0,0.0,0.0617675781249999,0.0,951,0.2405813509825513,0.4755,0.2349186490174486
132.28861328125,63.804979227713,627.9343325128317,3176,0.0479443359375,0.0,0.0,0.0,0.0,0.0,0.031005859375,0.0,0.0,53.523681640625,0.0,0.0,2.08349609375,0.0,0.687255859375,0.0,0.0,0.0,31.334716796875,0.0,0.0,0.0,0.0,0.2783203125,0.0,105.33056640625,48.83035659790039,0.0,208.0,208.0,7.560619354248047,0.9984716796875,0.198702335357666,-0.0385879278182983,-0.1196147203445434,0.2351155621667862,78,P003,0.0,0.0,0.0,0.0,0.0,0.987060546875,0.0,0.03173828125,0.0,0.0,0.0,2.7060546875,0.0,0.0,0.0,0.0,0.0,0.0,0.69580078125,7.521240234375,0.0,0.0,0.0,0.0,0.096435546875,0.023193359375,856,0.2351155621667862,0.428,0.1928844378332137
133.633681640625,59.43204796663179,425.5186149966657,2696,0.03676025390625,0.0,0.0,0.0,0.0,0.0,0.058837890625,0.0,0.0,61.73486328125,0.0,0.0,1.78759765625,0.0,0.0712890625,0.0,0.0,0.0,26.555908203125,0.0,0.0,0.0,0.0,0.19677734375,0.0,104.82470703125,48.52218627929688,0.0,208.0,208.0,7.548709869384766,0.9985546875,0.1393413543701172,-0.0058279633522033,-0.0834801197052002,0.1625389448117827,79,P003,0.0,0.0,0.0,0.0,0.0,0.43115234375,0.0,0.104736328125,0.0,0.0,0.0,0.0,0.0,0.0,0.0,0.0,0.0,0.0,0.7824707031249999,8.105712890625,0.0,0.0,0.0,0.0,0.07568359375,0.094970703125,689,0.1625389448117827,0.3445,0.1819610551882172
139.7389306640625,56.5860305598527,287.6112729392946,1702,0.0272412109375,0.0,0.0,0.0,0.0,0.0,0.0,0.0,0.0,65.876220703125,0.0,0.0,0.0,0.0,0.0275878906249999,0.0,0.0,0.0,24.556884765625,0.0,0.216796875,0.0,0.0,0.193115234375,0.0,105.18074035644533,48.29125213623047,0.0,208.0,208.0,7.54659366607666,0.998564453125,0.1346936225891113,-0.0003265142440795,-0.0860378742218017,0.159828014998423,80,P003,0.0,0.0,0.0,0.0,0.0,0.259521484375,0.0,0.122314453125,0.0,0.0,0.0,0.0,0.0,0.0,0.0,0.0,0.0,0.0,0.64306640625,7.921386718749999,0.0,0.0,0.0,0.0,0.0654296875,0.11767578125,367,0.159828014998423,0.1835,0.0236719850015769
140.0579638671875,52.787641658533936,234.39706594251984,1303,0.026669921875,0.0,0.0,0.0,0.0,0.0,0.0,0.0,0.0,62.912353515625,0.0,0.0,0.0,0.0,0.0,0.0,0.0,0.0,24.007568359375,0.0,6.282470703125,0.0,0.0,0.2099609375,0.0,104.8415069580078,48.310577392578125,0.0,208.0,208.0,7.549928665161133,0.99861328125,0.2031421661376953,-0.0009686350822448,-0.1351722478866577,0.2440065870335667,81,P003,0.0,0.0,0.0,0.0,0.0,0.096923828125,0.039794921875,0.08935546875,0.0,0.0,0.0,0.0,0.0,0.0,0.0,0.0,0.0,0.0,0.0,6.2353515625,0.0,0.0,0.0,0.0,0.0,0.126220703125,366,0.2440065870335667,0.183,0.0610065870335667
135.29095947265623,51.50430445363999,243.93957859920863,2542,0.03510498046875,0.0,0.0,0.0,0.0,0.0,0.0,0.0,0.0,49.52392578125,0.0,0.0,0.0,0.0,0.0,0.0,0.0,0.0,23.434814453125,0.0,23.496337890625,0.0,0.0,0.201416015625,0.0,103.08392333984376,48.695613861083984,0.0,208.0,208.0,7.5584306716918945,0.998369140625,0.155585765838623,-0.0079817175865173,-0.103635549545288,0.1871121735130443,82,P003,0.0,0.0,0.0,0.0,0.0,0.0,0.05029296875,0.1071777343749999,0.0,0.0,0.0,0.0,0.0,0.0,0.0,0.0,0.0,0.0,0.0,3.093994140625,0.0,0.0,0.0,0.0,0.0,0.092041015625,918,0.1871121735130443,0.459,0.2718878264869556
141.13406005859375,46.76208842781895,204.5092852342068,2191,0.02928466796875,0.0,0.0,0.0,0.0,0.0,0.0,0.0,0.0,54.45751953125,0.0,0.0,0.0,0.0,0.0,0.0,0.0,0.0,21.83056640625,0.0,21.79833984375,0.0,0.0,0.137939453125,0.0,102.46906280517578,48.80045318603516,0.0,208.0,208.0,7.561517715454102,0.99854248046875,0.0809326171875,-0.0079002380371093,-0.0533006191253662,0.0972288963477873,83,P003,0.0,0.0,0.0,0.0,0.0,0.0,0.03857421875,0.2084960937499999,0.0,0.0,0.0,0.0,0.0,0.0,0.0,0.0,0.0,0.044189453125,0.0,1.484375,0.0,0.0,0.0,0.0,0.0,0.0,1125,0.0972288963477873,0.5625,0.4652711036522127
147.7716845703125,42.97750463080807,192.80828097341055,1924,0.02963623046875,0.0,0.0,0.0,0.0,0.0,0.0,0.0,0.0,59.998046875,0.0,0.0,0.0,0.000244140625,0.0,0.0,0.0,0.0,20.155517578125,0.0,18.4794921875,0.0,0.0,0.10498046875,0.0,102.66415405273438,48.86673355102539,0.0,208.0,208.0,7.563906669616699,0.9985009765625,0.1111764907836914,-0.0159299373626709,-0.0721840858459472,0.1335084913283418,84,P003,0.0,0.0,0.0,0.0,0.0,0.0,0.05322265625,0.257080078125,0.0,0.0,0.0,0.0,0.0,0.0,0.0,0.0,0.0,0.14501953125,0.0,0.806396484375,0.0,0.0,0.0,0.0,0.0,0.0,928,0.1335084913283418,0.464,0.3304915086716582
152.7186962890625,42.201112260634936,178.77392764658325,1713,0.0274755859375,0.0,0.0,0.0,0.0,0.0,0.0,0.0,0.0,65.849853515625,0.0,0.0,0.0,0.287109375,0.0,0.0,0.0,0.0,17.06787109375,0.0,15.802978515625,0.0,0.0,0.0703125,0.0,103.20124816894533,48.79317855834961,0.0,208.0,208.0,7.562577247619629,0.9984765625,0.1028814315795898,-0.0208019018173217,-0.0654476881027221,0.1236960304984542,85,P003,0.0,0.0,0.0,0.14111328125,0.0,0.0,0.101806640625,0.268310546875,0.0,0.0,0.0,0.0,0.0,0.0,0.0,0.0,0.0,0.234130859375,0.0,0.176513671875,0.0,0.0,0.0,0.0,0.0,0.0,737,0.1236960304984542,0.3685,0.2448039695015457
154.682373046875,42.24298772052172,172.4534962712228,1483,0.0233349609375,0.0,0.0,0.0,0.0,0.0,0.0,0.0,0.0,70.23779296875,0.0,0.0,0.0,0.82373046875,0.0,0.0,0.0,0.0,12.56396484375,0.0,11.396728515625,0.0,0.0,0.0495605468749999,0.0,103.2766342163086,48.55678176879883,0.0,208.0,208.0,7.559384822845459,0.9985546875,0.1287078857421875,-0.0358175933361053,-0.0795502662658691,0.1554891144343722,86,P003,0.0,0.0,0.0,4.179931640625,0.0,0.0,0.224853515625,0.290771484375,0.0,0.0,0.0,0.0,0.0,0.0,0.0,0.0,0.0,0.2326660156249999,0.0,0.0,0.0,0.0,0.0,0.0,0.0,0.0,434,0.1554891144343722,0.217,0.0615108855656278
157.87052001953126,42.92389442911724,152.06039519097806,975,0.02047119140625,0.0,0.0,0.01708984375,0.0,0.0,0.0,0.0,0.0,75.386474609375,0.0,0.0,0.0,1.539794921875,0.0,0.0,0.00830078125,0.0,8.955322265625,0.0,7.508544921875,0.0,0.0,0.02880859375,0.0,102.9791030883789,47.993927001953125,0.0,208.0,208.0,7.5482177734375,0.998798828125,0.091156005859375,-0.0331053137779235,-0.0544461011886596,0.1112194099031952,87,P003,0.0,0.0,0.0,2.89013671875,0.0,0.0,0.2880859375,0.220947265625,0.0,0.0,0.0,0.0,3.0400390625,0.0,0.0,0.0,0.0,0.1164550781249999,0.0,0.0,0.0,0.0,0.0,0.0,0.0,0.0,261,0.1112194099031952,0.1305,0.0192805900968048
159.069208984375,44.88101440762125,130.45902638375756,620,0.0192041015625,0.0,0.0,0.078857421875,0.0,0.0,0.0,0.0,0.0,80.89404296875,0.0,0.0,0.0,2.132080078125,0.0,0.0,0.02001953125,0.0,9.318603515625,0.0,5.41796875,0.0,0.0,0.01708984375,0.0,102.55767822265624,47.37652969360352,0.0,208.0,208.0,7.528892993927002,0.9989208984375,0.0667023658752441,-0.0291078984737396,-0.0386092662811279,0.0823841660131333,88,P003,0.0,0.0,0.0,0.98095703125,0.0,0.0,0.213134765625,0.12109375,0.0,0.0,0.0,0.0,0.8061523437500001,0.0,0.0,0.0,0.0,0.0,0.0,0.0,0.0,0.0,0.0,0.0,0.0,0.0,137,0.0823841660131333,0.0685,0.0138841660131333
158.44769775390623,45.50684431719506,114.0457786934316,340,0.01757568359375,0.0,0.0,0.04833984375,0.0,0.0,0.0,0.0,0.0,79.312255859375,0.0,0.0,0.0,2.764892578125,0.0,0.0,0.035888671875,0.0,13.560058593749998,0.0,4.026123046875,0.0,0.0,0.0107421875,0.0,101.70015716552734,47.011207580566406,0.0,208.0,208.0,7.515016555786133,0.9990673828125,0.0621509552001953,-0.0316150486469268,-0.0348060131072998,0.0779340174870368,89,P003,0.0,0.0,0.0,0.043701171875,0.0,0.0,0.14208984375,0.055908203125,0.0,0.0,0.0,0.0,0.0,0.0,0.0,0.0,0.0,0.0,0.0,0.0,0.0,0.0,0.0,0.0,0.0,0.0,100,0.0779340174870368,0.05,0.0279340174870368
157.10095703125,44.013758425346005,133.70475763186815,479,0.0165087890625,0.0,0.0,0.0,0.0,0.0,0.0,0.0,0.0,75.048583984375,0.0,0.0,0.0,2.908935546875,0.0,0.0,0.017822265625,0.0,19.22314453125,0.0,2.766357421875,0.0,0.0,0.0,0.0,102.31783294677734,47.13003158569336,0.0,208.0,208.0,7.521728038787842,0.99921630859375,0.0146055221557617,-0.008089005947113,-0.0080103874206542,0.0185180884889303,90,P003,0.0,0.0,0.0,0.0,0.0,0.0,0.0244140625,0.0107421875,0.0,0.0,0.0,0.0,0.0,0.0,0.0,0.0,0.0,0.0,0.0,0.0,0.0,0.0,0.0,0.0,0.0,0.0,179,0.0185180884889303,0.0895,0.0709819115110697
158.08146240234376,42.11260234745249,185.29599818896648,930,0.020341796875,0.0,0.0,0.0,0.0,0.0,0.0,0.0,0.0,73.982666015625,0.0,0.0,0.0,2.424560546875,0.048828125,0.0,0.0,0.0,21.01806640625,0.0,2.101318359375,0.0,0.0,0.0,0.0,102.75531005859376,47.15982055664063,0.0,208.0,208.0,7.523271560668945,0.99923828125,0.0655059814453125,-0.0392585694789886,-0.0351961851119995,0.0840894781116421,91,P003,0.0,0.0,0.0,0.0,0.0,0.0,0.0,0.003662109375,0.0,0.0,0.0,0.0,0.0,0.0,0.0,0.0,0.0,0.0,0.043212890625,0.377685546875,0.0,0.0,0.0,0.0,0.0,0.0,246,0.0840894781116421,0.123,0.0389105218883578
163.54382080078125,39.394490509102845,263.62389620628363,1435,0.02486328125,0.0,0.0,0.0,0.0,0.0,0.0,0.0,0.0,70.38134765625,0.0,0.0,0.030029296875,1.629150390625,0.555419921875,0.0,0.0,0.0,22.782958984375,0.0,0.49072265625,0.0,0.0,0.0,0.0,103.67476654052734,47.08201217651367,0.0,208.0,208.0,7.523810386657715,0.99925048828125,0.0727477073669433,-0.0491150021553039,-0.0378273725509643,0.0955794040469566,92,P003,0.0,0.0,0.0,0.0,0.0,0.0,0.0,0.0,0.0,0.0,0.0,0.0,0.0,0.0,0.0,0.0,0.0,0.0,0.130615234375,3.999755859375,0.0,0.0,0.0,0.0,0.0,0.0,407,0.0955794040469566,0.2035,0.1079205959530433
168.18472900390626,37.465907662987725,303.8922291244507,1751,0.0314208984375,0.0,0.0,0.0,0.0,0.0,0.0,0.0,0.0,65.59326171875,0.0,0.0,0.270751953125,0.95263671875,0.6669921875,0.0,0.0,0.0,24.056396484375,0.0,0.0,0.0,0.0,0.0,0.0,104.28358459472656,47.07469177246094,0.0,208.0,208.0,7.524656295776367,0.999267578125,0.0567460060119628,-0.0423623472452163,-0.0286492109298706,0.076390149556983,93,P003,0.0,0.0,0.0,0.0,0.0,0.0,0.0,0.0,0.0,0.0,0.0,0.0,0.0,0.0,0.0,0.0,0.0,0.0,0.153564453125,8.306396484375,0.0,0.0,0.0,0.0,0.0,0.0,667,0.076390149556983,0.3335,0.257109850443017
170.63434326171875,36.48617465761304,299.0549388655662,1767,0.03446533203125,0.0,0.0,0.0,0.0,0.0,0.0,0.0,0.0,63.129150390625,0.0,0.0,0.392333984375,0.55859375,0.721435546875,0.0,0.0,0.0,23.553955078125,0.0,0.0,0.0,0.0,0.0,0.0,104.4613265991211,47.11285018920898,0.0,208.0,208.0,7.525151252746582,0.9992138671875,0.0048012733459472,-0.0037676244974136,-0.002387523651123,0.0065534333963722,94,P003,0.0,0.0,0.0,0.0,0.0,0.0,0.0,0.0,0.0,0.0,0.0,0.0,0.0,0.0,0.0,0.0,0.0,0.0,0.153564453125,11.490966796875,0.0,0.0,0.0,0.0,0.0,0.0,958,0.0065534333963722,0.479,0.4724465666036277
170.96958984375,36.59072332204174,287.79830488547674,1717,0.0335888671875,0.0,0.0,0.0,0.0,0.0,0.0,0.0,0.0,64.308349609375,0.0,0.0,0.2333984375,0.59619140625,0.81640625,0.0,0.0,0.0,21.732421875,0.0,0.0,0.0,0.0,0.000244140625,0.0,104.2378387451172,47.23334884643555,0.0,208.0,208.0,7.528041362762451,0.999140625,0.0235152244567871,-0.0187642276287078,-0.0116331577301025,0.0322551139903192,95,P003,0.0,0.0,0.0,0.0,0.0,0.0,0.0,0.0,0.0,0.0,0.0,0.0,0.0,0.0,0.0,0.0,0.0,0.0,0.154541015625,12.158447265625,0.0,0.0,0.0,0.0,0.0,0.0,873,0.0322551139903192,0.4365,0.4042448860096808
171.60194091796876,36.45616305710351,277.14454263157245,1732,0.03420166015625,0.0,0.0,0.0,0.0,0.0,0.0,0.0,0.0,63.34423828125,0.0,0.0,0.146728515625,0.564208984375,0.8923339843749999,0.0,0.0,0.0,21.30029296875,0.0,0.0,0.0,0.0,0.00048828125,0.0,104.14584350585938,47.235469818115234,0.0,208.0,208.0,7.527090072631836,0.99913330078125,0.0242042541503906,-0.0199847072362899,-0.0118489265441894,0.0335504322259269,96,P003,0.0,0.0,0.0,0.0,0.0,0.0,0.0,0.0,0.0,0.0,0.0,0.0,0.0,0.0,0.0,0.0,0.0,0.0,0.158935546875,13.5927734375,0.0,0.0,0.0,0.0,0.0,0.0,920,0.0335504322259269,0.46,0.426449567774073
172.14400390625,35.90410405064681,272.2801444000005,1820,0.03523193359375,0.0,0.0,0.0,0.0,0.0,0.0,0.0,0.0,61.02685546875,0.0,0.0,0.154052734375,0.499755859375,0.881591796875,0.0,0.0,0.0,22.729736328125,0.0,0.0,0.0,0.0,0.00048828125,0.0,103.896240234375,47.13401412963867,0.0,208.0,208.0,7.524494171142578,0.9991796875,0.0590276718139648,-0.0516756474971771,-0.0283877849578857,0.0834296405292795,97,P003,0.0,0.0,0.0,0.0,0.0,0.0,0.0,0.0,0.0,0.0,0.0,0.0,0.0,0.0,0.0,0.0,0.0,0.0,0.16357421875,14.5439453125,0.0,0.0,0.0,0.0,0.0,0.0,877,0.0834296405292795,0.4385,0.3550703594707204
173.589873046875,32.91309778558163,279.36201718043685,2087,0.03653076171875,0.0,0.0,0.0,0.0,0.0,0.0,0.0,0.0,56.66015625000001,0.0,0.0,0.3916015625,0.07666015625,0.82666015625,0.0,0.0,0.0,25.680419921875,0.0,0.0,0.0,0.0,0.00341796875,0.0,104.4013671875,47.06743240356445,0.0,208.0,208.0,7.521089553833008,0.99923095703125,0.1145062446594238,-0.1130418740212917,-0.0531980991363525,0.1694703015279391,98,P003,0.0,0.0,0.0,0.0,0.0,0.0,0.0,0.0,0.0,0.0,0.0,0.0,0.0,0.0,0.0,0.0,0.0,0.0,0.172119140625,16.18896484375,0.0,0.0,0.0,0.0,0.0,0.0,798,0.1694703015279391,0.399,0.2295296984720608
165.90641357421876,39.18856948648823,322.7799828946532,2223,0.0441259765625,0.0,0.0,0.0,0.0,0.0,0.0,0.0,0.0,46.956787109375,0.0,0.0,1.334716796875,1.1611328125,0.81787109375,0.0,0.0,0.0,29.267578125,0.0,0.0,0.0,0.0,0.003662109375,0.0,102.0871124267578,47.65046310424805,0.0,208.0,208.0,7.53941535949707,0.9990576171875,0.1246099472045898,-0.1462015844881534,-0.0556182861328125,0.1999898397457449,99,P003,0.0,0.0,0.0,0.0,0.0,0.0,0.0,0.0,0.0,0.0,0.0,0.0,0.0,0.0,0.0,0.0,0.0,0.0,0.186767578125,20.271484375,0.0,0.0,0.0,0.0,0.0,0.0,851,0.1999898397457449,0.4255,0.225510160254255
153.95105712890626,48.74575016136881,415.6512329051436,2498,0.0533935546875,0.0,0.0,0.0,0.0,0.0,0.0,0.0,0.0,32.85400390625,0.0,0.0,3.3352050781250004,3.889404296875,0.900634765625,0.0,0.0,0.0,32.388916015625,0.0,0.0,0.0,0.0,0.00439453125,0.0,98.17839050292967,47.394561767578125,0.0,208.0,208.0,7.529617309570312,0.99918212890625,0.0845284461975097,-0.1189860701560974,-0.0370261669158935,0.1505778208908624,100,P003,0.0,0.0,0.0,0.0,0.0,0.0,0.0,0.0,0.0,0.0,0.0,0.0,0.0,0.0,0.0,0.0,0.0,0.0,0.224853515625,26.402587890625,0.0,0.0,0.0,0.0,0.0,0.0,941,0.1505778208908624,0.4705,0.3199221791091375
150.5379345703125,51.89011005871808,501.1676867787778,2580,0.0560400390625,0.0,0.0,0.0,0.0,0.0,0.012451171875,0.0,0.0,25.98388671875,0.0,0.0,5.4736328125,3.708251953125,1.053466796875,0.0,0.0,0.0,34.43701171875,0.0,0.0,0.0,0.0,0.01806640625,0.0,96.0560073852539,46.8819694519043,0.0,208.0,208.0,7.508193016052246,0.999306640625,0.0437464714050293,-0.0718957632780075,-0.0193331241607666,0.0863511680727826,101,P003,0.0,0.0,0.0,0.0,0.0,0.0,0.0,0.0,0.0,0.0,0.0,0.0,0.0,0.0,0.0,0.0,0.0,0.0,0.27392578125,29.039306640625,0.0,0.0,0.0,0.0,0.0,0.0,1121,0.0863511680727826,0.5605,0.4741488319272173
148.66756103515624,53.22364228521178,548.5142969880998,2725,0.05667724609375,0.0,0.0,0.0,0.0,0.0,0.0224609375,0.0,0.0,27.2763671875,0.0,0.0,6.711181640625,3.4565429687500004,1.22216796875,0.0,0.0,0.0,34.411376953125,0.0,0.0,0.0,0.0,0.015625,0.0,95.36311340332033,46.68606185913086,0.0,208.0,208.0,7.495697021484375,0.99923828125,0.0329265594482421,-0.0623295009136199,-0.015033483505249,0.0720772545782799,102,P003,0.0,0.0,0.0,0.0,0.0,0.0,0.0,0.0,0.0,0.0,0.0,0.0,0.0,0.0,0.0,0.0,0.0,0.0,0.251220703125,26.633056640625004,0.0,0.0,0.0,0.0,0.0,0.0,1248,0.0720772545782799,0.624,0.55192274542172
147.56658935546875,53.67665534969195,562.4353586600722,2826,0.05524169921875,0.0,0.0,0.0,0.0,0.0,0.01708984375,0.0,0.0,28.413330078125,0.0,0.0,7.109619140624999,3.3474121093750004,1.417724609375,0.0,0.0,0.0,34.1767578125,0.0,0.0,0.0,0.0,0.01904296875,0.0,94.78582000732422,46.546043395996094,0.0,208.0,208.0,7.489968299865723,0.999189453125,0.0532174110412597,-0.1379714608192443,-0.0273423194885253,0.1503855687010667,103,P003,0.0,0.0,0.0,0.0,0.0,0.0,0.0,0.0,0.0,0.0,0.0,0.0,0.0,0.0,0.0,0.0,0.0,0.0,0.2429199218749999,25.256103515625,0.0,0.0,0.0,0.0,0.0,0.0,1102,0.1503855687010667,0.551,0.4006144312989332
143.770927734375,55.08607714330134,611.6060885734319,3038,0.057265625,0.0,0.0,0.0,0.0,0.0,0.06103515625,0.0,0.0,30.352783203125,0.0,0.0,8.071533203125,3.5297851562500004,1.957275390625,0.0,0.0,0.0,34.137939453125,0.0,0.0,0.0,0.0,0.022705078125,0.0,93.53885650634766,46.46909713745117,0.0,208.0,208.0,7.47950553894043,0.99916015625,0.0170884132385253,-0.0812248587608337,-0.0118894577026367,0.0838501684684699,104,P003,0.0,0.0,0.0,0.0,0.0,0.0,0.0,0.0,0.0,0.0,0.0,0.0,0.0,0.0,0.0,0.0,0.0,0.0,0.221435546875,21.539794921875,0.105712890625,0.0,0.0,0.0,0.0,0.0,1202,0.0838501684684699,0.601,0.51714983153153
141.58502685546875,55.54742727331168,628.0449706816675,3054,0.058671875,0.0,0.0,0.0,0.0,0.0,0.1025390625,0.0,0.0,31.342041015625,0.0,0.0,8.27392578125,3.699462890625,2.433837890625,0.0,0.0,0.0,33.928955078125,0.0,0.0,0.0,0.0,0.02197265625,0.0,92.64000701904295,46.5585823059082,0.0,208.0,208.0,7.476937770843506,0.99902099609375,-0.0044436454772949,-0.1777640581130981,-0.0147585868835449,0.1784310013107699,105,P003,0.0,0.0,0.0,0.0,0.0,0.0,0.0,0.0,0.0,0.0,0.0,0.0,0.0,0.0,0.0,0.0,0.0,0.0,0.21923828125,19.75,0.22802734375,0.0,0.0,0.0,0.0,0.0,986,0.1784310013107699,0.493,0.3145689986892301
134.70036376953124,57.152647131050905,671.8616350159587,3111,0.05987548828125,0.0,0.0,0.0,0.0,0.0,0.14794921875,0.0,0.0,34.2451171875,0.0,0.0,10.115478515625,3.735107421875,3.651611328125,0.0,0.0,0.0,31.72216796875,0.0,0.0,0.0,0.0,0.037841796875,0.0,91.5212631225586,47.185054779052734,0.0,208.0,208.0,7.503447532653809,0.9986376953125,-0.075387954711914,-0.2184853553771972,-0.0044975280761718,0.2311696822438914,106,P003,0.0,0.0,0.0,0.0,0.0,0.0,0.0,0.0,0.0,0.0,0.0,0.0,0.0,0.0,0.0,0.0,0.0,0.0,0.210205078125,15.577392578124998,0.55712890625,0.0,0.0,0.0,0.0,0.0,876,0.2311696822438914,0.438,0.2068303177561085
134.4521875,55.41062054550808,734.4290662393332,3184,0.0531103515625,0.0,0.0,0.0,0.0,0.0,0.1259765625,0.0,0.0,42.43017578125,0.0,0.0,11.974609375,2.351806640625,0.0,0.0,0.0,0.0,31.937255859375004,0.0,0.0,0.0,0.0,0.2646484375,0.0,90.70834350585938,49.10601806640625,0.0,208.0,208.0,7.521827697753906,0.99759521484375,-0.0658626556396484,-0.1397596001625061,-0.0073745250701904,0.1546771439660732,107,P003,0.0,0.0,0.0,0.0,0.0,0.0,0.0,0.0,0.0,0.0,0.0,0.0,0.0,0.0,0.0,0.0,0.0,0.0,0.179443359375,10.238525390625,0.49755859375,0.0,0.0,0.0,0.0,0.0,864,0.1546771439660732,0.432,0.2773228560339267
136.69076171875,51.4752209389027,709.3577650713385,3010,0.048759765625,0.0,0.0,0.0,0.0,0.0,0.0498046875,0.0,0.0,54.56054687500001,0.0,0.0,12.56494140625,0.087158203125,0.0,0.0,0.0,0.0,27.593505859375,0.0,0.0,0.0,0.0,0.71923828125,0.0,96.9398956298828,51.50536346435547,0.0,208.0,208.0,7.557894706726074,0.9967431640625,-0.0023379325866699,-0.0624186992645263,-0.0329391956329345,0.070615512145703,108,P003,0.0,0.0,0.0,0.0,0.0,0.0,0.0,0.0,0.0,0.0,0.0,0.0,0.0,0.0,0.0,0.0,0.0,0.0,0.1435546875,4.248291015625,0.032958984375,0.0,0.0,0.0,0.0,0.0,1354,0.070615512145703,0.677,0.606384487854297
134.1077880859375,52.16369458824516,751.8792892360685,3159,0.04849853515625,0.0,0.0,0.0,0.0,0.0,0.070068359375,0.0,0.0,58.674072265625,0.0,0.0,13.776855468749998,0.0,0.0,0.0,0.0,0.0,26.018798828125,0.0,0.0,0.0,0.0,0.837646484375,0.0,102.25122833251952,51.74803924560547,0.0,208.0,208.0,7.57371711730957,0.99689697265625,0.0145130157470703,0.013938546180725,-0.0063099861145019,0.0210885423979971,109,P003,0.0,0.0,0.0,0.0,0.0,0.0,0.0,0.0,0.0,0.0,0.0,0.0,0.0,0.0,0.0,0.0,0.0,0.0,0.096435546875,0.314453125,0.211669921875,0.0,0.0,0.0,0.0,0.0,1115,0.0210885423979971,0.5575,0.5364114576020028
132.80173583984376,53.52058909836549,799.7860783630372,3262,0.0496240234375,0.0,0.0,0.0,0.0,0.0,0.09423828125,0.0,0.0,57.71484375,0.0,0.0,14.564453124999998,0.0,0.0,0.0,0.0,0.0,25.27587890625,0.0,0.0,0.0,0.0,0.6748046875,0.0,101.26431274414062,51.689823150634766,0.0,208.0,208.0,7.576637268066406,0.9970166015625,0.0008487701416015,0.0008656978607177,-0.0003466606140136,0.0012609588100465,110,P003,0.0,0.0,0.0,0.0,0.0,0.0,0.0,0.0,0.0,0.0,0.0,0.0,0.0,0.0,0.0,0.0,0.0,0.0,0.110595703125,1.141845703125,0.42333984375,0.0,0.0,0.0,0.0,0.0,1753,0.0012609588100465,0.8765,0.8752390411899534
133.3980859375,54.608273184954456,831.0360100450276,3305,0.0508203125,0.0,0.0,0.0,0.0,0.0,0.0859375,0.0,0.0,58.62890625,0.0,0.0,15.12353515625,0.0,0.0,0.0,0.0,0.0,22.857421875,0.0,0.0,0.0,0.0,0.784912109375,0.0,100.95744323730467,51.584381103515625,0.0,208.0,208.0,7.577658653259277,0.99724609375,0.0270161628723144,0.0301002264022827,-0.0100405216217041,0.0416738378392008,111,P003,0.0,0.0,0.0,0.0,0.0,0.0,0.0,0.0,0.0,0.0,0.0,0.0,0.0,0.0,0.0,0.0,0.0,0.0,0.097412109375,2.018798828125,0.403076171875,0.0,0.0,0.0,0.0,0.0,1023,0.0416738378392008,0.5115,0.4698261621607991
132.6571826171875,56.22824714521422,885.8571176505088,3412,0.05551513671875,0.0,0.0,0.0,0.0,0.0,0.1494140625,0.0,0.0,55.71826171874999,0.0,0.0,16.172119140625,0.0,0.0,0.0,0.0,0.0,21.93798828125,0.0,0.0,0.0,0.0,0.702880859375,0.0,98.27473449707033,51.27498245239258,0.0,208.0,208.0,7.573275566101074,0.99713134765625,0.0382518768310546,0.049284815788269,-0.0120959281921386,0.0635492771572672,112,P003,0.0,0.0,0.0,0.0,0.0,0.0,0.0,0.0,0.0,0.0,0.0,0.0,0.0,0.0,0.0,0.0,0.0,0.0,0.1064453125,4.596923828125,0.615966796875,0.0,0.0,0.0,0.0,0.0,1020,0.0635492771572672,0.51,0.4464507228427328
131.87709228515624,57.597434165961126,951.6889884506226,3572,0.06043212890625,0.0,0.0,0.0,0.0,0.0,0.3369140625,0.0,0.0,51.742431640625,0.0,0.0,17.2919921875,0.0,0.0,0.0,0.0,0.0,21.744384765625,0.0,0.0,0.0,0.0,0.374755859375,0.0,94.65718841552734,50.16121292114258,0.0,208.0,208.0,7.55660343170166,0.99753173828125,0.0188026428222656,0.0268820524215698,-0.0052704811096191,0.0332259249777124,113,P003,0.0,0.0,0.0,0.0,0.0,0.0,0.0,0.0,0.0,0.0,0.0,0.0,0.0,0.0,0.0,0.0,0.0,0.0,0.133056640625,7.786376953125,0.590087890625,0.0,0.0,0.0,0.0,0.0,1309,0.0332259249777124,0.6545,0.6212740750222875
131.83018310546876,58.745014271622345,982.7002853264752,3653,0.0624169921875,0.0,0.0,0.0,0.0,0.0,0.45263671875,0.0,0.0,50.17675781249999,0.0,0.0,17.963623046875,0.0,0.0,0.0,0.0,0.0,20.803466796875,0.0,0.0,0.0,0.0,0.233154296875,0.0,92.98745727539062,49.3053092956543,0.0,208.0,208.0,7.540266036987305,0.997802734375,0.0672001838684082,0.112510859966278,-0.0155603885650634,0.1319722850245272,114,P003,0.0,0.0,0.0,0.0,0.0,0.0,0.0,0.0,0.0,0.0,0.0,0.0,0.0,0.0,0.0,0.0,0.0,0.0,0.145263671875,9.68017578125,0.544921875,0.0,0.0,0.0,0.0,0.0,1129,0.1319722850245272,0.5645,0.4325277149754727
132.67404541015625,59.23000776231021,981.0618483589592,3693,0.065078125,0.0,0.0,0.0,0.0,0.0,0.682861328125,0.0,0.0,43.77685546875,0.0,0.0,17.61376953125,0.06591796875,0.0,0.0,0.0,0.0,23.6201171875,0.0,0.0,0.0,0.0,0.0302734375,0.0,93.58617401123048,47.8437614440918,0.0,208.0,208.0,7.531730651855469,0.99857421875,0.0710973739624023,0.1646218299865722,-0.0090687274932861,0.1795478357174629,115,P003,0.0,0.0,0.0,0.0,0.0,0.0,0.0,0.0,0.0,0.0,0.0,0.0,0.0,0.0,0.0,0.0,0.0,0.0,0.19189453125,13.520996093750002,0.497314453125,0.0,0.0,0.0,0.0,0.0,1199,0.1795478357174629,0.5995,0.419952164282537
132.1547216796875,61.68069421416152,1039.977968063259,3665,0.06691650390625,0.0,0.0,0.0,0.0,0.0,0.793212890625,0.0,0.0,36.90478515625,0.0,0.0,16.341064453125,1.6015624999999998,2.53173828125,0.0,0.0,0.0,23.973876953125,0.0,0.0,0.0,0.0,0.0087890625,0.0,96.37237548828124,47.13798904418945,0.0,208.0,208.0,7.510729312896728,0.99909423828125,0.024794578552246,0.0781392455101013,-1.2874603271484377e-05,0.0819787349269723,116,P003,0.0,0.0,0.0,0.0,0.0,0.0,0.0,0.0,0.0029296875,0.0,0.0,0.0,0.0,0.0,0.0,0.0,0.0,0.0,0.239501953125,17.141357421875,0.461181640625,0.0,0.0,0.0,0.0,0.0,1468,0.0819787349269723,0.734,0.6520212650730276
131.11890869140626,62.68817596750814,1120.1617798723637,3691,0.072431640625,0.0,0.0,0.0,0.0,0.0,0.82666015625,0.0,0.0,35.285400390625,0.0,0.0,16.500244140625,2.0986328125,3.408935546875,0.0,0.0,0.0,23.221923828125,0.0,0.0,0.0,0.0,0.005126953125,0.0,98.02082061767578,47.03958511352539,0.0,208.0,208.0,7.513364791870117,0.99906982421875,0.0036816596984863,0.0130385756492614,0.0002181529998779,0.0135501536459306,117,P003,0.0,0.0,0.0,0.0,0.0,0.0,0.0,0.0,0.03173828125,0.0,0.0,0.0,0.0,0.0,0.0,0.0,0.0,0.0,0.25830078125,17.94384765625,0.419189453125,0.0,0.0,0.0,0.0,0.0,1722,0.0135501536459306,0.861,0.8474498463540693
128.86081298828125,63.64241653293463,1237.9328160095213,3814,0.07613037109375,0.0,0.0,0.0,0.0,0.0,0.95947265625,0.0,0.0,35.359375,0.0,0.0,18.088134765625,2.24267578125,3.3085937500000004,0.0,0.0,0.0,22.5029296875,0.0,0.0,0.0,0.0,0.00390625,0.0,98.76769256591795,47.14373016357422,0.0,208.0,208.0,7.517847061157227,0.9990966796875,0.0209989547729492,0.084904670715332,0.0028748512268066,0.0875101364437948,118,P003,0.0,0.0,0.0,0.0,0.0,0.0,0.0,0.0,0.05810546875,0.0,0.0,0.0,0.0,0.0,0.0,0.0,0.0,0.0,0.222900390625,16.869140625,0.384765625,0.0,0.0,0.0,0.0,0.0,1459,0.0875101364437948,0.7295,0.6419898635562051
129.1240966796875,63.76752248780596,1355.4428885005952,3999,0.0795263671875,0.0,0.0,0.0,0.0,0.0,1.045166015625,0.0,0.0,34.647705078125,0.0,0.0,18.346923828125,2.503173828125,3.555419921875,0.0,0.0,0.0,22.241943359375,0.0,0.0,0.0,0.0,0.00146484375,0.0,100.40471649169922,47.18549346923828,0.0,208.0,208.0,7.517743110656738,0.99893310546875,0.0272021293640136,0.1699765920639038,0.013073444366455,0.1726352010431189,119,P003,0.0,0.0,0.0,0.0,0.0,0.0,0.0,0.0,0.2084960937499999,0.0,0.0,0.0,0.0,0.0,0.0,0.0,0.0,0.0,0.203369140625,16.90673828125,0.339599609375,0.0,0.0,0.0,0.0,0.0,1321,0.1726352010431189,0.6605,0.487864798956881
135.0204736328125,61.781818059558766,1350.5673368281784,4158,0.07795166015625,0.0,0.0,0.0,0.0,0.0,1.008056640625,0.0,0.0,33.191650390625,0.0,0.0,16.860595703125,2.707763671875,1.98486328125,0.0,0.0,0.0,24.8095703125,0.0,0.0,0.0,0.0,0.000732421875,0.0,102.21508026123048,47.11837005615234,0.0,208.0,208.0,7.519054412841797,0.99895263671875,0.0067553520202636,0.1344627737998962,0.0177297592163085,0.1357947594008989,120,P003,0.0,0.0,0.0,0.0,0.0,0.0,0.0,0.0,0.33447265625,0.0,0.0,0.0,0.0,0.0,0.0,0.0,0.0,0.0,0.178955078125,18.61376953125,0.3095703125,0.0,0.0,0.0,0.0,0.0,1415,0.1357947594008989,0.7075,0.5717052405991011
138.202041015625,60.69523046102607,1229.3432324767114,4125,0.0738134765625,0.0,0.0,0.0,0.0,0.0,1.0703125,0.0,0.0,32.215087890625,0.0,0.0,15.53955078125,2.697509765625,1.2421875,0.0,0.0,0.0,26.475341796875,0.0,0.0,0.0,0.0,0.0009765625,0.0,103.24861145019533,47.16667175292969,0.0,208.0,208.0,7.515073776245117,0.9990966796875,-0.0011053085327148,0.0454303920269012,0.0077025890350341,0.0460919961003323,121,P003,0.0,0.0,0.0,0.0,0.0,0.0,0.0,0.0,0.35986328125,0.0,0.0,0.0,0.0,0.0,0.0,0.0,0.0,0.0,0.173828125,19.935791015625,0.28955078125,0.0,0.0,0.0,0.0,0.0,1909,0.0460919961003323,0.9545,0.9084080038996676
139.11136962890626,60.46818856029002,1184.546774852538,4114,0.0725927734375,0.0,0.0,0.0,0.0,0.0,1.103759765625,0.0,0.0,31.8134765625,0.0,0.0,15.132568359375002,2.706298828125,1.074462890625,0.0,0.0,0.0,27.2060546875,0.0,0.0,0.0,0.0,0.000244140625,0.0,103.5074234008789,47.193138122558594,0.0,208.0,208.0,7.514320850372314,0.99908203125,-0.0053668022155761,0.0662565529346466,0.013150930404663,0.0677619387511236,122,P003,0.0,0.0,0.0,0.0,0.0,0.0,0.0,0.0,0.3662109375,0.0,0.0,0.0,0.0,0.0,0.0,0.0,0.0,0.0,0.173583984375,20.137939453125,0.285400390625,0.0,0.0,0.0,0.0,0.0,1764,0.0677619387511236,0.882,0.8142380612488763
140.81913330078126,59.84810884607764,1102.4683149951693,3910,0.0741357421875,0.0,0.0,0.0,0.0,0.0,0.94580078125,0.0,0.0,31.27978515625,0.0,0.0,14.338378906249998,2.59814453125,0.89990234375,0.0,0.0,0.0,27.5634765625,0.0,0.0,0.0,0.0,0.000244140625,0.0,104.1607894897461,47.17465591430664,0.0,208.0,208.0,7.517246246337891,0.9992724609375,-0.0304136276245117,0.1474849097430706,0.038604736328125,0.1554577531491054,123,P003,0.0,0.0,0.0,0.0,0.0,0.0,0.0,0.0,0.362060546875,0.0,0.0,0.0,0.0,0.0,0.0,0.0,0.0,0.0,0.177978515625,21.5498046875,0.284423828125,0.0,0.0,0.0,0.0,0.0,1427,0.1554577531491054,0.7135,0.5580422468508945
143.9940478515625,57.96752402444884,947.679251605892,3698,0.0694775390625,0.0,0.0,0.0,0.0,0.0,0.703857421875,0.0,0.0,31.076171875000004,0.0,0.0,12.645263671875002,2.174072265625,0.67626953125,0.0,0.0,0.0,26.67236328125,0.0,0.0,0.0,0.0,0.00146484375,0.0,105.9710464477539,47.22047805786133,0.0,208.0,208.0,7.525489807128906,0.999609375,-0.0475192070007324,0.124477956444025,0.0431811809539794,0.1400623113583357,124,P003,0.0,0.0,0.0,0.0,0.0,0.0,0.0,0.0,0.339111328125,0.0,0.0,0.0,0.0,0.0,0.0,0.0,0.0,0.0,0.185791015625,25.35498046875,0.170654296875,0.0,0.0,0.0,0.0,0.0,1263,0.1400623113583357,0.6315,0.4914376886416642
144.22541259765626,57.34798040595053,876.0151479091109,3447,0.0663671875,0.0,0.0,2.1357421875,0.0,0.0,0.542236328125,0.0,0.0,35.809814453125,0.0,0.0,11.3681640625,1.7861328125,0.59228515625,0.0,0.0,0.0,24.0732421875,0.0,0.0,0.0,0.0,0.00048828125,0.0,107.82752990722656,47.22665786743164,0.0,208.0,208.0,7.528368949890137,0.99981201171875,-0.0635099411010742,0.1116651445627212,0.0481383800506591,0.1371857163219883,125,P003,0.0,0.0,0.0,0.0,0.0,0.0,0.0,0.0,0.282470703125,0.0,0.0,0.0,0.0,0.0,0.0,0.0,0.0,0.0,0.1806640625,23.197509765625,0.03125,0.0,0.0,0.0,0.0,0.0,1208,0.1371857163219883,0.604,0.4668142836780116
146.116455078125,56.73815304079261,810.9573898713528,3353,0.062998046875,0.0,0.0,4.36865234375,0.0,0.0,0.4108886718749999,0.0,0.0,42.064208984375,0.0,0.0,10.516845703125,1.378662109375,0.57421875,0.0,0.0,0.0,20.032470703125,0.0,0.0,0.0,0.0,0.0,0.0,108.32627868652344,47.68670272827149,0.0,208.0,208.0,7.543811321258545,0.9991943359375,-0.1092066764831543,0.1270188093185424,0.0689599514007568,0.1811500786817144,126,P003,0.0,0.0,0.0,0.0,0.0,0.0,0.0,0.0,0.137939453125,0.0,0.0,0.0,0.0,0.0,0.0,0.0,0.0,0.0,0.149658203125,20.366455078125,0.0,0.0,0.0,0.0,0.0,0.0,1070,0.1811500786817144,0.535,0.3538499213182856
148.13642822265626,55.5983993026404,778.6296783992705,3204,0.060205078125,0.0,0.0,6.552978515625001,0.0,0.0,0.379150390625,0.0,0.0,50.49169921875,0.0,0.0,9.817138671875,0.89013671875,0.595458984375,0.0,0.0,0.0,14.123046875,0.0,0.05859375,0.0,0.0,0.0009765625,0.0,105.4002456665039,48.76441955566406,0.0,208.0,208.0,7.553792476654053,0.99837890625,-0.204986572265625,0.1237962245941162,0.1022236347198486,0.2603740991886563,127,P003,0.0,0.0,0.0,0.0,0.0,0.0,0.0,0.0,0.000244140625,0.0,0.0,0.0,0.0,0.0,0.0,0.0,0.0,0.0,0.13818359375,16.952392578125,0.0,0.0,0.0,0.0,0.0,0.0,971,0.2603740991886563,0.4855,0.2251259008113437
153.669130859375,53.0771445139281,721.6809110946416,3096,0.0565771484375,0.0,0.0,4.735107421875,0.0,0.0,0.343994140625,0.0,0.0,65.29833984375,0.0,0.0,8.79541015625,0.367919921875,0.026611328125,0.0,0.0,0.0,7.22216796875,0.0,1.9384765625,0.0,0.0,0.006103515625,0.0,102.330078125,50.308502197265625,0.0,208.0,208.0,7.57160472869873,0.99710205078125,-0.2057132720947265,0.0888407230377197,0.1128774881362915,0.2509022752263168,128,P003,0.0,0.0,0.0,0.317626953125,0.0,0.0,0.0,0.0,0.0,0.0,0.0,0.0,0.39404296875,0.0,0.0,0.0,0.0,0.0,0.14208984375,10.412109375,0.0,0.0,0.0,0.0,0.0,0.0,871,0.2509022752263168,0.4355,0.1845977247736831
161.1684765625,50.01021037763264,662.9507915878296,3074,0.053427734375,0.0,0.0,0.0,0.0,0.0,0.297607421875,0.0,0.0,77.20361328125,0.0,0.0,7.722412109375,0.08447265625,0.0,0.0,0.0,0.0,3.881103515625,0.0,3.4252929687500004,0.0,0.0,0.01123046875,0.0,101.23974609375,51.33511352539063,0.0,208.0,208.0,7.560267925262451,0.99662841796875,-0.1269540786743164,0.0266332030296325,0.0988762378692627,0.1631048006983276,129,P003,0.0,0.0,0.0,0.4409179687499999,0.0,0.249267578125,0.0,0.0,0.0,0.0,0.0,0.0,0.546875,0.0,0.0,0.0,0.0,0.0,0.135986328125,6.001220703125,0.0,0.0,0.0,0.0,0.0,0.0,838,0.1631048006983276,0.419,0.2558951993016723
161.9294677734375,49.1779697208931,703.0595872188568,3193,0.05370361328125,0.0,0.0,0.0,0.0,0.0,0.41455078125,0.0,0.0,78.22998046875,0.0,0.0,7.15771484375,0.173095703125,0.0,0.0,0.0,0.0,3.63037109375,0.0,5.03173828125,0.0,0.0,0.126220703125,0.0,101.5284652709961,52.03571319580078,0.0,208.0,208.0,7.561497688293457,0.99643310546875,-0.1015334129333496,0.0053767561912536,0.082504391670227,0.1309386042918913,130,P003,0.0,0.0,0.0,0.602294921875,0.0,0.583740234375,0.0,0.0,0.0,0.0,0.0,0.0,0.7431640625,0.0,0.0,0.0,0.0,0.0,0.119873046875,3.1872558593750004,0.0,0.0,0.0,0.0,0.0,0.0,988,0.1309386042918913,0.494,0.3630613957081087
161.10318115234375,48.845008287509096,629.1124064907076,3239,0.05040283203125,0.0,0.0,0.0,0.0,0.0,0.357421875,0.0,0.0,78.032470703125,0.0,0.0,6.620849609375,0.354248046875,0.0,0.0,0.0,0.0,4.14892578125,0.0,6.490234374999999,0.0,0.0,0.189208984375,0.0,103.12220764160156,52.41997146606445,0.0,208.0,208.0,7.553858757019043,0.996064453125,-0.0355682373046875,0.0003383159637451,0.0258488655090332,0.0439701922983965,131,P003,0.0,0.0,0.0,0.7817382812500001,0.0,0.9296875,0.0,0.0,0.0,0.0,0.0,0.0,0.96142578125,0.0,0.0,0.0,0.0,0.0,0.0703125,1.0634765625,0.0,0.0,0.0,0.0,0.0,0.0,1494,0.0439701922983965,0.747,0.7030298077016034
160.418232421875,48.68613097401988,590.7301462287666,3243,0.0500634765625,0.0,0.0,0.0,0.0,0.0,0.30224609375,0.0,0.0,77.749267578125,0.0,0.0,6.222412109375,0.45849609375,0.0,0.0,0.0,0.0,4.702392578125,0.0,6.98583984375,0.0,0.0,0.2060546875,0.0,103.29418182373048,52.33309173583984,0.0,208.0,208.0,7.552155494689941,0.99634521484375,-0.0079002380371093,2.5093555450439453e-05,0.0054414272308349,0.0095928890871304,132,P003,0.0,0.0,0.0,0.8471679687500001,0.0,1.046630859375,0.0,0.0,0.0,0.0,0.0,0.0,1.04443359375,0.0,0.0,0.0,0.0,0.0,0.04541015625,0.3896484375,0.0,0.0,0.0,0.0,0.0,0.0,1532,0.0095928890871304,0.766,0.7564071109128695
160.10338623046874,48.30211752987007,572.5229621032713,3125,0.047841796875,0.0,0.0,0.0,0.0,0.0,0.218994140625,0.0,0.0,79.295654296875,0.0,0.0,5.895751953125,0.228271484375,0.0,0.0,0.0,0.0,3.634521484375,0.0,6.990722656249999,0.0,0.0,0.2329101562499999,0.0,103.88926696777344,51.85638427734375,0.0,208.0,208.0,7.57621431350708,0.99675537109375,-0.0795521736145019,3.2782554626464844e-06,0.0478423833847045,0.0928301782044388,133,P003,0.0,0.0,0.0,0.814208984375,0.0,1.259521484375,0.0,0.0,0.0,0.0,0.0,0.0,1.03173828125,0.0,0.0,0.0,0.0,0.0,0.0380859375,0.359619140625,0.0,0.0,0.0,0.0,0.0,0.0,969,0.0928301782044388,0.4845,0.3916698217955611
158.97459228515626,51.216829504251415,442.6451190247477,2555,0.0416943359375,0.0,0.0,0.0,0.0,0.0,0.019287109375,0.0,0.0,81.4404296875,0.0,0.0,4.386962890625,0.0,0.0,0.0,0.0,0.0,0.611572265625,0.0,8.16650390625,0.0,0.0,0.257568359375,0.0,105.06193542480467,50.7056999206543,0.0,208.0,208.0,7.580626487731934,0.99792724609375,-0.0929908752441406,5.960464477539064e-08,0.0434201955795288,0.1026285353244379,134,P003,0.0,0.0,0.0,0.9169921875,0.0,2.552490234375,0.00830078125,0.023193359375,0.0,0.0,0.0,0.0,1.2275390625,0.0,0.0,0.0,0.0,0.119873046875,0.0,0.269287109375,0.0,0.0,0.0,0.0,0.0,0.0,854,0.1026285353244379,0.427,0.324371464675562
162.27966796875,48.47269053016869,291.6696126393736,1861,0.0329443359375,0.0,0.0,0.0,0.0,0.0,0.000732421875,0.0,0.0,82.86962890625,0.0,0.0,1.67724609375,0.0,0.0,0.0,0.0,0.0,0.395751953125,0.0,9.21240234375,0.0,0.0,0.056396484375,0.0,104.58238220214844,50.021728515625,0.0,208.0,208.0,7.574805736541748,0.9978955078125,-0.1118922233581543,-5.960464477539064e-08,0.0425251722335815,0.1197007097787244,135,P003,0.0,0.0,0.0,1.190185546875,0.0,2.114013671875,0.0224609375,0.13623046875,0.0,0.0,0.0,0.0,1.686767578125,0.0,0.0,0.0,0.0,0.1357421875,0.0,0.50244140625,0.0,0.0,0.0,0.0,0.0,0.0,949,0.1197007097787244,0.4745,0.3547992902212755
165.2822509765625,44.47637185879899,209.25547702863216,1961,0.03106689453125,0.0,0.0,0.0,0.0,0.0,0.0,0.0,0.0,81.894775390625,0.0,0.0,0.0,0.0,0.0,0.0,0.0,0.0,0.373291015625,0.0,11.9619140625,0.0,0.0,0.0,0.0,105.08263397216795,50.16960144042969,0.0,208.0,208.0,7.565688133239746,0.9980029296875,-0.1139445304870605,0.0,0.0385507345199584,0.1202892977780857,136,P003,0.0,0.0,0.0,1.689208984375,0.0,0.513671875,0.0,0.069580078125,0.0,0.0,0.0,0.0,2.4970703125,0.0,0.0,0.0,0.0,0.152099609375,0.0,0.848388671875,0.0,0.0,0.0,0.0,0.0,0.0,995,0.1202892977780857,0.4975,0.3772107022219142
160.307109375,48.17305550414282,184.77713638494015,2056,0.03307373046875,0.0,0.0,0.0,0.0,0.0,0.0,0.0,0.0,76.41845703125,0.0,0.0,0.0,0.0,0.0,0.0,0.0,0.0,0.080322265625,0.0,16.36962890625,0.0,0.0,0.0,0.0,107.40251159667967,50.48616027832031,0.0,208.0,208.0,7.560052394866943,0.99789306640625,-0.1579141616821289,0.0,0.0547735691070556,0.1671437295637947,137,P003,0.0,0.0,0.0,2.292236328125,0.0,0.0,0.0,0.0,0.0,0.0,0.0,0.0,3.404541015625,0.0,0.0,0.0,0.0,0.071533203125,0.0,1.36328125,0.0,0.0,0.0,0.0,0.0,0.0,978,0.1671437295637947,0.489,0.3218562704362052
151.77177490234374,56.09076868578136,183.48304383637904,2047,0.03198486328125,0.0,0.0,0.0,0.0,0.0,0.0,0.0,0.0,70.620361328125,0.0,0.0,0.0,0.0,0.0,0.0,0.0,0.0,0.036865234375,0.0,23.97705078125,0.0,0.0,0.0,0.0,109.1070327758789,50.60898971557617,0.0,208.0,208.0,7.546638488769531,0.99763916015625,-0.1193494796752929,-2.980232238769531e-07,0.0503216981887817,0.1295244054510763,138,P003,0.0,0.0,0.0,2.797607421875,0.0,0.0,0.0,0.0,0.0,0.0,0.0,0.0,0.0,0.0,0.0,0.0,0.0,0.0,0.0,2.568115234375,0.0,0.0,0.0,0.0,0.0,0.0,1069,0.1295244054510763,0.5345,0.4049755945489236
147.11630859375,61.13981529497131,173.376562477088,2068,0.02978271484375,0.0,0.0,0.0,0.0,0.0,0.0,0.0,0.0,67.023193359375,0.0,0.0,0.0,0.0,0.0,0.0,0.0,0.0,0.11279296875,0.0,28.769042968750004,0.0,0.0,0.0,0.0,110.17333221435548,50.53765106201172,0.0,208.0,208.0,7.488179206848144,0.99901123046875,-0.0802750587463378,-4.112720489501953e-06,0.0434863567352294,0.0912970333348576,139,P003,0.0,0.0,0.0,0.0,0.0,0.0,0.0,0.0,0.0,0.0,0.0,0.0,0.0,0.0,0.0,0.0,0.0,0.0,0.0,4.082763671875,0.0,0.0,0.0,0.0,0.0,0.01220703125,944,0.0912970333348576,0.472,0.3807029666651423
143.2388720703125,64.31646421438506,178.13876695751543,2029,0.0307861328125,0.0,0.0,0.0,0.0,0.0,0.0,0.0,0.0,64.38720703125,0.0,0.0,0.0,0.0,0.0,0.0,0.0,0.0,0.43359375,0.0,29.513427734375,0.0,0.0,0.0,0.0,110.21737670898438,50.73975372314453,0.0,208.0,208.0,7.431560516357422,0.9972021484375,-0.0881309509277343,0.0005764365196228,0.0616744756698608,0.1075692230130911,140,P003,0.0,0.0,0.0,0.0,0.0,0.0,0.0,0.0,0.0,0.0,0.0,0.0,0.0,0.0,0.0,0.0,0.0,0.0,0.0,5.586669921875,0.0,0.0,0.0,0.0,0.0,0.0791015625,655,0.1075692230130911,0.3275,0.2199307769869088
138.76493896484374,68.48811215505692,182.03730165466663,1526,0.03043212890625,0.0,0.0,0.0,0.0,0.0,0.0,0.0,0.0,61.94189453125,0.0,0.0,0.0,0.0,0.0,0.0,0.0,0.0,0.915283203125,0.0,29.3623046875,0.0,0.0,0.0,0.0,112.2947006225586,50.4810905456543,0.0,208.0,208.0,7.384119510650635,0.99702392578125,-0.1497359275817871,0.0136157274246215,0.120343804359436,0.1925847015984966,141,P003,0.0,0.0,0.0,0.0,0.0,0.0,0.0,0.0,0.0,0.0,0.0,0.0,0.0,0.0,0.0,0.0,0.0,0.0,0.0,7.701171875,0.0,0.0,0.0,0.0,0.0,0.079345703125,284,0.1925847015984966,0.142,0.0505847015984966
140.37622314453125,73.48143530554836,160.69474576177595,955,0.0219189453125,0.0,0.0,0.0,0.0,0.0,0.0,0.0,0.0,71.2060546875,0.0,0.0,0.0,0.0,0.0,0.0,0.0,0.0,0.165283203125,0.0,15.733398437500002,0.0,0.0,0.0,0.0,116.1557846069336,50.238277435302734,0.0,208.0,208.0,7.383407115936279,0.9954736328125,-0.1570038795471191,0.0455381274223327,0.1058093309402465,0.1947294373123938,142,P003,0.0,0.0,0.0,0.0,0.0,0.0,0.0,0.0,0.0,0.0,0.0,0.0,0.0,0.0,0.0,0.0,0.0,0.0,0.0,12.77197265625,0.0,0.0,0.0,0.0,0.0,0.123291015625,261,0.1947294373123938,0.1305,0.0642294373123938
141.88777587890624,77.6809252232465,231.73299308106905,1686,0.02505126953125,0.0,0.0,0.2822265625,0.0,0.0,0.0,0.0,0.0,75.771484375,0.0,0.0,0.0,0.0,0.10302734375,0.0,0.0,0.0,1.385986328125,0.0,5.467529296875,0.0,0.0,0.0,0.0,111.50616455078124,52.24530792236328,0.0,208.0,208.0,7.460159778594971,0.99445068359375,-0.1482362747192382,0.029691994190216,0.1432472467422485,0.2082675715536721,143,P003,0.0,0.0,0.0,0.0,0.0,0.0,0.0,0.0,0.0,0.0,0.0,0.0,0.0,0.0,0.767578125,0.0,0.0,0.0,0.89306640625,15.000732421874998,0.0,0.0,0.0,0.0,0.154052734375,0.17431640625,574,0.2082675715536721,0.287,0.0787324284463278
145.7216162109375,76.16065499112337,324.8425799899042,2698,0.02951416015625,0.0,0.0,1.293701171875,0.0,0.0,0.0,0.0,0.0,75.109619140625,0.0,0.1474609375,1.095703125,0.0,0.12890625,0.0,0.0,0.0,4.577392578125,0.0,0.0,0.0,0.0,0.0139160156249999,0.0,109.1475601196289,52.04854583740234,0.0,208.0,208.0,7.469237327575684,0.9953076171875,-0.1248612403869628,0.0051570534706115,0.162210464477539,0.2047661088595684,144,P003,0.0,0.0,0.0,0.0,0.0,0.0,0.0,0.0,0.0,0.0,0.0,0.0,0.0,0.0,3.060791015625,0.0,0.0,0.0,0.7905273437500001,13.565185546875,0.0,0.0,0.0,0.0,0.1245117187499999,0.09228515625,889,0.2047661088595684,0.4445,0.2397338911404315
145.0026220703125,76.48254650495471,477.77589125154014,3321,0.03773681640625,0.0,0.79150390625,3.108154296875,0.0,0.0,0.0,0.0,0.0,65.190673828125,0.0,0.1484375,1.13134765625,0.0,0.27099609375,0.0,0.0,0.0,9.820556640625,0.0,0.0,0.0,0.0,0.058837890625,0.0,109.25851440429688,50.13356018066406,0.0,208.0,208.0,7.540807723999023,0.998544921875,-0.1106824874877929,-0.0030381679534912,0.159198522567749,0.1939175419830634,145,P003,0.0,0.0,0.0,0.0,0.0622558593749999,0.61328125,0.0,0.0,0.0,0.096435546875,1.899169921875,0.85888671875,0.0,0.0,3.025146484375,0.0,0.0,0.0,0.710693359375,12.098876953125,0.0,0.0,0.0,0.0,0.0966796875,0.01806640625,1140,0.1939175419830634,0.57,0.3760824580169365
147.89949462890624,77.49271569054838,670.8919980701867,3842,0.0466259765625,0.0,3.512939453125,4.35693359375,0.0,0.0,0.0,0.0,0.0,57.85449218749999,0.0,0.15283203125,1.00830078125,0.0,0.588134765625,0.0,0.0,0.0,10.475830078125,0.0,0.0,0.0,0.0,0.34423828125,0.0,105.5725555419922,49.46244812011719,0.0,208.0,208.0,7.531791687011719,0.9973779296875,-0.0813286304473877,-0.0046223998069763,0.1218189597129821,0.1465454593495699,146,P003,0.0,0.0,0.0,0.0,0.271240234375,0.879150390625,0.0,0.0,0.0,0.1132812499999999,3.65966796875,2.31689453125,0.0,0.0,2.988037109375,0.0,0.0,0.0,0.657958984375,10.73583984375,0.0,0.0,0.0,0.0,0.084228515625,0.0,1497,0.1465454593495699,0.7485,0.6019545406504301
146.0549755859375,78.91570630310396,846.8201403699817,3895,0.05828369140625,0.0,6.484375000000001,5.270751953125,0.0,0.0,0.0,0.0,0.0,53.63598632812499,0.0,0.173095703125,0.912109375,0.0,0.859619140625,0.0,0.0,0.0,6.61328125,0.0,0.0,0.0,0.0,0.64892578125,0.0,108.24446105957033,48.83804321289063,0.0,208.0,208.0,7.540661811828613,0.99816162109375,-0.0695326328277587,-0.004902184009552,0.1060752868652343,0.1269282668264449,147,P003,0.0,0.0,0.0,0.0,0.3359375,1.47509765625,0.0,0.0,0.0,0.135986328125,5.96240234375,3.794189453125,0.0,0.0,3.14404296875,0.0,0.0,0.0,0.64501953125,9.8330078125,0.0,0.0,0.0,0.0,0.076171875,0.0,1595,0.1269282668264449,0.7975,0.6705717331735551
144.67399658203124,79.22936651367466,913.4428364179372,3874,0.0641552734375,0.0,7.37109375,5.239013671875,0.0,0.0,0.0,0.0,0.0,54.841064453125,0.0,0.189208984375,0.8505859375000001,0.0,0.590087890625,0.0,0.0,0.0,4.127685546875,0.0,0.0,0.0,0.0,0.883056640625,0.477294921875,107.0664520263672,48.49188232421875,0.0,208.0,208.0,7.531774997711182,0.9985107421875,-0.0233714580535888,-0.0017775893211364,0.0359168648719787,0.0428882974432101,148,P003,0.0,0.0,0.0,0.0,0.372314453125,1.9091796875,0.0,0.0,0.0,0.158935546875,5.022216796875,4.53857421875,0.0,0.0,3.386474609375,0.0,0.0,0.0,0.6337890625,9.2470703125,0.0,0.092529296875,0.0,0.0,0.06982421875,0.0,2038,0.0428882974432101,1.0,0.95711170255679
143.88233642578126,79.28965961945138,923.7543111032246,3926,0.067021484375,0.001708984375,7.170898437500001,5.082275390625,0.0,0.0,0.0,0.0,0.0,55.411865234375,0.0,0.197021484375,0.84033203125,0.0,0.3427734375,0.0,0.0,0.0,3.76513671875,0.0,0.0,0.0,0.0,0.942138671875,1.012451171875,106.41423797607422,48.448238372802734,0.0,208.0,208.0,7.528250217437744,0.99821044921875,-0.0694079399108886,-0.0055118799209594,0.1071373522281646,0.1277742352174272,149,P003,0.0,0.0,0.0,0.0,0.38720703125,1.97998046875,0.0,0.0,0.0,0.169189453125,4.507080078125,4.8349609375,0.0,0.0,3.54541015625,0.0,0.0,0.0,0.62646484375,9.02392578125,0.0,0.090087890625,0.0,0.0,0.069091796875,0.0,1580,0.1277742352174272,0.79,0.6622257647825728
143.9916748046875,79.91028031136622,948.9120159616411,3898,0.07139892578125,0.006591796875,7.427490234375,5.052001953125,0.0,0.0,0.0,0.0,0.0,57.218994140625,0.0,0.233154296875,0.9003906250000001,0.0,0.1132812499999999,0.0,0.0,0.0,2.138427734375,0.0,0.0,0.0,0.0,1.03759765625,1.37841796875,104.8982391357422,48.41643142700195,0.0,208.0,208.0,7.540301322937012,0.99840576171875,-0.0353240966796875,-0.0028733611106872,0.0546644777059555,0.0651479326853372,150,P003,0.0,0.0,0.0,0.0,0.35595703125,2.36669921875,0.0,0.0,0.0,0.188720703125,4.05224609375,4.798583984375,0.0,0.0,3.747802734375,0.0,0.0,0.0,0.59716796875,8.2294921875,0.0,0.094482421875,0.0,0.0,0.0625,0.0,1818,0.0651479326853372,0.909,0.8438520673146628
146.208515625,72.07581144498396,1916.3786518245695,4828,0.09157958984375,0.0,0.0,0.0,0.0,0.0,1.4541015625,0.0,0.0,58.63061523437501,0.0,0.0,29.482421875,0.0,0.0,0.0,0.0,0.0,0.0,0.0,0.0,0.0,0.0,10.1142578125,0.0,109.83660125732422,47.652225494384766,0.0,208.0,208.0,7.246998310089111,0.99937744140625,-0.0088992118835449,-0.009268045425415,-0.115545630455017,0.1162578399739267,0,P004,0.0,0.0,0.0,0.0,0.0,0.0,0.0,0.0,0.318603515625,0.0,0.0,0.0,0.0,0.0,0.0,0.0,0.0,0.0,0.0,0.0,0.0,0.0,0.0,0.0,0.0,0.0,2029,0.1162578399739267,1.0,0.8837421600260733
135.4820947265625,75.45837659495793,2279.019292857147,4932,0.1049365234375,0.0,0.0,0.0,0.0,0.0,4.049560546875,0.0,0.0,50.521484375,0.0,0.0,34.94921875,0.0,0.0,0.0,0.0,0.0,0.0,0.0,0.0,0.0,0.0,10.153564453125,0.0,107.31550598144533,47.72248458862305,0.0,208.0,208.0,7.207850456237793,0.999130859375,-0.0085587501525878,-0.0089132785797119,-0.1111249923706054,0.1118099399363987,1,P004,0.0,0.0,0.0,0.0,0.0,0.0,0.0,0.0,0.326171875,0.0,0.0,0.0,0.0,0.0,0.0,0.0,0.0,0.0,0.0,0.0,0.0,0.0,0.0,0.0,0.0,0.0,2286,0.1118099399363987,1.0,0.8881900600636012
122.7946728515625,78.74723605603717,2392.8863842429155,4902,0.11252197265625,0.0,0.0,0.0,0.0,0.0,8.830078125,0.0,0.0,42.367919921875,0.0,0.0,38.2763671875,0.0,0.0,0.0,0.0,0.0,0.0,0.0,0.0,0.0,0.0,10.228515625,0.0,105.98938751220705,47.3137321472168,0.0,208.0,208.0,7.143356323242188,0.99923828125,-0.0128121376037597,-0.0133432149887084,-0.1663529872894287,0.1673783398063483,2,P004,0.0,0.0,0.0,0.0,0.0,0.0,0.0,0.0,0.297119140625,0.0,0.0,0.0,0.0,0.0,0.0,0.0,0.0,0.0,0.0,0.0,0.0,0.0,0.0,0.0,0.0,0.0,2146,0.1673783398063483,1.0,0.8326216601936517
125.162197265625,75.14865775487624,2200.712720119261,4889,0.1045263671875,0.0,0.0,0.0,0.0,0.0,9.125732421875,0.0,0.0,44.63720703125,0.0,0.0,36.132080078125,0.0,0.0,0.0,0.0,0.0,0.0,0.0,0.0,0.0,0.0,9.83154296875,0.0,105.48751068115234,47.04316329956055,0.0,208.0,208.0,7.077475547790527,0.99919921875,0.0635285377502441,0.0454208850860595,-0.1171467304229736,0.1407916487561605,3,P004,0.0,0.0,0.0,0.0,0.0,0.0,0.0,0.0,0.2734375,0.0,0.0,0.0,0.0,0.0,0.0,0.0,0.0,0.0,0.0,0.0,0.0,0.0,0.0,0.0,0.0,0.0,1930,0.1407916487561605,0.965,0.8242083512438394
107.257265625,73.52156452456913,2667.3809582923354,4950,0.120234375,0.0,0.0,0.0,0.0,0.0,9.9228515625,0.0,0.0,42.553955078125,0.0,0.0,42.539794921875,0.0,0.0,0.0,0.0,0.0,0.0,0.0,0.0,0.0,0.0,4.678955078125,0.0,110.61760711669922,47.564552307128906,0.0,208.0,208.0,7.271904945373535,0.9992041015625,0.0681157112121582,0.0636169910430908,-0.0487265586853027,0.1051719981013343,4,P004,0.0,0.0,0.0,0.0,0.0,0.0,0.0,0.0,0.304443359375,0.0,0.0,0.0,0.0,0.0,0.0,0.0,0.0,0.0,0.0,0.0,0.0,0.0,0.0,0.0,0.0,0.0,1770,0.1051719981013343,0.885,0.7798280018986656
99.21407958984376,71.57630156558886,2712.8309903441364,4950,0.1178515625,0.0,0.0,0.0,0.0,0.0,10.434326171875,0.0,0.0,43.619140625,0.0,0.0,43.493408203125,0.345703125,0.0,0.0,0.0,0.0,0.0,0.0,0.0,0.0,0.0,1.539306640625,0.0,115.23171997070312,48.99020385742188,0.0,208.0,208.0,7.44629955291748,0.9991845703125,0.0602993965148925,0.0617884397506713,-0.0149335861206054,0.0876175810057783,5,P004,0.0,0.0,0.0,0.0,0.0,0.0,0.0,0.0,0.308349609375,0.0,0.0,0.0,0.0,0.0,0.0,0.0,0.0,0.0,0.0,0.0,0.259765625,0.0,0.0,0.0,0.0,0.0,1816,0.0876175810057783,0.908,0.8203824189942217
97.70380126953124,72.65365488109735,2640.641250235654,4921,0.11669189453125,0.0,0.0,0.0,0.0,0.0,11.2001953125,0.0,0.0,43.869140625,0.0,0.0,43.307861328125,0.01904296875,0.0,0.0,0.0,0.0,0.0,0.0,0.0,0.0,0.0,1.00927734375,0.0,101.28016662597656,51.66841506958008,0.0,208.0,208.0,7.509278774261475,0.99657470703125,0.0265579223632812,0.0982944965362548,0.0072793960571289,0.1020789934145436,6,P004,0.0,0.0,0.0,0.0,0.0,0.0,0.0,0.0,0.32177734375,0.0,0.0,0.0,0.0,0.0,0.0,0.0,0.0,0.0,0.0,0.0,0.272705078125,0.0,0.0,0.0,0.0,0.0,1774,0.1020789934145436,0.887,0.7849210065854564
111.62818115234376,73.11743263637183,2339.7770645880696,4817,0.102109375,0.0,0.0,0.0,0.0,0.0,8.704345703125,0.0,0.0,52.92431640625001,0.0,0.0,37.113525390625,0.0,0.0,0.0,0.0,0.0,0.0,0.0,0.0,0.0,0.0,0.675537109375,0.0,93.39910888671876,49.41259002685547,0.0,208.0,208.0,7.527140617370605,0.9975927734375,0.0097613334655761,0.1227622032165527,0.0145165920257568,0.1240023129366974,7,P004,0.0,0.0,0.0,0.0,0.0,0.0,0.0,0.0,0.327392578125,0.0,0.0,0.0,0.0,0.0,0.0,0.0,0.0,0.0,0.0,0.0,0.2548828125,0.0,0.0,0.0,0.0,0.0,1655,0.1240023129366974,0.8275,0.7034976870633026
119.8701708984375,69.24794516828197,1996.703851293349,4656,0.0919482421875,0.0,0.0,0.0,0.0,0.0,5.912109375,0.0,0.0,60.959716796875,0.0,0.0,32.26318359375,0.0,0.0,0.0,0.0,0.0,0.0,0.0,0.0,0.0,0.0,0.266845703125,0.0,96.75544738769533,47.60890197753906,0.0,208.0,208.0,7.530483245849609,0.99911865234375,-0.0086355209350585,0.1101149916648864,0.0153031349182128,0.1115081591162856,8,P004,0.0,0.0,0.0,0.0,0.0,0.0,0.0,0.0,0.325439453125,0.0,0.0,0.0,0.0,0.0,0.0,0.0,0.0,0.0,0.0341796875,0.0,0.238525390625,0.0,0.0,0.0,0.0,0.0,1624,0.1115081591162856,0.812,0.7004918408837144
120.4986767578125,66.88091448150094,1896.765423727036,4484,0.09197265625,0.0,0.0,2.16455078125,0.0,0.0,4.21435546875,0.0,0.0,59.54467773437499,0.0,0.0,28.29150390625,0.0,0.0,0.0,0.0,0.0,0.0,0.0,0.0,0.0,0.0,0.11767578125,0.0,100.6374282836914,47.05471420288086,0.0,208.0,208.0,7.515639305114746,0.99955322265625,-0.0351209640502929,0.1862675547599792,0.0285782814025878,0.1916919462053879,9,P004,0.0,0.0,0.0,0.0,0.0,0.0,0.0,0.0,0.340576171875,0.0,0.0,0.0,0.0,0.0,0.0,0.0,0.0,0.0,0.11962890625,5.042724609375,0.164306640625,0.0,0.0,0.0,0.0,0.0,1363,0.1916919462053879,0.6815,0.489808053794612
126.4027978515625,65.2201146088682,1656.7581396712724,4227,0.086708984375,0.0,0.0,7.079345703125001,0.0,0.0,2.75634765625,0.0,0.0,47.948486328125,0.0,0.0,22.216552734375,0.0,0.0,0.0,0.0,0.0,0.229248046875,0.0,0.0,0.0,0.0,0.04345703125,0.0,102.75006103515624,46.91782760620117,0.0,208.0,208.0,7.513628005981445,0.99936767578125,-0.0256586074829101,0.1007777452468872,0.0163304805755615,0.1052672915526819,10,P004,0.0,0.0,0.0,0.0,0.0,0.0,0.543701171875,0.0,0.365478515625,0.0,0.0,0.0,0.0,0.0,0.0,0.0,0.0,0.0,0.17138671875,18.64599609375,0.0,0.0,0.0,0.0,0.0,0.0,1407,0.1052672915526819,0.7035,0.598232708447318
130.6775537109375,64.2681206441035,1467.606272827053,3999,0.08206787109375,0.0,0.0,8.537841796875,0.0,0.0,2.03564453125,0.0,0.0,41.3046875,0.0,0.0,19.167236328125,0.0,0.0,0.0,0.0,0.0,0.594970703125,0.0,0.0,0.0,0.0,0.031982421875,0.0,103.1977996826172,47.01327133178711,0.0,208.0,208.0,7.514957904815674,0.99939697265625,-0.0306391716003417,0.1083095669746398,0.01798677444458,0.1139879168574871,11,P004,0.0,0.0,0.0,0.0,0.0,0.0,0.236328125,0.0,0.378662109375,0.0,0.0,0.0,0.0,0.0,0.0,0.0,0.0,0.0,0.17431640625,27.538330078125,0.0,0.0,0.0,0.0,0.0,0.0,1419,0.1139879168574871,0.7095,0.5955120831425129
134.1445556640625,63.22790558044505,1305.634836349672,3739,0.0777978515625,0.0,0.0,9.45703125,0.0,0.0,1.568115234375,0.0,0.0,37.026611328125,0.0,0.0,17.105224609375,0.0,0.0,0.0,0.0,0.0,0.940673828125,0.0,0.0,0.0,0.0,0.024658203125,0.0,103.14832305908205,47.36763381958008,0.0,208.0,208.0,7.522134304046631,0.9992333984375,-0.0349750518798828,0.1152127683162689,0.0195338726043701,0.1219787211607931,12,P004,0.0,0.0,0.0,0.0,0.0,0.0,0.14208984375,0.0,0.379150390625,0.0,0.0,0.0,0.0,0.0,0.0,0.0,0.0,0.0,0.177978515625,33.178466796875,0.0,0.0,0.0,0.0,0.0,0.0,1342,0.1219787211607931,0.671,0.5490212788392069
136.24034912109374,61.88985955073856,1246.054146356052,3700,0.07813720703125,0.0,0.0,10.757080078125,0.0,0.0,1.303955078125,0.0,0.0,33.897216796875,0.0,0.0,16.059326171875,0.0,0.0,0.0,0.0,0.0,1.14794921875,0.0,0.0,0.0,0.0,0.01953125,0.0,103.6102066040039,47.80913925170898,0.0,208.0,208.0,7.531769752502441,0.99922119140625,-0.0104327201843261,0.0331105291843414,0.005685806274414,0.0351777939373937,13,P004,0.0,0.0,0.0,0.0,0.0,0.0,0.44287109375,0.0,0.361328125,0.0,0.0,0.0,0.0,0.0,0.0,0.0,0.0,0.0,0.154296875,35.8564453125,0.0,0.0,0.0,0.0,0.0,0.0,1602,0.0351777939373937,0.801,0.7658222060626063
135.8667041015625,60.987846996158986,1280.7863189897298,3923,0.078564453125,0.0,0.0,11.013427734375,0.0,0.0,1.437255859375,0.0,0.0,34.367919921875,0.0,0.0,16.11865234375,0.00732421875,0.0,0.0,0.0,0.0,1.279541015625,0.0,0.0,0.0,0.0,0.033935546875,0.0,103.97000122070312,47.809818267822266,0.0,208.0,208.0,7.531833171844482,0.99965087890625,-0.014225959777832,0.0443883389234542,0.0076723098754882,0.0472394634051812,14,P004,0.0,0.0,0.0,0.0,0.0,0.0,1.319091796875,0.0,0.3515625,0.0,0.0,0.0,0.0,0.0,0.0,0.0,0.0,0.0,0.136474609375,33.934814453125,0.0,0.0,0.0,0.0,0.0,0.0,1824,0.0472394634051812,0.912,0.8647605365948188
135.52719482421875,60.7202063941082,1248.0747207068443,4051,0.0784423828125,0.0,0.0,11.1494140625,0.0,0.0,1.388916015625,0.0,0.0,33.850830078125,0.0,0.0,15.964599609375,0.131103515625,0.0,0.0,0.0,0.0,1.327392578125,0.0,0.0,0.0,0.0,0.02587890625,0.0,104.68138885498048,47.95802688598633,0.0,208.0,208.0,7.534510612487793,0.9996142578125,-0.0347309112548828,0.1050943955779075,0.018402099609375,0.1122038566561489,15,P004,0.0,0.0,0.0,0.0,0.0,0.0,2.65478515625,0.0,0.32763671875,0.0,0.0,0.0,0.0,0.0,0.0,0.0,0.0,0.0,0.123779296875,33.0556640625,0.0,0.0,0.0,0.0,0.0,0.0,1886,0.1122038566561489,0.943,0.830796143343851
137.238466796875,60.23765157100592,1173.4709923703135,3984,0.078701171875,0.0,0.0,12.565917968750002,0.0,0.0,1.286865234375,0.0,0.0,30.18115234375,0.0,0.0,14.806396484375,0.123291015625,0.0,0.0,0.0,0.0,1.26611328125,0.0,0.0,0.0,0.0,0.01513671875,0.0,105.3278579711914,48.56211853027344,0.0,208.0,208.0,7.55013370513916,0.99886474609375,-0.0357847213745117,0.1039919275790453,0.0185682773590087,0.1115331708934069,16,P004,0.0,0.0,0.0,0.0,0.0,0.0,3.09912109375,0.0,0.30908203125,0.0,0.0,0.0,0.0,0.0,0.0,0.0,0.0,0.0,0.107421875,36.239501953125,0.0,0.0,0.0,0.0,0.0,0.0,1747,0.1115331708934069,0.8735,0.7619668291065931
138.6752880859375,59.34925388893164,1120.994179193115,3809,0.0781201171875,0.0,0.0,14.342041015625002,0.0,0.0,1.25341796875,0.0,0.0,30.521240234375004,0.0,0.0,13.63427734375,0.021484375,0.0,0.0,0.0,0.0,1.0146484375,0.0,0.0,0.0,0.0,0.01611328125,0.0,106.95597839355467,49.14992141723633,0.0,208.0,208.0,7.561832904815674,0.99829345703125,-0.068544864654541,0.1878133323043584,0.0347087383270263,0.2029210259633799,17,P004,0.0,0.0,0.0,0.0,0.0,0.0,2.321044921875,0.0,0.233642578125,0.0,0.0,0.0,0.0,0.0,0.0,0.0,0.0,0.0,0.094482421875,36.547607421875,0.0,0.0,0.0,0.0,0.0,0.0,1488,0.2029210259633799,0.744,0.5410789740366201
142.4818115234375,59.19805118334456,1002.8661551937104,3645,0.06935302734375,0.0,0.0,15.57568359375,0.0,0.0,1.14599609375,0.0,0.0,44.54931640625,0.0,0.0,11.701171875,0.0,0.0,0.0,0.0,0.0,0.7548828125,0.0,0.0,0.0,0.0,0.004638671875,0.0,110.7230453491211,49.52089309692383,0.0,208.0,208.0,7.552731513977051,0.997861328125,-0.0746107101440429,0.1843798160552978,0.0366926193237304,0.2022597907385945,18,P004,0.0,0.0,0.0,0.0,0.0,0.0,1.4443359375,0.0,0.0400390625,0.0,0.0,0.0,0.0,0.0,0.0,0.0,0.0,0.0,0.07373046875,24.710205078125,0.0,0.0,0.0,0.0,0.0,0.0,1387,0.2022597907385945,0.6935,0.4912402092614054
152.34060546875,57.40154949475696,835.1123426985739,3326,0.0563037109375,0.0,0.0,12.21533203125,0.0,0.0,0.94921875,0.0,0.0,61.60717773437499,0.0,0.0,10.01025390625,0.0,0.0,0.0,0.0,0.0,0.550048828125,0.0,0.187255859375,0.0,0.0,0.00048828125,0.0,109.0027084350586,50.73063278198242,0.0,208.0,208.0,7.537164688110352,0.996875,-0.0832676887512207,0.1507713198661804,0.0420114994049072,0.1772863925021003,19,P004,0.0,0.0,0.0,0.346435546875,0.0,0.0,0.982421875,0.0,0.0,0.0,0.0,0.0,0.50634765625,0.0,0.0,0.0,0.0,0.0,0.056396484375,12.588623046875,0.0,0.0,0.0,0.0,0.0,0.0,1189,0.1772863925021003,0.5945,0.4172136074978997
154.08626220703124,56.819752164874245,777.8063845729828,3241,0.05333984375,0.0,0.0,8.743408203125,0.0,0.0,0.796142578125,0.0,0.0,70.323486328125,0.0,0.0,8.639404296875,0.0,0.0,0.0,0.0,0.0,0.3115234375,0.0,2.129150390625,0.0,0.0,0.000244140625,0.0,100.04569244384766,50.93967056274414,0.0,208.0,208.0,7.558510303497314,0.99706787109375,-0.1018409729003906,0.0572685003280639,0.0852959156036377,0.1446604925672052,20,P004,0.0,0.0,0.0,0.39453125,0.0,0.55859375,0.58349609375,0.0,0.0,0.0,0.0,0.0,0.44970703125,0.0,0.0,0.0,0.0,0.0,0.040771484375,7.029541015625,0.0,0.0,0.0,0.0,0.0,0.0,949,0.1446604925672052,0.4745,0.3298395074327947
161.01607666015624,53.31564114462184,689.4990820175169,3066,0.048271484375,0.0,0.0,4.166259765625,0.0,0.0,0.6396484375,0.0,0.0,78.2451171875,0.0,0.0,7.275634765625,0.0,0.0,0.0,0.0,0.0,0.0,0.0,3.57275390625,0.0,0.0,0.001708984375,0.0,99.08843994140624,50.97847366333008,0.0,208.0,208.0,7.564301490783691,0.99685302734375,-0.0918684005737304,0.03184175491333,0.0822298526763916,0.1273398957558747,21,P004,0.0,0.0,0.0,0.4462890625,0.0,0.88916015625,0.167236328125,0.0,0.0,0.0,0.0,0.0,0.51806640625,0.0,0.0,0.0,0.0,0.0,0.029052734375,4.049072265625,0.0,0.0,0.0,0.0,0.0,0.0,885,0.1273398957558747,0.4425,0.3151601042441252
167.84813720703124,49.15554142346026,624.706045865244,2801,0.04379150390625,0.0,0.0,0.5634765625,0.0,0.0,0.5478515625,0.0,0.0,84.013427734375,0.0,0.0,5.42822265625,0.0,0.0,0.0,0.0,0.0,0.0,0.0,4.88427734375,0.0,0.0,0.0,0.0,99.3099136352539,51.11446762084961,0.0,208.0,208.0,7.5687971115112305,0.9968896484375,-0.151440143585205,-4.762411117553711e-05,0.1492636203765869,0.2126352457263126,22,P004,0.0,0.0,0.0,0.53271484375,0.0,1.210693359375,0.020263671875,0.0,0.0,0.0,0.0,0.0,0.6259765625,0.0,0.0,0.0,0.0,0.0,0.019287109375,2.15380859375,0.0,0.0,0.0,0.0,0.0,0.0,648,0.2126352457263126,0.324,0.1113647542736873
169.9131103515625,49.969270576493386,464.7262351093235,2056,0.03544921875,0.0,0.0,0.206787109375,0.0,0.0,0.33154296875,0.0,0.0,84.434326171875,0.0,0.0,3.005615234375,0.0,0.0,0.0,0.0,0.0,0.0,0.0,7.426025390625,0.0,0.0,0.0,0.0,103.3494110107422,50.8937873840332,0.0,208.0,208.0,7.581818580627441,0.99745849609375,-0.10941743850708,-0.0016754269599914,0.0859572887420654,0.1391532909881607,23,P004,0.0,0.0,0.0,0.901123046875,0.0,1.93359375,0.0,0.0,0.0,0.0,0.0,0.0,1.103515625,0.0,0.0,0.0,0.003662109375,0.0,0.0,0.65380859375,0.0,0.0,0.0,0.0,0.0,0.0,855,0.1391532909881607,0.4275,0.2883467090118393
165.89454833984374,54.35194200013143,412.2423607318641,2142,0.03885986328125,0.0,0.0,0.249755859375,0.0,0.0,0.11767578125,0.0,0.0,80.343505859375,0.0,0.0,1.94970703125,0.0,0.0,0.0,0.0,0.0,0.0,0.0,10.452880859375,0.0,0.0,0.0,0.0,103.57379150390624,50.54794692993164,0.0,208.0,208.0,7.583064079284668,0.9975830078125,-0.0681414604187011,-0.0010434985160827,0.0460563898086547,0.0822528939269205,24,P004,0.0,0.0,0.0,1.349365234375,0.0,2.768798828125,0.0,0.0,0.0,0.0,0.0,0.0,1.720703125,0.0,0.0,0.0,0.00390625,0.0,0.0,1.043701171875,0.0,0.0,0.0,0.0,0.0,0.0,919,0.0822528939269205,0.4595,0.3772471060730794
164.10321044921875,55.41186541310627,287.8912818252504,2007,0.03536865234375,0.0,0.00341796875,0.1245117187499999,0.0,0.0,0.0,0.0,0.0,78.1455078125,0.0,0.0,0.0,0.0,0.0,0.0,0.0,0.0,0.0,0.0,12.949462890625,0.0,0.0,0.0,0.0,103.85783386230467,50.66469955444336,0.0,208.0,208.0,7.580670356750488,0.99756103515625,-0.1540484428405761,-0.0019195675849914,0.0878386497497558,0.177342143528209,25,P004,0.0,0.0,0.0,1.67236328125,0.0,3.5100097656250004,0.0,0.0,0.0,0.0,0.0,0.0,2.18603515625,0.0,0.0,0.0,0.0,0.0,0.0,1.40869140625,0.0,0.0,0.0,0.0,0.0,0.0,922,0.177342143528209,0.461,0.283657856471791
157.92781005859376,59.082300095785484,262.4565281978606,2169,0.036005859375,0.0,0.0,0.047119140625,0.0,0.0,0.0,0.0,0.0,71.5078125,0.0,0.0,0.0,0.0,0.0,0.0,0.0,0.0,0.0,0.0,17.973876953125,0.0,0.0,0.0,0.0,104.96317291259766,50.919734954833984,0.0,208.0,208.0,7.575531482696533,0.9973876953125,-0.2417984008789062,-0.0021166801452636,0.1103243827819824,0.2657864113130296,26,P004,0.0,0.0,0.0,2.53369140625,0.0,3.0615234375,0.0,0.0,0.0,0.0,0.0,0.0,2.314697265625,0.0,0.0,0.0,0.0,0.0,0.0,2.561279296875,0.0,0.0,0.0,0.0,0.0,0.0,655,0.2657864113130296,0.3275,0.0617135886869703
153.15470947265624,64.67567327000384,246.60886892089843,1825,0.03135986328125,0.0,0.0,0.126220703125,0.0,0.0,0.0,0.0,0.0,71.688232421875,0.0,0.0,0.0,0.0,0.0,0.0,0.0,0.0,0.0,0.0,20.736572265625,0.0,0.0,0.0,0.0,106.18548583984376,50.965579986572266,0.0,208.0,208.0,7.572309494018555,0.99738037109375,-0.2788209915161133,-0.0016977190971374,0.1041488647460937,0.2976424257192872,27,P004,0.0,0.0,0.0,0.0,0.0,2.3388671875,0.0,0.0,0.0,0.0,0.0,0.0,0.0,0.0,0.0,0.0,0.0,0.0,0.0,5.078125,0.0,0.0,0.0,0.0,0.0,0.031982421875,314,0.2976424257192872,0.157,0.1406424257192872
148.391015625,72.19979939419676,259.1094300066888,1274,0.02986083984375,0.0,0.3603515625,0.6005859375,0.0,0.0,0.0,0.0,0.0,73.45361328125,0.0,0.0,0.0,0.0,0.0,0.0,0.0,0.0,0.0,0.0,15.837402343750002,0.0,0.0,0.0,0.0,107.35912322998048,50.946659088134766,0.0,208.0,208.0,7.548947334289551,0.99694580078125,-0.2770357131958008,-0.0011975169181823,0.0883011817932128,0.2907702170765661,28,P004,0.0,0.0,0.0,0.0,0.0,0.99951171875,0.0,0.0,0.0,0.0,0.0,0.0,0.0,0.0,0.0,0.0,0.0,0.0,0.0,8.63134765625,0.0,0.0,0.0,0.0,0.0,0.1171875,383,0.2907702170765661,0.1915,0.099270217076566
153.40462890625,71.722339446253,444.8755879709661,2660,0.037822265625,0.0,2.509521484375,1.499267578125,0.0,0.0,0.0,0.0,0.0,82.128173828125,0.0,0.0,0.0,0.0,0.0,0.0,0.0,0.0,0.234130859375,0.0,0.0,0.0,0.0,0.0,0.0,108.01976776123048,50.35970687866211,0.0,208.0,208.0,7.551109790802002,0.99734130859375,-0.2173743247985839,-0.0006965398788452,0.061730146408081,0.2259705583145871,29,P004,0.0,0.0,0.0,0.0,0.0,0.8750000000000001,0.0,0.0,0.0,0.0,0.0,0.0,0.0,0.0,0.9091796875,0.0,0.0,0.0,0.76611328125,10.811767578125,0.0,0.0,0.0,0.0,0.13232421875,0.134521484375,839,0.2259705583145871,0.4195,0.1935294416854128
143.25234375,74.62031454076757,776.9322184599878,4103,0.0549609375,0.0,5.45947265625,4.100830078125,0.0,0.0,0.0,0.0,0.0,68.429931640625,0.0,0.13671875,1.408935546875,0.0,0.151611328125,0.0,0.0,0.0,3.4296875,0.0,0.0,0.0,0.0,0.111083984375,0.10986328125,105.82398223876952,50.283958435058594,0.0,208.0,208.0,7.556125640869141,0.99711669921875,-0.1377463340759277,-0.0003485083580017,0.0363231897354126,0.1424554250352982,30,P004,0.0,0.0,0.0,0.0,0.0617675781249999,1.265625,0.0,0.0,0.0,0.095458984375,1.4326171875,0.953125,0.0,0.0,2.15625,0.0,0.0,0.0,0.723876953125,9.76416015625,0.0,0.0380859375,0.0,0.0,0.1083984375,0.0625,1310,0.1424554250352982,0.655,0.5125445749647018
136.49994140625,75.73555381275489,912.736429185146,4240,0.06328125,0.0,6.944824218749999,5.72998046875,0.0,0.0,0.131103515625,0.0,0.0,58.92163085937499,0.0,0.155029296875,1.58154296875,0.0,0.7824707031249999,0.0,0.0,0.0,4.3154296875,0.0,0.0,0.0,0.0,0.00146484375,0.559814453125,106.91187286376952,50.4072265625,0.0,208.0,208.0,7.5649871826171875,0.9971533203125,-0.1925368309020996,-0.0004416108131408,0.0480248928070068,0.1984364296268668,31,P004,0.0,0.0,0.0,0.0,0.3974609375,1.4462890625,0.0,0.0,0.0,0.111572265625,3.506591796875,3.29541015625,0.0,0.0,2.337158203125,0.0,0.0,0.0,0.678955078125,8.939453125,0.0,0.04931640625,0.0,0.0,0.093017578125,0.021484375,1452,0.1984364296268668,0.726,0.5275635703731332
138.92056640625,75.51271877730348,951.7541763899264,4117,0.0657373046875,0.0009765625,6.24658203125,5.71875,0.0,0.0,0.15771484375,0.0,0.0,57.4013671875,0.0,0.1787109375,1.80419921875,0.0,0.9677734375,0.0,0.0,0.0,4.5263671875,0.0,0.0,0.0,0.0,0.00341796875,1.024658203125,106.1977767944336,50.00533676147461,0.0,208.0,208.0,7.575608253479004,0.9980615234375,-0.1504299640655517,-0.0003561973571777,0.0357394218444824,0.1546176161991198,32,P004,0.0,0.0,0.0,0.0,0.489013671875,1.89990234375,0.0,0.0,0.0,0.1376953125,4.23388671875,4.469970703125,0.0,0.0,2.737060546875,0.0,0.0,0.0,0.56787109375,7.2978515625,0.0,0.068603515625,0.0,0.0,0.067626953125,0.0,1454,0.1546176161991198,0.727,0.5723823838008801
144.80608642578125,73.58002165987138,877.8633052827776,3851,0.06185546875,0.00634765625,4.60302734375,4.4560546875,0.0,0.0,0.103759765625,0.0,0.0,63.42797851562501,0.0,0.2041015625,1.9990234375,0.0,0.774169921875,0.0,0.0,0.0,4.501708984375,0.0,0.0,0.0,0.0,0.002197265625,1.215087890625,103.01570129394533,50.32118606567383,0.0,208.0,208.0,7.571187973022461,0.99799072265625,-0.1660728454589843,-0.0004495978355407,0.0379542112350463,0.170355259054518,33,P004,0.0,0.0,0.0,0.0,0.3271484375,2.2265625,0.0,0.0,0.0,0.15869140625,3.26416015625,3.91943359375,0.0,0.0,3.1650390625,0.0,0.0,0.0,0.42578125,5.090087890625,0.0,0.085205078125,0.0,0.0,0.04443359375,0.0,1160,0.170355259054518,0.58,0.4096447409454819
158.29215576171876,69.92529250720318,759.5007428193031,3393,0.05334228515625,0.0,3.1484375,3.1640625,0.0,0.0,0.11083984375,0.0,0.0,71.812744140625,0.0,0.223876953125,2.099853515625,0.0,0.788818359375,0.0,0.0,0.0,3.728271484375,0.0,0.0,0.0,0.0,0.0,0.921142578125,101.7688446044922,50.99681091308594,0.0,208.0,208.0,7.563584327697754,0.997041015625,-0.128711462020874,-0.0004194974899291,0.0284870862960815,0.1318268960392201,34,P004,0.0,0.0,0.0,0.0,0.120849609375,2.7705078125,0.0,0.0,0.0,0.17333984375,2.6630859375,3.041748046875,0.0,0.0,3.618896484375,0.0,0.0,0.0,0.219970703125,1.262451171875,0.0,0.115966796875,0.0,0.0,0.01513671875,0.0,842,0.1318268960392201,0.421,0.2891731039607799
169.9230517578125,65.78435868443736,503.62717651154986,2335,0.03986572265625,0.0,2.05859375,1.93017578125,0.0,0.0,0.12548828125,0.0,0.0,76.9990234375,0.0,0.237548828125,2.130126953125,0.0,0.5537109375,0.0,0.0,0.0,2.96044921875,0.0,0.0,0.0,0.0,0.0,0.329833984375,103.18582153320312,51.44142532348633,0.0,208.0,208.0,7.561509609222412,0.99650146484375,-0.047318696975708,-0.0001757740974426,0.0102861523628234,0.0484241149680965,35,P004,0.0,0.0,0.0,0.0,0.03369140625,3.67138671875,0.0,0.0,0.0,0.183837890625,2.3603515625,2.323974609375,0.0,0.0,3.94921875,0.0,0.0,0.0,0.0,0.0,0.0,0.152587890625,0.0,0.0,0.0,0.0,859,0.0484241149680965,0.4295,0.3810758850319035
174.9901318359375,63.54678306547784,401.5044175292015,2046,0.03083740234375,0.0,1.404296875,1.5810546875000002,0.0,0.0,0.09765625,0.0,0.0,79.59228515625,0.0,0.246337890625,1.70703125,0.0,0.31884765625,0.0,0.0,0.0,2.798828125,0.0,0.0,0.0,0.0,0.000244140625,0.132568359375,104.6216812133789,51.326316833496094,0.0,208.0,208.0,7.56985330581665,0.99673828125,-0.0690793991088867,-0.0002813935279846,0.014853298664093,0.0706587789645929,36,P004,0.0,0.0,0.0,0.0,0.00390625,4.195556640625,0.0,0.0,0.0,0.1884765625,2.20458984375,1.8203125,0.0,0.0,3.5427246093750004,0.0,0.0,0.0,0.0,0.0,0.0,0.165283203125,0.0,0.0,0.0,0.0,423,0.0706587789645929,0.2115,0.140841221035407
185.12208984375,57.88280460274388,283.8364651607931,1100,0.02349365234375,0.0,1.377685546875,1.105712890625,0.0,0.0,0.0,0.0,0.0,87.762939453125,0.0,0.0275878906249999,0.34326171875,0.0,0.1015625,0.0,0.0,0.0,0.77880859375,0.0,0.0,0.0,0.0,0.0,0.7197265625,104.49772644042967,50.56625747680664,0.0,208.0,208.0,7.580629348754883,0.9976513671875,-0.1181960105895996,-0.0005652904510498,0.02498060464859,0.1208083071696642,37,P004,0.0,0.0,0.0,0.0,0.0,5.016845703125,0.0,0.0,0.0,0.0,0.753662109375,0.514404296875,0.0,0.0,1.3427734375,0.0,0.0,0.0,0.0,0.0,0.0,0.155029296875,0.0,0.0,0.0,0.0,377,0.1208083071696642,0.1885,0.0676916928303357
188.2075927734375,56.84592428124336,255.0520590732992,1121,0.023994140625,0.085205078125,1.30322265625,1.94677734375,0.0,0.01611328125,0.0,0.0048828125,0.020263671875,87.251708984375,0.0,0.00927734375,0.06103515625,0.0,0.0,0.0,0.0,0.0,0.0,0.0,0.0,0.0,0.0,0.000732421875,2.258544921875,103.37814331054688,49.78472900390625,0.0,208.0,208.0,7.576336860656738,0.99798828125,-0.0758888721466064,-0.0004310607910156,0.0157711505889892,0.0775115212080765,38,P004,0.0,0.0,0.0,0.0,0.0,6.8955078125,0.0,0.0,0.0,0.0,0.0,0.0,0.0,0.0,0.0,0.0,0.0,0.0,0.0,0.0,0.0,0.146728515625,0.0,0.0,0.0,0.0,479,0.0775115212080765,0.2395,0.1619884787919234
185.64419921875,60.8003438642183,384.8129074227752,1425,0.03107666015625,0.07763671875,1.578125,4.54248046875,0.00927734375,0.085205078125,0.089599609375,0.020263671875,0.05859375,82.315185546875,0.0,0.035888671875,0.767578125,0.0,0.0,0.0,0.0,0.02001953125,0.0478515625,0.0,0.0,0.15771484375,0.26318359375,0.092041015625,2.3662109375,102.55661010742188,49.44609832763672,0.0,208.0,208.0,7.570640563964844,0.9978369140625,-0.0826160907745361,-0.0005440711975097,0.0169464945793151,0.0843379994241096,39,P004,0.0,0.0,0.0,0.0,0.0,7.3359375,0.0,0.0,0.0,0.0,0.0,0.0,0.0,0.0,0.0,0.0,0.0,0.0,0.0,0.0,0.0,0.13720703125,0.0,0.0,0.0,0.0,607,0.0843379994241096,0.3035,0.2191620005758904
185.93693115234376,62.39279480915886,500.1680796335639,2127,0.035791015625,0.075439453125,1.607177734375,5.591064453125,0.009033203125,0.07373046875,0.231201171875,0.02880859375,0.80419921875,78.97314453125,0.0,0.091552734375,1.334716796875,0.0,0.001708984375,0.0,0.0,0.016845703125,0.72265625,0.051513671875,0.0,0.13671875,1.116943359375,0.24853515625,2.18994140625,102.38807678222656,48.97439193725586,0.0,208.0,208.0,7.5664215087890625,0.9982861328125,-0.0130374431610107,-9.381771087646484e-05,0.002654492855072,0.0133052643061717,40,P004,0.0,0.0,0.0,0.0,0.0,6.556152343750001,0.0,0.0,0.0,0.0,0.0,0.0,0.0,0.0,0.0,0.0,0.0,0.0,0.0,0.0,0.0,0.138916015625,0.0,0.0,0.0,0.0,1144,0.0133052643061717,0.572,0.5586947356938282
187.24333984375,61.64925248223924,551.9737424002589,2519,0.0385498046875,0.071044921875,1.519287109375,5.520263671875,0.00830078125,0.066650390625,0.25830078125,0.029052734375,1.808837890625,77.592041015625,0.040771484375,0.088623046875,1.677734375,0.0,0.001953125,0.0,0.099609375,0.03662109375,1.39697265625,0.1708984375,0.0,0.125244140625,1.308837890625,0.289794921875,2.059326171875,102.51446533203124,48.858192443847656,0.0,208.0,208.0,7.563560485839844,0.99835693359375,-0.0569195747375488,-0.0004409551620483,0.0115222334861755,0.0580757633980672,41,P004,0.0,0.0,0.0,0.0,0.0,5.6953125,0.0,0.0,0.0,0.0,0.0,0.0,0.0,0.0,0.0,0.0,0.0,0.0,0.0,0.0,0.0,0.134521484375,0.0,0.0,0.0,0.0,1338,0.0580757633980672,0.669,0.6109242366019327
190.31378662109373,61.51081894299941,550.9772941749336,2543,0.03770263671875,0.078125,1.6286621093749998,5.675537109375,0.0078125,0.068603515625,0.247314453125,0.03857421875,1.662109375,77.858154296875,0.014404296875,0.087646484375,1.646728515625,0.0,0.006591796875,0.0,0.07666015625,0.02880859375,1.308349609375,0.156494140625,0.0,0.13037109375,1.33251953125,0.309814453125,2.196533203125,102.56109619140624,48.8829231262207,0.0,208.0,208.0,7.565584182739258,0.998330078125,-0.1248257160186767,-0.001173198223114,0.0249161720275878,0.1272935638677557,42,P004,0.0,0.0,0.0,0.0,0.0,5.2919921875,0.0,0.0,0.0,0.0,0.0,0.0,0.0,0.0,0.0,0.0,0.0,0.0,0.0,0.0,0.0,0.148193359375,0.0,0.0,0.0,0.0,785,0.1272935638677557,0.3925,0.2652064361322442
196.66265625,58.01636077986665,501.7540427206994,2045,0.0360009765625,0.1044921875,2.045654296875,6.204345703125,0.009521484375,0.079833984375,0.15380859375,0.071044921875,0.31884765625,79.935546875,0.0,0.100830078125,1.3037109375,0.0,0.01806640625,0.0,0.0,0.017822265625,0.8940429687499999,0.01171875,0.0,0.157958984375,0.838134765625,0.3125,2.7392578125,102.12500762939452,49.15462112426758,0.0,208.0,208.0,7.570552825927734,0.998271484375,-0.1402816772460937,-0.0017855763435363,0.0275039672851562,0.1429636508706977,43,P004,0.0,0.0,0.0,0.0,0.0,4.490234375,0.0,0.0,0.0,0.0,0.0,0.0,0.0,0.0,0.0,0.0,0.0,0.0,0.0,0.0,0.0,0.192626953125,0.0,0.0,0.0,0.0,466,0.1429636508706977,0.233,0.0900363491293022
206.0184912109375,50.21101877199857,412.6288967514037,1563,0.03067626953125,0.150146484375,2.3662109375,5.131103515625,0.01123046875,0.087158203125,0.036865234375,0.13623046875,0.0478515625,82.8994140625,0.0,0.036865234375,0.9326171875,0.0,0.02197265625,0.0,0.0,0.02099609375,0.733642578125,0.00146484375,0.0,0.134765625,0.053955078125,0.1193847656249999,3.64306640625,102.84461212158205,49.471317291259766,0.0,208.0,208.0,7.57582950592041,0.99831298828125,-0.1429536342620849,-0.0027201175689697,0.0273860096931457,0.1455786183312647,44,P004,0.0,0.0,0.0,0.0,0.0,3.169189453125,0.0,0.0,0.0,0.0,0.0,0.0,0.0,0.0,0.0,0.0,0.0,0.0,0.0,0.0,0.0,0.265869140625,0.0,0.0,0.0,0.0,403,0.1455786183312647,0.2015,0.0559213816687353
211.43612548828125,48.030949109824,411.1388066493928,1592,0.02873291015625,0.209716796875,2.8037109375,3.88818359375,0.0,0.025146484375,0.00048828125,0.212646484375,0.02734375,84.234130859375,0.0,0.0302734375,0.494384765625,0.0,0.025634765625,0.0,0.0,0.0,0.89111328125,0.005126953125,0.0,0.0,0.0,0.126220703125,4.331298828125,102.6027374267578,49.8475456237793,0.0,208.0,208.0,7.579609870910644,0.9980908203125,-0.0612344741821289,-0.0016445517539978,0.0113677978515625,0.0623024253687396,45,P004,0.0,0.0,0.0,0.0,0.0,2.3330078125,0.0,0.0,0.0,0.0,0.0,0.0,0.0,0.0,0.0,0.0,0.0,0.0,0.0,0.0,0.0,0.361572265625,0.0,0.0,0.0,0.0,473,0.0623024253687396,0.2365,0.1741975746312603
213.07585205078124,47.21638484605992,418.4046422804833,1596,0.02871826171875,0.231689453125,3.056640625,4.0869140625,0.0,0.015625,0.0,0.24169921875,0.024169921875,84.05029296875,0.0,0.0068359375,0.380615234375,0.0,0.02880859375,0.0,0.0,0.0,0.8408203125,0.006103515625,0.0,0.0,0.0,0.19189453125,4.57763671875,102.66527557373048,50.02178955078125,0.0,208.0,208.0,7.579929351806641,0.997998046875,-0.1072802543640136,-0.003977358341217,0.0190975666046142,0.1090393938262663,46,P004,0.0,0.0,0.0,0.0,0.0,1.859130859375,0.0,0.0,0.0,0.0,0.0,0.0,0.0,0.0,0.0,0.0,0.0,0.0,0.0,0.0,0.0,0.401123046875,0.0,0.0,0.0,0.0,482,0.1090393938262663,0.241,0.1319606061737336
213.5012939453125,47.64381383110068,497.4200931329668,1848,0.03154296875,0.23583984375,3.447265625,5.60205078125,0.0,0.028564453125,0.000244140625,0.2578125,0.035888671875,82.224853515625,0.0,0.04345703125,0.666015625,0.0,0.034912109375,0.0,0.0,0.0,1.401611328125,0.006103515625,0.0,0.013671875,0.0,0.2763671875,5.254150390625,102.79651641845705,50.17729187011719,0.0,208.0,208.0,7.581845283508301,0.99787353515625,-0.088458776473999,-0.0047919154167175,0.0146149396896362,0.0897859345931733,47,P004,0.0,0.0,0.0,0.0,0.0,0.0,0.0,0.0,0.0,0.0,0.0,0.0,0.0,0.0,0.0,0.0,0.0,0.0,0.0,0.0,0.0,0.47119140625,0.0,0.0,0.0,0.0,619,0.0897859345931733,0.3095,0.2197140654068266
209.16896728515624,51.803643009545695,593.7957758659126,2446,0.03775146484375,0.2236328125,3.98876953125,7.25439453125,0.012939453125,0.103271484375,0.0107421875,0.24560546875,0.0551757812499999,77.731689453125,0.0,0.03955078125,1.12451171875,0.0,0.09375,0.0,0.0,0.02197265625,2.316650390625,0.005859375,0.0,0.236083984375,0.158447265625,0.385009765625,5.44140625,102.815673828125,50.09804916381836,0.0,208.0,208.0,7.580487251281738,0.99794921875,-0.1463215351104736,-0.0124379992485046,0.0207976698875427,0.1483146605536437,48,P004,0.0,0.0,0.0,0.0,0.0,0.0,0.0,0.0,0.0,0.0,0.0,0.0,0.0,0.0,0.0,0.0,0.0,0.0,0.0,0.0,0.0,0.550537109375,0.0,0.0,0.0,0.0,770,0.1483146605536437,0.385,0.2366853394463562
203.5016870117188,56.56980073813615,759.4499547934532,3094,0.04417724609375,0.2226562499999999,4.965576171875,8.288330078125,0.01171875,0.100341796875,0.06005859375,0.23388671875,0.14013671875,71.1953125,0.0,0.11279296875,1.5825195312499998,0.0,0.17578125,0.038818359375,0.0,0.019287109375,4.118408203125,0.006103515625,0.0,0.2348632812499999,0.8466796875,0.85791015625,5.974365234375,103.8791046142578,49.97593688964844,0.0,208.0,208.0,7.573740482330322,0.99783447265625,-0.1372593641281128,-0.0181618332862854,0.0146481394767761,0.1392284210184966,49,P004,0.0,0.0,0.0,0.0,0.0,0.0,0.0,0.0,0.0,0.0,0.0,0.0,0.0,0.0,0.0,0.0,0.0,0.0,0.0,0.0,0.0,0.814453125,0.0,0.0,0.0,0.0,1124,0.1392284210184966,0.562,0.4227715789815034
198.38927978515625,60.31039080524102,913.1789207302096,3437,0.051435546875,0.230224609375,5.8740234375,8.717041015625,0.0107421875,0.109130859375,0.123779296875,0.23046875,0.271728515625,64.532958984375,0.0,0.11669921875,2.037353515625,0.00341796875,0.1796875,0.126708984375,0.0,0.0166015625,6.06494140625,0.048828125,0.0,0.226318359375,1.37158203125,1.263916015625,6.904052734375001,106.07038879394533,49.61105728149414,0.0,208.0,208.0,7.567700386047363,0.99787841796875,-0.0700094699859619,-0.0116114020347595,0.005713403224945,0.0711954599770163,50,P004,0.152099609375,0.01953125,0.00732421875,0.0,0.0,0.0,0.0,0.0,0.0,0.0,0.0,0.0,0.0,0.0,0.0,0.0,0.0,0.0,0.0,0.0,0.0,1.36083984375,0.0,0.0,0.0,0.0,1405,0.0711954599770163,0.7025,0.6313045400229838
195.43058837890624,61.50864666568469,995.43428625772,3676,0.0546240234375,0.23779296875,6.378906249999999,8.635498046875,0.010009765625,0.1240234375,0.1474609375,0.2329101562499999,0.332275390625,60.697998046875,0.0,0.111083984375,2.273193359375,0.019775390625,0.182861328125,0.162109375,0.0,0.01953125,7.192138671874999,0.057373046875,0.0,0.22705078125,1.544921875,1.458740234375,7.541748046875001,107.26751708984376,49.23136520385742,0.0,208.0,208.0,7.560895919799805,0.9981787109375,-0.0037819147109985,-0.0006648302078247,0.0002805590629577,0.0038501417473011,51,P004,0.234375,0.1103515624999999,0.03564453125,0.0,0.1164550781249999,0.0,0.0,0.0,0.0,0.0,0.0,0.0,0.0,0.0,0.0,0.0,0.0,0.0,0.0,0.0,0.0,1.915771484375,0.0,0.0,0.0,0.0,1688,0.0038501417473011,0.844,0.8401498582526988
196.7731127929688,60.09513010495946,979.863315941328,3580,0.0548291015625,0.24560546875,6.453369140625,8.04541015625,0.0107421875,0.1279296875,0.13037109375,0.239501953125,0.342529296875,61.411376953125,0.0,0.11962890625,2.183349609375,0.021728515625,0.184814453125,0.16162109375,0.0,0.0166015625,7.12255859375,0.013427734375,0.0,0.23583984375,1.210693359375,1.47216796875,7.782714843749999,107.79039001464844,49.11126708984375,0.0,208.0,208.0,7.557220458984375,0.99812744140625,-0.0470428466796875,-0.0085745453834533,0.0032610893249511,0.0479289782474735,52,P004,0.237060546875,0.113525390625,0.035888671875,0.0,0.12744140625,0.0,0.0,0.0,0.0,0.0,0.0,0.0,0.0,0.0,0.0,0.0,0.0,0.0,0.0,0.0,0.0,1.9541015625,0.0,0.0,0.0,0.0,1470,0.0479289782474735,0.735,0.6870710217525264
196.95697021484372,59.24567796818807,1001.463312576002,3558,0.054423828125,0.26513671875,6.870361328125001,7.433349609375001,0.01171875,0.13623046875,0.0986328125,0.25341796875,0.425048828125,60.43359375,0.0,0.130126953125,2.04248046875,0.04736328125,0.19482421875,0.16796875,0.0,0.017578125,7.195312500000001,0.008056640625,0.0,0.255126953125,0.8923339843749999,1.486083984375,8.586181640625,108.5427703857422,48.7814826965332,0.0,208.0,208.0,7.549736976623535,0.9983447265625,-0.044263482093811,-0.0085675120353698,0.00269615650177,0.0451655551214349,53,P004,0.286865234375,0.11572265625,0.036865234375,0.020263671875,0.282958984375,0.0,0.0,0.0,0.0,0.0,0.0,0.0,0.0,0.0,0.0,0.0,0.0,0.0,0.0,0.0,0.0,2.306396484375,0.0,0.0,0.0,0.0,1570,0.0451655551214349,0.785,0.7398344448785651
194.8892724609375,60.03122303778338,1063.9985522088946,3616,0.05718017578125,0.273681640625,7.27392578125,7.6005859375,0.01171875,0.134765625,0.107421875,0.259521484375,0.4931640625,58.232177734375,0.0,0.1279296875,2.08544921875,0.07958984375,0.20458984375,0.2119140625,0.0,0.01708984375,7.617919921874999,0.008544921875,0.0,0.254150390625,0.98193359375,1.55224609375,9.056640625,108.3446273803711,48.559791564941406,0.0,208.0,208.0,7.544754981994629,0.99834716796875,-0.0787214040756225,-0.0163452625274658,0.0039716362953186,0.0804984531627255,54,P004,0.322509765625,0.1201171875,0.03662109375,0.02197265625,0.48046875,0.0,0.0,0.0,0.0,0.0,0.0,0.0,0.0,0.0,0.0,0.0,0.0,0.0,0.0,0.0,0.0,2.433349609375,0.0,0.0,0.0,0.0,1459,0.0804984531627255,0.7295,0.6490015468372745
186.90059814453124,63.54445582309412,1233.2656117565095,3962,0.0647021484375,0.27294921875,7.9775390625,8.93017578125,0.010498046875,0.12890625,0.145751953125,0.24951171875,0.531982421875,53.0419921875,0.0,0.114990234375,2.54052734375,0.144287109375,0.210205078125,0.275390625,0.028564453125,0.03076171875,9.109375,0.08740234375,0.0,0.22802734375,1.83935546875,1.792236328125,9.6083984375,106.86662292480467,48.38383865356445,0.0,208.0,208.0,7.546579837799072,0.99847412109375,-0.1208500862121582,-0.027554839849472,0.0042752027511596,0.1240253598873216,55,P004,0.332275390625,0.119873046875,0.0390625,0.02294921875,1.0234375,0.0,0.0,0.0,0.0,0.031982421875,0.0,0.0,0.0,0.0,0.0,0.0,0.0,0.0,0.0,0.0,0.0,1.131591796875,0.0,0.0,0.0,0.0,1547,0.1240253598873216,0.7735,0.6494746401126783
167.4965380859375,69.50795633504502,1639.744157493776,4442,0.08563232421875,0.285888671875,9.577880859375,9.32275390625,0.00927734375,0.121826171875,0.25927734375,0.2509765625,1.1298828125,40.431884765625,0.162109375,0.203125,5.97314453125,0.244384765625,0.23095703125,0.29248046875,0.289306640625,0.039794921875,10.806640625,0.576904296875,0.0,0.203369140625,2.227783203125,2.14111328125,12.1484375,104.6530303955078,48.68034362792969,0.0,208.0,208.0,7.555541038513184,0.99870361328125,-0.1441287994384765,-0.0362352132797241,0.0026181936264038,0.1486369955524836,56,P004,0.3583984375,0.1328125,0.041748046875,0.02490234375,2.43701171875,0.0,0.0,0.0,0.0,0.075927734375,0.0,0.0,0.0,0.0,0.0,0.0,0.0,0.0,0.0,0.0,0.0,0.0,0.0,0.0,0.0,0.0,1802,0.1486369955524836,0.901,0.7523630044475164
143.76305908203125,62.81034215134767,1988.2649378722904,4621,0.10449462890625,0.3271484375,10.682861328125,9.722900390625,0.009765625,0.12646484375,0.330078125,0.265380859375,1.92578125,25.348876953125,0.226318359375,0.4047851562499999,8.39599609375,0.32958984375,0.284423828125,0.325927734375,0.295654296875,0.036865234375,10.739990234375,0.75439453125,0.0,0.19287109375,2.52734375,2.337158203125,20.34619140625,106.9660186767578,49.13072204589844,0.0,208.0,208.0,7.556545734405518,0.998349609375,-0.1007009744644165,-0.0271938443183898,0.0004574656486511,0.1043091592417252,57,P004,0.3986816406249999,0.14892578125,0.046875,0.0283203124999999,3.2080078125,0.0,0.0,0.0,0.0,0.0888671875,0.0,0.0,0.1435546875,0.0,0.0,0.0,0.0,0.0,0.0,0.0,0.0,0.0,0.0,0.0,0.0,0.0,2122,0.1043091592417252,1.0,0.8956908407582748
143.39122314453124,63.89081666193137,1812.557485013938,4540,0.09883056640625,0.38134765625,9.31103515625,9.798095703125,0.01025390625,0.135986328125,0.3310546875,0.294189453125,1.1015625,25.706298828125,0.179443359375,0.2145996093749999,8.630859375,0.328125,0.30078125,0.346435546875,0.347900390625,0.040771484375,10.572509765625,0.68017578125,0.0,0.2021484374999999,2.598876953125,2.486328125,21.40234375,107.52413940429688,48.979103088378906,0.0,208.0,208.0,7.549017906188965,0.99823486328125,-0.067391037940979,-0.0189642310142517,-0.0002505779266357,0.070008976867411,58,P004,0.427490234375,0.161865234375,0.05029296875,0.030029296875,3.674072265625,0.0,0.0,0.0,0.0,0.097412109375,0.0,0.0,0.15771484375,0.0,0.0,0.0,0.0,0.0,0.0,0.0,0.0,0.0,0.0,0.0,0.0,0.0,2067,0.070008976867411,1.0,0.929991023132589
144.86386474609375,62.96934289349649,1599.7200366173684,4530,0.09102783203125,0.44384765625,7.516845703125,9.47607421875,0.01123046875,0.14990234375,0.2387695312499999,0.323974609375,1.092529296875,26.54931640625,0.0,0.126708984375,8.241943359375,0.306884765625,0.324951171875,0.359619140625,0.13818359375,0.04638671875,10.645751953125,0.18798828125,0.0,0.229736328125,2.501708984375,2.424072265625,23.844482421875,108.39107513427734,48.8238410949707,0.0,208.0,208.0,7.537239074707031,0.9983251953125,-0.0220453739166259,-0.0063278973102569,-0.000171959400177,0.0229362238724755,59,P004,0.442138671875,0.16650390625,0.0517578125,0.031982421875,3.879150390625,0.0,0.0,0.0,0.0,0.0981445312499999,0.0,0.0,0.1494140625,0.0,0.0,0.0,0.0,0.0,0.0,0.0,0.0,0.0,0.0,0.0,0.0,0.0,2339,0.0229362238724755,1.0,0.9770637761275244
146.3733935546875,62.02728766554236,1429.3281377580404,4433,0.08438232421875,0.480712890625,6.450683593750001,8.30615234375,0.0126953125,0.159912109375,0.191650390625,0.347412109375,1.224609375,27.391845703125,0.0,0.13427734375,7.810546875,0.282958984375,0.328857421875,0.3623046875,0.00048828125,0.0505371093749999,11.370849609375,0.0551757812499999,0.0,0.25244140625,2.066650390625,2.284912109375,25.5986328125,108.99618530273438,48.66089630126953,0.0,208.0,208.0,7.525301933288574,0.99833984375,-0.0342476367950439,-0.009945273399353,-0.0003502368927001,0.0356641522388256,60,P004,0.44482421875,0.172119140625,0.052734375,0.031982421875,3.90185546875,0.0,0.0,0.0,0.0,0.09521484375,0.0,0.0,0.136962890625,0.0,0.0,0.0,0.0,0.0,0.0,0.0,0.0,0.0,0.0,0.0,0.0,0.0,2379,0.0356641522388256,1.0,0.9643358477611744
146.150302734375,63.48040230237086,1419.305089700675,4482,0.08354248046875,0.50341796875,5.902099609375,7.802734375000001,0.011962890625,0.1591796875,0.2119140625,0.347900390625,1.161865234375,27.106689453125,0.0,0.132080078125,8.13330078125,0.280029296875,0.330810546875,0.369384765625,0.054443359375,0.0517578125,12.195556640625,0.123046875,0.0,0.2448730468749999,2.5400390625,2.30517578125,24.824951171875,108.80363464355467,48.55850601196289,0.0,208.0,208.0,7.523152351379394,0.99826416015625,-0.0249748229980468,-0.0073377192020416,-0.0003170371055603,0.0260323725272608,61,P004,0.4475097656249999,0.17626953125,0.052001953125,0.0322265625,4.240966796875,0.0,0.0,0.0,0.0,0.101318359375,0.0,0.0,0.156494140625,0.0,0.0,0.0,0.0,0.0,0.0,0.0,0.0,0.0,0.0,0.0,0.0,0.0,2419,0.0260323725272608,1.0,0.9739676274727392
145.09354736328126,65.76492323636784,1466.6893375045713,4553,0.086376953125,0.502197265625,5.910888671875,7.04345703125,0.01123046875,0.153564453125,0.30859375,0.342529296875,1.050048828125,26.220947265625,0.015625,0.12548828125,8.78173828125,0.295166015625,0.327392578125,0.376953125,0.359619140625,0.047607421875,13.13134765625,0.603515625,0.0,0.231201171875,3.05859375,2.434326171875,22.971435546875,107.82998657226562,48.62055587768555,0.0,208.0,208.0,7.528468132019043,0.9981689453125,-0.0813283920288086,-0.0243858397006988,-0.0013864040374755,0.0849170103339424,62,P004,0.45263671875,0.179931640625,0.052734375,0.03369140625,4.693359375,0.0,0.0,0.0,0.0,0.10791015625,0.0,0.0,0.17626953125,0.0,0.0,0.0,0.0,0.0,0.0,0.0,0.0,0.0,0.0,0.0,0.0,0.0,2332,0.0849170103339424,1.0,0.9150829896660576
144.44953125,68.26482491073111,1449.7024679269257,4562,0.0846484375,0.568115234375,5.161376953125,5.943603515625,0.011474609375,0.158447265625,0.367919921875,0.357177734375,0.7919921875,25.90771484375,0.154052734375,0.161865234375,9.852294921875,0.35302734375,0.354248046875,0.4042968749999999,0.473876953125,0.051513671875,13.442626953125,0.757568359375,0.0,0.21826171875,3.3994140625,2.576904296875,21.958984375,107.98501586914062,48.45800018310547,0.0,208.0,208.0,7.531481742858887,0.998310546875,-0.1115481853485107,-0.0345709323883056,-0.0027090907096862,0.1168138955484997,63,P004,0.4814453125,0.193603515625,0.0561523437499999,0.03662109375,5.68505859375,0.0,0.0,0.0,0.0,0.120361328125,0.0,0.0,0.0,0.0,0.0,0.0,0.0,0.0,0.0,0.0,0.0,0.0,0.0,0.0,0.0,0.0,2144,0.1168138955484997,1.0,0.8831861044515003
144.39962158203124,69.79563039209157,1269.1399360003415,4558,0.0780126953125,0.705810546875,3.5236816406250004,5.123779296875,0.012451171875,0.17431640625,0.31591796875,0.399658203125,0.878173828125,26.072021484375004,0.0,0.135986328125,10.51513671875,0.512451171875,0.42431640625,0.439697265625,0.287353515625,0.060302734375,12.96142578125,0.390869140625,0.0,0.21875,3.4748535156250004,2.672607421875,23.078125,108.5714874267578,48.02685928344727,0.0,208.0,208.0,7.523598194122314,0.99855224609375,-0.0952301025390625,-0.0303685069084167,-0.0029246807098388,0.0999978619706512,64,P004,0.52880859375,0.214111328125,0.0625,0.039794921875,6.642822265624999,0.0,0.0,0.0,0.0,0.13427734375,0.0,0.0,0.0,0.0,0.0,0.0,0.0,0.0,0.0,0.0,0.0,0.0,0.0,0.0,0.0,0.0,2218,0.0999978619706512,1.0,0.9000021380293488
145.24321533203124,70.32910747698492,1072.344376196569,4452,0.07074951171875,0.880615234375,2.37353515625,3.57275390625,0.013427734375,0.195068359375,0.246337890625,0.456787109375,0.95556640625,26.592529296875,0.0,0.152587890625,10.913330078125,0.697021484375,0.486572265625,0.47412109375,0.000732421875,0.0703125,12.870361328124998,0.083251953125,0.0,0.21923828125,2.719970703125,2.66259765625,25.283935546875004,108.89942169189452,47.59896469116211,0.0,208.0,208.0,7.512111663818359,0.998720703125,-0.1396517157554626,-0.045723870396614,-0.0051347613334655,0.1470361853811589,65,P004,0.566650390625,0.23193359375,0.06640625,0.04345703125,7.0263671875,0.0,0.0,0.0,0.0,0.14453125,0.0,0.0,0.0,0.0,0.0,0.0,0.0,0.0,0.0,0.0,0.0,0.0,0.0,0.0,0.0,0.0,2137,0.1470361853811589,1.0,0.852963814618841
144.31623046875,72.88814561196884,1000.884281062102,4378,0.06840576171875,1.198486328125,1.666259765625,1.5703124999999998,0.0146484375,0.216796875,0.283935546875,0.52587890625,1.08447265625,26.273193359375004,0.0,0.167724609375,11.89404296875,0.8627929687500001,0.5859375,0.540283203125,0.0,0.072509765625,13.535400390625,0.116943359375,0.0,0.174560546875,2.493408203125,2.87158203125,25.921630859375,108.17261505126952,47.20341491699219,0.0,208.0,208.0,7.509984016418457,0.99880615234375,-0.1930153369903564,-0.0652022510766983,-0.0085099339485168,0.2039084913258341,66,P004,0.634521484375,0.2666015625,0.073974609375,0.0498046875,6.7294921875,0.0,0.0,0.0,0.0,0.1748046875,0.0,0.0,0.0,0.0,0.0,0.0,0.0,0.0,0.0,0.0,0.0,0.0,0.0,0.0,0.0,0.0,1843,0.2039084913258341,0.9215,0.7175915086741658
148.50995849609376,71.13083856368958,1018.1643124447764,4384,0.06633056640625,1.888427734375,1.04638671875,0.040771484375,0.014892578125,0.2409667968749999,0.46044921875,0.61767578125,1.3515625,29.256591796875,0.0,0.16064453125,9.597900390625,1.005126953125,0.748779296875,0.709716796875,0.233154296875,0.063232421875,14.687255859375,0.17333984375,0.0,0.057861328125,4.091064453125,3.15380859375,24.752685546875,107.01890563964844,46.65204620361328,0.0,208.0,208.0,7.501306533813477,0.99901123046875,-0.1142778992652893,-0.0395989194512367,-0.0057293772697448,0.1210798845642504,67,P004,0.787109375,0.35009765625,0.092041015625,0.066650390625,4.078125,0.0,0.0,0.0,0.0,0.273681640625,0.0,0.0,0.0,0.0,0.0,0.0,0.0,0.0,0.0,0.0,0.0,0.0,0.0,0.0,0.0,0.0,1978,0.1210798845642504,0.989,0.8679201154357495
154.2458447265625,68.81608514033836,1065.4786904235837,4481,0.0676220703125,2.691162109375,0.48046875,0.066162109375,0.0141601562499999,0.264892578125,0.576904296875,0.685791015625,1.6516113281250002,32.125732421875,0.0,0.182861328125,7.60791015625,1.13671875,0.70458984375,0.93603515625,0.91943359375,0.052978515625,16.693115234375,0.2185058593749999,0.0,0.0,4.477783203125,3.1357421875,23.775146484375,105.54210662841795,46.416500091552734,0.0,208.0,208.0,7.496747016906738,0.9994580078125,-0.1502620577812194,-0.0531687550246715,-0.0082831382751464,0.1596064312589103,68,P004,0.95068359375,0.4482421875,0.113037109375,0.087890625,0.00244140625,0.0,0.0,0.0,0.0,0.0,0.0,0.0,0.0,0.0,0.0,0.0,0.0,0.0,0.0,0.0,0.0,0.0,0.0,0.0,0.0,0.0,2227,0.1596064312589103,1.0,0.8403935687410896
158.7610107421875,69.56206752697074,1084.8373992036284,4671,0.06817626953125,4.339599609375,0.275146484375,0.144775390625,0.014892578125,0.324951171875,0.84326171875,0.8288574218750001,2.237548828125,35.322509765625,0.0,0.250244140625,6.115966796875,1.250244140625,0.275146484375,0.563232421875,0.989990234375,0.04931640625,17.17333984375,0.320556640625,0.0,0.024658203125,3.80078125,3.2658691406250004,19.4345703125,102.62316131591795,46.33724212646485,0.0,208.0,208.0,7.494514465332031,0.9996533203125,-0.2231648936867714,-0.0815715380012989,-0.0140225291252136,0.2380191523999545,69,P004,1.266845703125,0.613037109375,0.151123046875,0.1235351562499999,0.0,0.0,0.0,0.0,0.0,0.0,0.0,0.0,0.0,0.0,0.0,0.0,0.0,0.0,0.0,0.0,0.0,0.0,0.0,0.0,0.0,0.0,2055,0.2380191523999545,1.0,0.7619808476000455
158.9042919921875,71.94828807803596,1125.7431853821215,4721,0.07124267578125,6.04296875,0.4108886718749999,0.34521484375,0.015869140625,0.449951171875,1.014404296875,1.057861328125,3.332275390625,36.61328125,0.0,0.167236328125,6.45947265625,2.128173828125,0.176513671875,0.746826171875,1.062255859375,0.0500488281249999,11.9453125,0.54150390625,0.0,0.248779296875,3.55029296875,3.726806640625,16.71435546875,97.90105438232422,46.670597076416016,0.0,208.0,208.0,7.497522830963135,0.99946044921875,-0.1975796520709991,-0.0762604847550392,-0.0153974294662475,0.2123451465933203,70,P004,1.916259765625,0.876953125,0.223876953125,0.1826171875,0.0,0.0,0.0,0.0,0.0,0.0,0.0,0.0,0.0,0.0,0.0,0.0,0.0,0.0,0.0,0.0,0.0,0.0,0.0,0.0,0.0,0.0,2007,0.2123451465933203,1.0,0.7876548534066796
161.4347314453125,74.32881038663496,1066.336498734951,4573,0.069736328125,6.655273437500001,0.755859375,0.6552734375,0.018310546875,0.610595703125,1.0029296875,1.288330078125,3.783447265625,37.800537109375,0.0,0.19287109375,5.5390625,2.378662109375,0.168212890625,1.027587890625,1.180908203125,0.052490234375,7.117431640624999,0.926513671875,0.0,0.63427734375,3.74560546875,4.376708984375,16.14794921875,97.15583801269533,47.47348785400391,0.0,208.0,208.0,7.511500835418701,0.998779296875,-0.1171251609921455,-0.0482993274927139,-0.0120424628257751,0.1272640926758,71,P004,2.237548828125,1.13818359375,0.32421875,0.2412109375,0.0,0.0,0.0,0.0,0.0,0.0,0.0,0.0,0.0,0.0,0.0,0.0,0.0,0.0,0.0,0.0,0.0,0.0,0.0,0.0,0.0,0.0,2210,0.1272640926758,1.0,0.8727359073242
168.38837158203123,71.7630772601503,1002.2843948127684,4491,0.06596923828125,5.159423828125,0.9541015625,0.93701171875,0.0205078125,0.724853515625,0.89013671875,1.4794921875,3.989013671875,38.275146484375,0.0,0.223388671875,4.596923828125,2.021728515625,0.1904296875,1.2392578125,0.944091796875,0.058837890625,5.046630859375,1.282958984375,0.0,0.960693359375,3.784423828125,4.80859375,18.032470703125,97.18885040283205,47.5725212097168,0.0,208.0,208.0,7.510316371917725,0.99870849609375,-0.0682900100946426,-0.029637724161148,-0.0086751580238342,0.0749478387875006,72,P004,2.439453125,1.277587890625,0.393310546875,0.26953125,0.0,0.0,0.0,0.0,0.0,0.0,0.0,0.0,0.0,0.0,0.0,0.0,0.0,0.0,0.0,0.0,0.0,0.0,0.0,0.0,0.0,0.0,2443,0.0749478387875006,1.0,0.9250521612124992
174.25607421875,67.70652103341018,918.7490162929538,4347,0.06115966796875,3.46923828125,1.143310546875,1.161865234375,0.023193359375,0.807373046875,0.8801269531249999,1.6286621093749998,4.264892578125,39.11474609375,0.0,0.2451171874999999,4.07373046875,1.523193359375,0.206787109375,1.360595703125,0.42138671875,0.0622558593749999,4.88623046875,1.431640625,0.0,1.152587890625,3.890380859375,5.01025390625,18.690185546875,97.14407348632812,47.53585815429688,0.0,208.0,208.0,7.514093399047852,0.99863525390625,-0.0006317198276519,-0.0002798438072204,-8.720159530639648e-05,0.0006964098041471,73,P004,2.470947265625,1.3916015625,0.439697265625,0.25,0.0,0.0,0.0,0.0,0.0,0.0,0.0,0.0,0.0,0.0,0.0,0.0,0.0,0.0,0.0,0.0,0.0,0.0,0.0,0.0,0.0,0.0,2889,0.0006964098041471,1.0,0.9993035901958528
175.15177001953126,66.18184934818858,904.2822950349748,4384,0.0609375,2.673583984375,1.128173828125,1.21875,0.02392578125,0.8017578125000001,0.870849609375,1.6728515625,4.331787109375,40.031982421875,0.0,0.256103515625,4.080078125,1.814697265625,0.201416015625,1.320556640625,0.247802734375,0.06298828125,5.33544921875,1.393310546875,0.0,1.084228515625,3.81982421875,4.925048828125,18.295166015625,97.36215209960938,47.5883674621582,0.0,208.0,208.0,7.515863418579102,0.9986328125,-0.0324330329895019,-0.0145064145326614,-0.004657506942749,0.0358333652119541,74,P004,2.3427734375,1.410400390625,0.4306640625,0.225830078125,0.0,0.0,0.0,0.0,0.0,0.0,0.0,0.0,0.0,0.0,0.0,0.0,0.0,0.0,0.0,0.0,0.0,0.0,0.0,0.0,0.0,0.0,2712,0.0358333652119541,1.0,0.9641666347880458
176.7383447265625,64.21653694023064,904.6846317851486,4355,0.059306640625,1.2099609375,1.2080078125,1.385498046875,0.0234375,0.857177734375,0.923828125,1.7893066406250002,4.185791015625,40.89453125,0.0,0.258544921875,4.436279296875,2.249267578125,0.203369140625,1.40283203125,0.29931640625,0.0615234375,6.07080078125,1.35791015625,0.0,0.905029296875,3.70556640625,4.892578125,17.317626953125,97.52960968017578,47.650856018066406,0.0,208.0,208.0,7.519243240356445,0.9987548828125,-0.075558602809906,-0.034841313958168,-0.0123172998428344,0.0841114468567451,75,P004,2.273681640625,1.602294921875,0.480224609375,0.005615234375,0.0,0.0,0.0,0.0,0.0,0.0,0.0,0.0,0.0,0.0,0.0,0.0,0.0,0.0,0.0,0.0,0.0,0.0,0.0,0.0,0.0,0.0,2367,0.0841114468567451,1.0,0.9158885531432548
177.6773388671875,62.476734428677496,936.5134142810764,4374,0.0626318359375,0.047607421875,1.394775390625,1.728515625,0.0244140625,0.63232421875,1.067138671875,2.00439453125,4.14892578125,41.607666015625,0.0,0.26220703125,5.01416015625,2.5439453125,0.220947265625,1.712890625,0.409912109375,0.059326171875,6.69091796875,1.36669921875,0.0,0.704345703125,3.48876953125,4.973388671875,15.535888671875,97.81916809082033,47.765724182128906,0.0,208.0,208.0,7.530649185180664,0.9987841796875,-0.023896187543869,-0.011315032839775,-0.0043243169784545,0.0267909959618357,76,P004,2.767333984375,1.166259765625,0.42724609375,0.0,0.0,0.0,0.0,0.0,0.0,0.0,0.0,0.0,0.0,0.0,0.0,0.0,0.0,0.0,0.0,0.0,0.0,0.0,0.0,0.0,0.0,0.0,2764,0.0267909959618357,1.0,0.9732090040381642
176.70290771484375,62.95104407815307,961.229658520168,4391,0.06326904296875,0.0,1.427001953125,1.849853515625,0.02490234375,0.508056640625,1.203857421875,2.086669921875,4.135498046875,41.961181640625,0.0,0.2578125,5.396240234375,2.697998046875,0.223388671875,1.867919921875,0.4296875,0.05810546875,7.163818359375,1.375732421875,0.0,0.59912109375,3.326416015625,5.083740234375,14.30126953125,97.8295669555664,47.8374252319336,0.0,208.0,208.0,7.533961772918701,0.99875244140625,-0.0371565222740173,-0.0177942365407943,-0.0071358084678649,0.0418110244320722,77,P004,3.024658203125,0.76513671875,0.23193359375,0.0,0.0,0.0,0.0,0.0,0.0,0.0,0.0,0.0,0.0,0.0,0.0,0.0,0.0,0.0,0.0,0.0,0.0,0.0,0.0,0.0,0.0,0.0,2787,0.0418110244320722,1.0,0.9581889755679278
176.8914892578125,62.90078227626192,967.2804796596528,4408,0.063330078125,0.0,1.544677734375,2.042236328125,0.025390625,0.383544921875,1.26171875,2.215087890625,4.161376953125,42.90576171875,0.0,0.263671875,5.494384765625,2.692626953125,0.2353515625,1.96142578125,0.298095703125,0.05712890625,7.07568359375,1.3740234375,0.0,0.50537109375,3.2680664062500004,5.1689453125,13.383056640624998,98.03453826904295,47.87105178833008,0.0,208.0,208.0,7.5355544090271,0.99873046875,-0.029701679944992,-0.0143150985240936,-0.0061033368110656,0.0335315158848889,78,P004,3.135498046875,0.461181640625,0.085693359375,0.0,0.0,0.0,0.0,0.0,0.0,0.0,0.0,0.0,0.0,0.0,0.0,0.0,0.0,0.0,0.0,0.0,0.0,0.0,0.0,0.0,0.0,0.0,2702,0.0335315158848889,1.0,0.966468484115111
178.20473876953125,61.80197674504307,922.9666338881492,4360,0.06245849609375,0.0,1.670166015625,2.230712890625,0.026123046875,0.399169921875,1.16162109375,2.325439453125,4.255859375,43.547607421875,0.0,0.285400390625,5.09912109375,2.430908203125,0.2409667968749999,2.04345703125,0.136474609375,0.0615234375,6.495361328125,1.328125,0.0,0.42431640625,3.3310546875,5.152099609375,13.39013671875,98.17575073242188,47.87928771972656,0.0,208.0,208.0,7.537448406219482,0.998466796875,-0.0935983657836914,-0.0445635020732879,-0.0230574607849121,0.1061988996753798,79,P004,3.256591796875,0.630615234375,0.0771484375,0.0,0.0,0.0,0.0,0.0,0.0,0.0,0.0,0.0,0.0,0.0,0.0,0.0,0.0,0.0,0.0,0.0,0.0,0.0,0.0,0.0,0.0,0.0,2119,0.1061988996753798,1.0,0.8938011003246201
181.8898046875,58.51252508111492,891.8784420508385,4314,0.06024169921875,0.0,1.69482421875,2.759033203125,0.031005859375,0.25830078125,1.20263671875,2.74755859375,4.1962890625,45.845947265625,0.0,0.330322265625,4.376953125,1.651123046875,0.27490234375,2.25146484375,0.0,0.06591796875,5.94580078125,1.6130371093749998,0.0,0.1689453125,3.075439453125,5.468505859375,12.031005859375,98.54517364501952,47.9058837890625,0.0,208.0,208.0,7.539627552032471,0.99907958984375,-0.0354824662208557,-0.0130446553230285,-0.0169346332550048,0.0414240298026677,80,P004,3.696533203125,0.31298828125,0.00146484375,0.0,0.0,0.0,0.0,0.0,0.0,0.0,0.0,0.0,0.0,0.0,0.0,0.0,0.0,0.0,0.0,0.0,0.0,0.0,0.0,0.0,0.0,0.0,2479,0.0414240298026677,1.0,0.9585759701973324
183.7445263671875,56.56035581070787,880.8104799010991,4269,0.0588232421875,0.0,1.778076171875,2.9072265625,0.033447265625,0.27197265625,1.221923828125,2.901611328125,4.091064453125,46.651123046875,0.0,0.351806640625,3.866943359375,1.27880859375,0.283447265625,2.275634765625,0.0,0.0693359375,5.422119140625,1.7841796875,0.0,0.159912109375,2.932373046875,5.659423828125,11.852783203125,98.57617950439452,47.9069938659668,0.0,208.0,208.0,7.539278030395508,0.99871337890625,0.0002798438072204,0.0008415281772613,-0.001214861869812,0.0015041182108755,81,P004,3.875,0.331787109375,0.0,0.0,0.0,0.0,0.0,0.0,0.0,0.0,0.0,0.0,0.0,0.0,0.0,0.0,0.0,0.0,0.0,0.0,0.0,0.0,0.0,0.0,0.0,0.0,2728,0.0015041182108755,1.0,0.9984958817891244
183.4550830078125,57.49864017620112,903.9682441172064,4351,0.0607666015625,0.0,2.073486328125,2.903076171875,0.03125,0.260498046875,1.261962890625,2.7919921875,4.1279296875,45.99365234375,0.0,0.331298828125,4.114013671875,1.1513671875,0.284912109375,2.0224609375,0.0,0.06640625,5.176513671875,1.7099609375000002,0.0,0.38232421875,3.3330078125000004,5.752685546875,12.378173828125,98.24444580078124,47.879764556884766,0.0,208.0,208.0,7.540679931640625,0.99885986328125,0.0119348168373107,0.0100558400154113,-0.0044047832489013,0.016216099618142,82,P004,3.62939453125,0.2236328125,0.0,0.0,0.0,0.0,0.0,0.0,0.0,0.0,0.0,0.0,0.0,0.0,0.0,0.0,0.0,0.0,0.0,0.0,0.0,0.0,0.0,0.0,0.0,0.0,2683,0.016216099618142,1.0,0.983783900381858
182.2127734375,59.58267001680508,937.9071692966876,4384,0.06206298828125,0.0,2.385009765625,2.708984375,0.0278320312499999,0.239501953125,1.25341796875,2.642333984375,4.054443359375,45.31298828125,0.0,0.3017578125,4.655517578125,1.130615234375,0.2880859375,1.74169921875,0.10302734375,0.06103515625,5.148193359375,1.6469726562499998,0.0,0.68408203125,3.708740234375,5.747314453125,12.848876953125,97.8597183227539,47.907676696777344,0.0,208.0,208.0,7.542730808258057,0.99884033203125,0.0307908654212951,0.0208860039710998,-0.001889169216156,0.0372541476294973,83,P004,3.220947265625,0.088623046875,0.0,0.0,0.0,0.0,0.0,0.0,0.0,0.0,0.0,0.0,0.0,0.0,0.0,0.0,0.0,0.0,0.0,0.0,0.0,0.0,0.0,0.0,0.0,0.0,2684,0.0372541476294973,1.0,0.9627458523705028
181.89073486328124,60.321168556911296,960.0694284677268,4417,0.062646484375,0.0,2.3369140625,2.44970703125,0.027099609375,0.227294921875,1.295654296875,2.462890625,4.00537109375,44.369384765625,0.0,0.290283203125,4.746337890625,1.09765625,0.275390625,1.615966796875,0.266845703125,0.06103515625,4.951904296875,1.727294921875,0.0,0.91357421875,3.72216796875,5.697265625,14.022216796875,97.66027069091795,47.83192443847656,0.0,208.0,208.0,7.538351535797119,0.99885009765625,0.1127458214759826,0.0708479732275009,0.0042083859443664,0.1332244950562605,84,P004,3.117919921875,0.318115234375,0.001708984375,0.0,0.0,0.0,0.0,0.0,0.0,0.0,0.0,0.0,0.0,0.0,0.0,0.0,0.0,0.0,0.0,0.0,0.0,0.0,0.0,0.0,0.0,0.0,2091,0.1332244950562605,1.0,0.8667755049437394
182.262421875,60.18560425845066,904.7296117012444,4332,0.0617724609375,0.261962890625,1.8857421875,1.96240234375,0.026123046875,0.75341796875,1.19140625,2.092041015625,4.0693359375,41.647705078125,0.0,0.28369140625,3.991943359375,1.154296875,0.23828125,1.8583984375,0.177490234375,0.06787109375,4.455078125,1.628173828125,0.0,1.045654296875,3.68115234375,5.401611328125,17.2353515625,98.025634765625,47.69911575317383,0.0,208.0,208.0,7.529980182647705,0.998818359375,0.1820704638957977,0.1084650754928588,0.013085126876831,0.2123335747598229,85,P004,2.903076171875,1.45751953125,0.5302734375,0.0,0.0,0.0,0.0,0.0,0.0,0.0,0.0,0.0,0.0,0.0,0.0,0.0,0.0,0.0,0.0,0.0,0.0,0.0,0.0,0.0,0.0,0.0,1816,0.2123335747598229,0.908,0.6956664252401771
174.74578125,66.64836925089548,854.1534619140388,4320,0.0606494140625,4.109130859375,1.261474609375,1.404052734375,0.026611328125,0.698486328125,0.9248046875,1.749755859375,4.0771484375,42.961669921875,0.0,0.296630859375,3.151611328125,1.3310546875,0.19970703125,1.14501953125,0.0,0.080078125,3.88037109375,1.385986328125,0.0,1.0654296875,3.22216796875,4.600341796875,18.2646484375,98.73538970947266,47.64915084838867,0.0,208.0,208.0,7.527167797088623,0.99869140625,0.145425871014595,0.0829343404620885,0.0120614171028137,0.1678459608413717,86,P004,2.58544921875,1.056640625,0.3173828125,0.2043457031249999,0.0,0.0,0.0,0.0,0.0,0.0,0.0,0.0,0.0,0.0,0.0,0.0,0.0,0.0,0.0,0.0,0.0,0.0,0.0,0.0,0.0,0.0,1866,0.1678459608413717,0.933,0.7651540391586282
170.89379638671875,65.77490184326955,810.2622799470661,4130,0.056904296875,4.82763671875,0.95947265625,1.036865234375,0.02734375,0.55712890625,0.578125,1.6064453125,3.24462890625,44.182861328125,0.0,0.293212890625,2.64697265625,1.29248046875,0.18017578125,1.164794921875,0.0,0.0185546875,5.08447265625,1.2197265625,0.0,1.002197265625,2.37939453125,3.7841796875,20.869873046875,99.5519790649414,47.47845077514648,0.0,208.0,208.0,7.521156787872314,0.99875732421875,0.2006536796689033,0.1091361213475465,0.0175275802612304,0.2290847184280766,87,P004,1.96728515625,0.735595703125,0.20556640625,0.135009765625,0.0,0.0,0.0,0.0,0.0,0.0,0.0,0.0,0.0,0.0,0.0,0.0,0.0,0.0,0.0,0.0,0.0,0.0,0.0,0.0,0.0,0.0,1755,0.2290847184280766,0.8775,0.6484152815719233
161.37053955078125,68.13694131117192,845.5220380413475,3984,0.0580029296875,4.683349609375,0.59228515625,0.631591796875,0.02685546875,0.45166015625,0.345947265625,1.36767578125,2.037841796875,40.5537109375,0.0,0.112548828125,5.419921875,1.099609375,0.16015625,1.090576171875,0.0,0.02099609375,8.22314453125,0.845947265625,0.0,0.8566894531250001,1.54443359375,2.9892578125,24.47314453125,101.210693359375,47.04412078857422,0.0,208.0,208.0,7.512616157531738,0.9991259765625,0.1799197271466255,0.0919662043452262,0.0159991979598999,0.202694018889419,88,P004,1.324462890625,0.527099609375,0.13818359375,0.09375,0.13232421875,0.0,0.0,0.0,0.0,0.2568359375,0.0,0.0,0.0,0.0,0.0,0.0,0.0,0.0,0.0,0.0,0.0,0.0,0.0,0.0,0.0,0.0,1733,0.202694018889419,0.8665,0.663805981110581
154.23111083984375,70.93941065286488,833.3822518737255,4128,0.05705810546875,4.187255859375,0.32861328125,0.371826171875,0.025146484375,0.389892578125,0.248291015625,1.169189453125,1.517578125,35.406982421875,0.0,0.072998046875,8.61328125,0.54150390625,0.158447265625,0.828369140625,0.0,0.022705078125,11.839599609375,0.55224609375,0.0,0.401123046875,1.12890625,2.568603515625,24.50927734375,103.54769897460938,46.7763671875,0.0,208.0,208.0,7.506906032562256,0.9994384765625,0.2296570539474487,0.1069253832101821,0.0201691389083862,0.2541302700718107,89,P004,1.01171875,0.4150390625,0.106689453125,0.07373046875,3.260986328125,0.0,0.0,0.0,0.0,0.25,0.0,0.0,0.0,0.0,0.0,0.0,0.0,0.0,0.0,0.0,0.0,0.0,0.0,0.0,0.0,0.0,1668,0.2541302700718107,0.834,0.5798697299281892
149.19391357421875,72.03581216955965,835.7277953493536,4111,0.06029296875,2.25146484375,0.75341796875,0.20361328125,0.021728515625,0.31884765625,0.19384765625,0.9130859375,1.156005859375,30.112548828125004,0.0,0.064208984375,10.816650390625,0.549560546875,0.738525390625,0.630859375,0.0,0.019775390625,14.533447265625,0.313720703125,0.0,0.427978515625,0.96142578125,2.204345703125,25.815185546875004,105.71997833251952,46.92512512207031,0.0,208.0,208.0,7.494317054748535,0.99905029296875,0.3095939755439758,0.1208651065826416,0.0254274010658264,0.3333217010746819,90,P004,0.764404296875,0.32177734375,0.0830078125,0.056884765625,5.59716796875,0.0,0.0,0.0,0.0,0.176513671875,0.0,0.0,0.0,0.0,0.0,0.0,0.0,0.0,0.0,0.0,0.0,0.0,0.0,0.0,0.0,0.0,1524,0.3333217010746819,0.762,0.4286782989253181
152.33476318359374,66.9218902603121,807.2609326527058,4180,0.06061279296875,1.123291015625,1.562255859375,1.538330078125,0.018310546875,0.25439453125,0.151611328125,0.63525390625,0.87109375,29.739013671875,0.0,0.10302734375,8.27197265625,0.517333984375,0.4287109374999999,0.469970703125,0.0,0.00732421875,17.065673828125,0.153564453125,0.0,0.6474609375,1.009521484375,1.81005859375,25.980224609375004,108.90750122070312,47.4439811706543,0.0,208.0,208.0,7.4947509765625,0.998642578125,0.2532209157943725,0.0778189003467559,0.0180103778839111,0.2655202198674148,91,P004,0.568359375,0.239501953125,0.0622558593749999,0.042724609375,6.584228515625,0.0,0.0,0.0,0.0,0.1235351562499999,0.0,0.0,0.02099609375,0.0,0.0,0.0,0.0,0.0,0.0,0.0,0.0,0.0,0.0,0.0,0.0,0.0,1658,0.2655202198674148,0.829,0.563479780132585
151.450166015625,62.08678258100915,962.2257889966723,4153,0.06767333984375,0.711669921875,2.9326171875,3.2177734375000004,0.016357421875,0.212646484375,0.12939453125,0.4941406249999999,1.37890625,28.791748046875,0.0,0.146484375,6.68896484375,0.236328125,0.309814453125,0.38330078125,0.0,0.003173828125,18.13427734375,0.082275390625,0.0,0.615234375,1.283935546875,1.63623046875,27.108154296875,109.7602767944336,48.14595031738281,0.0,208.0,208.0,7.518881797790527,0.9984716796875,0.2214840650558471,0.0526315569877624,0.0128064155578613,0.228011570197785,92,P004,0.557861328125,0.195068359375,0.052001953125,0.034423828125,4.42724609375,0.0,0.0,0.0,0.0,0.096923828125,0.0,0.0,0.123046875,0.0,0.0,0.0,0.0,0.0,0.0,0.0,0.0,0.0,0.0,0.0,0.0,0.0,1670,0.228011570197785,0.835,0.6069884298022149
148.46510009765626,59.38966461803038,1087.9688280303717,4105,0.0734228515625,0.515380859375,4.625732421875,4.308837890625,0.014404296875,0.186767578125,0.104736328125,0.413330078125,1.6496582031249998,27.310791015625004,0.0,0.159912109375,5.638671875,0.15576171875,0.248046875,0.330078125,0.0,0.00341796875,18.613037109375,0.0490722656249999,0.0,0.552734375,1.34033203125,1.513916015625,26.993652343750004,108.99480438232422,48.85288238525391,0.0,208.0,208.0,7.5383381843566895,0.99849609375,0.2139066457748413,0.0380268692970275,0.0092093348503112,0.2174555304966093,93,P004,0.635986328125,0.164306640625,0.045166015625,0.15380859375,3.2509765625,0.0,0.0,0.0,0.0,0.080810546875,0.0,0.0,0.094970703125,0.0,0.0,0.0,0.0,0.0,0.0,0.0,0.0,0.0,0.845703125,0.0,0.0,0.0,1640,0.2174555304966093,0.82,0.6025444695033906
160.95010986328126,61.271004798686505,1129.6007813689948,4080,0.0730078125,0.39990234375,5.837890625,4.649658203125,0.0139160156249999,0.169189453125,0.079833984375,0.35595703125,1.000732421875,33.886474609375,0.0,0.1357421875,4.799560546875,0.138427734375,0.54931640625,0.290771484375,0.0,0.004150390625,18.47216796875,0.0234375,0.0,0.500244140625,1.09619140625,1.349853515625,22.87255859375,108.0633773803711,49.03093338012695,0.0,208.0,208.0,7.546533584594727,0.99781494140625,0.1673598289489746,0.021815001964569,0.0048247575759887,0.1688445585211772,94,P004,0.420654296875,0.143310546875,0.040283203125,0.1000976562499999,2.5244140625,0.0,0.0,0.0,0.0,0.06982421875,0.0,0.0,0.075439453125,0.0,0.0,0.0,0.0,0.0,0.0,0.0,0.0,0.0,0.0,0.0,0.0,0.0,1478,0.1688445585211772,0.739,0.5701554414788227
182.5041870117188,62.90842556353636,962.5621557579934,3709,0.059921875,0.34228515625,5.641845703125,3.753662109375,0.013427734375,0.162109375,0.056884765625,0.31884765625,0.500244140625,48.8701171875,0.0,0.10498046875,3.751708984375,0.120849609375,0.5087890625,0.2666015625,0.0,0.005615234375,15.60986328125,0.013671875,0.0,0.462646484375,0.814453125,1.209228515625,14.818603515625,110.83404541015624,49.17647552490234,0.0,208.0,208.0,7.55373477935791,0.99810302734375,0.1454432010650634,0.0143609642982482,0.0023776888847351,0.1461698171171485,95,P004,0.314208984375,0.129638671875,0.037841796875,0.023193359375,2.085205078125,0.0,0.0,0.0,0.0,0.0634765625,0.0,0.0,0.0,0.0,0.0,0.0,0.0,0.0,0.0,0.0,0.0,0.0,0.0,0.0,0.0,0.0,1345,0.1461698171171485,0.6725,0.5263301828828515
194.0114306640625,57.57715171501067,808.6850243253467,3172,0.05,0.29541015625,5.08984375,3.5390625,0.0126953125,0.1513671875,0.041748046875,0.287841796875,0.4609375,56.8212890625,0.0,0.097900390625,1.71923828125,0.066162109375,0.165283203125,0.24853515625,0.0,0.00732421875,13.22900390625,0.009765625,0.0,0.4208984374999999,0.708984375,1.138427734375,11.72216796875,107.35584259033205,50.54962539672852,0.0,208.0,208.0,7.551578044891357,0.9968408203125,0.1202831268310546,0.0092065334320068,0.000575304031372,0.1206363205374681,96,P004,0.2880859375,0.118896484375,0.034423828125,0.02099609375,1.027587890625,0.0,0.0,0.0,0.0,0.05224609375,0.0,0.0,0.0,0.0,0.0,0.0,0.0,0.0,0.0,0.0,0.0,2.223876953125,0.0,0.0,0.0,0.0,1280,0.1206363205374681,0.64,0.5193636794625318
197.666171875,57.15044209312129,786.1277293544769,3064,0.047001953125,0.260986328125,4.83544921875,3.65673828125,0.012451171875,0.139404296875,0.058349609375,0.259765625,0.40087890625,61.832763671875,0.0,0.130126953125,1.7802734375,0.017333984375,0.150634765625,0.158203125,0.0,0.009033203125,11.36962890625,0.00732421875,0.0,0.372314453125,0.845703125,1.129150390625,9.810546875,103.58451080322266,50.86323547363281,0.0,208.0,208.0,7.564414024353027,0.99729736328125,0.1847139596939087,0.010236918926239,-0.0019090771675109,0.1850072592914581,97,P004,0.2646484375,0.110595703125,0.0322265625,0.02001953125,0.38671875,0.0,0.0,0.0,0.0,0.0,0.0,0.0,0.0,0.0,0.0,0.0,0.0,0.0,0.0,0.0,0.0,1.94873046875,0.0,0.0,0.0,0.0,1082,0.1850072592914581,0.541,0.3559927407085419
201.81095947265624,55.3536129296238,693.6151387664736,2820,0.04192138671875,0.218017578125,4.26953125,3.690673828125,0.01123046875,0.107666015625,0.064208984375,0.228271484375,0.21630859375,69.14208984375,0.0,0.127197265625,1.7666015625,0.0,0.2080078125,0.092041015625,0.0,0.01171875,8.79541015625,0.00439453125,0.0,0.32080078125,0.8278808593749999,1.0693359375,7.645263671874999,100.96649169921876,50.70979309082031,0.0,208.0,208.0,7.583727836608887,0.99740966796875,0.1324563026428222,0.0049375891685485,-0.0038221478462219,0.132603396301764,98,P004,0.0986328125,0.0,0.000244140625,0.0,0.0,0.0,0.0,0.0,0.0,0.0,0.0,0.0,0.0,0.0,0.0,0.0,0.0,0.0,0.0,0.0,0.0,1.08447265625,0.0,0.0,0.0,0.0,1003,0.132603396301764,0.5015,0.3688966036982359
205.61535888671875,53.05646059328336,616.7665404539049,2354,0.0376953125,0.20703125,3.669921875,3.30517578125,0.011474609375,0.103271484375,0.03564453125,0.218017578125,0.115966796875,74.195068359375,0.0,0.086669921875,1.57666015625,0.0,0.357177734375,0.021728515625,0.0,0.014404296875,6.9609375,0.002197265625,0.0,0.3115234375,0.413818359375,0.932373046875,6.69287109375,100.2013702392578,50.4776725769043,0.0,208.0,208.0,7.573616981506348,0.9976904296875,0.0780625343322753,0.0021402835845947,-0.0033984184265136,0.078165781055407,99,P004,0.0,0.0,0.0,0.0,0.0,0.0,0.0,0.0,0.0,0.0,0.0,0.0,0.0,0.0,0.0,0.0,0.0,0.0,0.0,0.0,0.0,0.76806640625,0.0,0.0,0.0,0.0,760,0.078165781055407,0.38,0.301834218944593
210.360888671875,49.33116412073748,455.9082679295004,1722,0.031357421875,0.224365234375,2.89404296875,1.7602539062499998,0.01318359375,0.0439453125,0.0,0.237060546875,0.054443359375,79.50244140625,0.0,0.041748046875,1.10009765625,0.0,0.23388671875,0.0,0.0,0.002685546875,5.637939453125,0.00244140625,0.0,0.005126953125,0.000244140625,0.622314453125,6.947265625,100.65072631835938,50.683380126953125,0.0,208.0,208.0,7.5754475593566895,0.99740966796875,0.0964040756225586,0.0019975304603576,-0.005587100982666,0.0965864981349389,100,P004,0.0,0.0,0.0,0.0,0.0,0.0,0.0,0.0,0.0,0.0,0.0,0.0,0.0,0.0,0.0,0.0,0.0,0.0,0.0,0.0,0.0,0.676513671875,0.0,0.0,0.0,0.0,429,0.0965864981349389,0.2145,0.117913501865061
212.7964111328125,48.62878059904155,315.0056102477073,1098,0.0242236328125,0.2236328125,2.253662109375,0.501220703125,0.0,0.0,0.0,0.27685546875,0.001220703125,85.467529296875,0.0,0.0,0.378662109375,0.0,0.064697265625,0.0,0.0,0.0,3.9267578125,0.001708984375,0.0,0.0,0.0,0.2890625,4.807373046875,101.02228546142578,50.78945541381836,0.0,208.0,208.0,7.566651344299316,0.99772705078125,0.063382863998413,0.0009915828704833,-0.0046482682228088,0.0635608140500225,101,P004,0.0,0.0,0.0,0.0,0.0,1.174072265625,0.0,0.0,0.0,0.0,0.0,0.0,0.0,0.0,0.0,0.0,0.0,0.0,0.0,0.0,0.0,0.633544921875,0.0,0.0,0.0,0.0,206,0.0635608140500225,0.103,0.0394391859499774
213.55974609375,47.88873354476468,178.4733556668699,533,0.01744384765625,0.107421875,1.1220703125,0.2412109375,0.0,0.0,0.0,0.1533203125,0.0,89.807373046875,0.0,0.0,0.13671875,0.0,0.0070800781249999,0.0,0.0,0.0,2.42236328125,0.001708984375,0.0,0.0,0.0,0.181640625,2.458251953125,100.2700653076172,50.99258041381836,0.0,208.0,208.0,7.544753551483154,0.9974755859375,0.1005842685699462,0.0012016296386718,-0.0093119144439697,0.1010215360611361,102,P004,0.0,0.0,0.0,0.0,0.0,2.689208984375,0.0,0.0,0.0,0.0,0.0,0.0,0.0,0.0,0.0,0.0,0.0,0.0,0.0,0.0,0.0,0.671630859375,0.0,0.0,0.0,0.0,97,0.1010215360611361,0.05,0.0510215360611361
213.9797827148437,45.437785783485445,82.14909120919705,294,0.01199462890625,0.01953125,0.167236328125,0.044921875,0.0,0.0,0.0,0.026611328125,0.0,94.0361328125,0.0,0.0,0.016357421875,0.0,0.0,0.0,0.0,0.0,0.689208984375,0.0,0.0,0.0,0.0,0.09228515625,0.493896484375,99.73501586914062,50.9112434387207,0.0,208.0,208.0,7.527552604675293,0.9978125,0.1230545043945312,0.001257300376892,-0.015613317489624,0.1240474406791742,103,P004,0.0,0.0,0.0,0.0,0.0,3.749755859375,0.0,0.0,0.0,0.0,0.0,0.0,0.0,0.0,0.0,0.0,0.0,0.0,0.0,0.0,0.0,0.6640625,0.0,0.0,0.0,0.0,111,0.1240474406791742,0.0555,0.0685474406791742
208.86677490234376,51.88099101887606,60.026335789388405,380,0.0092236328125,0.0,0.0,0.0,0.0,0.0,0.0,0.0,0.0,93.718017578125,0.0,0.0,0.0,0.0,0.0,0.0,0.0,0.0,0.017822265625,0.0,0.0,0.0,0.0,0.0,0.0,100.14247131347656,51.12957382202149,0.0,208.0,208.0,7.555432319641113,0.99752197265625,0.1357781887054443,0.0011541247367858,-0.0241603255271911,0.1379158071492139,104,P004,0.0,0.0,0.0,0.0,0.0,5.664306640625,0.0,0.0,0.0,0.0,0.0,0.0,0.0,0.0,0.0,0.0,0.0,0.0,0.0,0.0,0.0,0.599853515625,0.0,0.0,0.0,0.0,157,0.1379158071492139,0.0785,0.0594158071492138
195.13850830078124,64.08695640282787,84.95964044436816,489,0.01121337890625,0.0,0.0,0.0,0.0,0.0,0.0,0.0,0.0,89.8818359375,0.0,0.0,0.0,0.0,0.0,0.0,0.0,0.0,0.024169921875,0.0,0.0,0.0,0.0,0.0,0.0,100.21704864501952,51.211307525634766,0.0,208.0,208.0,7.559209823608398,0.99740234375,0.1902089118957519,0.0012514591217041,-0.0477451086044311,0.196113721371423,105,P004,0.0,0.0,0.0,0.0,0.0,9.647705078125,0.0,0.0,0.0,0.0,0.0,0.0,0.0,0.0,0.0,0.0,0.0,0.0,0.0,0.0,0.0,0.4462890625,0.0,0.0,0.0,0.0,188,0.196113721371423,0.094,0.102113721371423
191.1949975585937,57.17020901401401,81.8215800571382,697,0.00880615234375,0.0,0.0,0.0,0.0,0.0,0.0,0.0,0.0,92.4345703125,0.0,0.0,0.0,0.0,0.0,0.0,0.0,0.0,0.00146484375,0.0,0.0,0.0,0.0,0.0,0.0,100.95298767089844,51.5942497253418,0.0,208.0,208.0,7.553825855255127,0.99728515625,0.160811185836792,0.0009002685546875,-0.0512310862541198,0.1687769894638569,106,P004,0.0,0.0,0.0,0.0,0.0,7.56396484375,0.0,0.0,0.0,0.0,0.0,0.0,0.0,0.0,0.0,0.0,0.0,0.0,0.0,0.0,0.0,0.0,0.0,0.0,0.0,0.0,249,0.1687769894638569,0.1245,0.0442769894638569
183.1395068359375,56.512767161906446,168.25495049092774,916,0.01693603515625,0.0,0.0,0.025390625,0.0,0.0,0.0,0.0,0.0,84.640869140625,0.0,0.0,0.0,0.0,0.362548828125,0.0,0.0,0.0,2.607177734375,0.0,0.0,0.0,0.0,0.0,0.0,99.7360610961914,52.5569953918457,0.0,208.0,208.0,7.532060623168945,0.99642578125,0.1450212001800537,0.0008336305618286,-0.051406443119049,0.1538650897238514,107,P004,0.0,0.0,0.0,0.0,0.21875,5.763671875,0.0,0.0,0.0,0.175537109375,3.96875,2.2373046875,0.0,0.0,0.0,0.0,0.0,0.0,0.0,0.0,0.0,0.0,0.0,0.0,0.0,0.0,318,0.1538650897238514,0.159,0.0051349102761485
169.48737548828126,60.47193177834257,312.90799839744574,2020,0.02651611328125,0.0,0.0,0.082275390625,0.0,0.0,0.0,0.0,0.0,76.640380859375,0.0,0.223388671875,1.11328125,0.0,0.424560546875,0.0,0.0,0.0,5.83154296875,0.0,0.0,0.0,0.0,0.035888671875,0.0,94.4444808959961,52.333038330078125,0.0,208.0,208.0,7.472763538360596,0.997333984375,0.2186131477355957,0.0014513134956359,-0.0812469124794006,0.2332270898955852,108,P004,0.0,0.0,0.0,0.0,0.4575195312499999,3.8203125,0.0,0.0,0.0,0.150390625,5.811279296875,3.189697265625,0.0,0.0,2.219482421875,0.0,0.0,0.0,0.0,0.0,0.0,0.0,0.0,0.0,0.0,0.0,703,0.2332270898955852,0.3515,0.1182729101044147
156.0094970703125,59.45882994672684,472.2838034043253,3445,0.036708984375,0.0,0.0,0.170654296875,0.0,0.0,0.070556640625,0.0,0.0,76.501953125,0.0,0.209716796875,1.329833984375,0.0,0.4331054687499999,0.0,0.0,0.0,6.35107421875,0.0,0.0,0.0,0.0,0.0,0.0,90.9611587524414,51.44181060791016,0.0,208.0,208.0,7.44961404800415,0.99650634765625,0.2486834526062011,0.0013105273246765,-0.0948395729064941,0.2661573250374591,109,P004,0.0,0.0,0.0,0.09716796875,0.413818359375,1.456298828125,0.0,0.0,0.0,0.13037109375,5.371337890625,2.76611328125,0.099365234375,0.0,2.59326171875,0.0,0.0,0.0,0.236083984375,1.749755859375,0.0,0.0,0.0,0.0,0.01953125,0.0,1018,0.2661573250374591,0.509,0.2428426749625409
135.329248046875,62.50357821023532,462.4699629973828,3456,0.03976806640625,0.0,0.0,0.00341796875,0.0,0.0,0.095947265625,0.0,0.0,76.703857421875,0.0,0.198486328125,1.145263671875,0.0,0.393310546875,0.0,0.0,0.0,4.179443359375,0.0,0.0,0.0,0.0,0.0390625,0.0,91.66613006591795,51.48184585571289,0.0,208.0,208.0,7.460042953491211,0.997275390625,0.2802677154541015,-0.0003305673599243,-0.1101171970367431,0.3011243907156469,110,P004,0.0,0.0,0.0,0.06884765625,0.39599609375,0.159423828125,0.0,0.0,0.0,0.1201171875,4.152099609375,2.468017578125,0.083740234375,0.0,2.298095703125,0.0,0.0,0.0,0.53466796875,6.891845703125001,0.0,0.0,0.0,0.0,0.068359375,0.0,1001,0.3011243907156469,0.5005,0.199375609284353
127.8323095703125,65.56142243988965,444.2615673207997,3437,0.0375048828125,0.0,0.0,0.0,0.0,0.0,0.137939453125,0.0,0.0,75.958251953125,0.0,0.1962890624999999,1.05615234375,0.0,0.254638671875,0.0,0.0,0.0,3.673828125,0.0,0.0,0.0,0.0,0.0,0.0,102.7154769897461,52.49934387207031,0.0,208.0,208.0,7.502015590667725,0.9967578125,0.1945095062255859,-0.0022852420806884,-0.0790295600891113,0.209963905734693,111,P004,0.0,0.0,0.0,0.0,0.27783203125,0.0,0.0,0.0,0.0,0.111572265625,2.0322265625,1.478271484375,0.0,0.0,2.153564453125,0.0,0.0,0.0,0.80712890625,11.71044921875,0.0,0.0,0.0,0.0,0.135009765625,0.016845703125,878,0.209963905734693,0.439,0.2290360942653069
128.42912109375,67.86855747947435,329.6296458999574,2496,0.02919677734375,0.0,0.0,0.0,0.0,0.0,0.080322265625,0.0,0.0,75.3837890625,0.0,0.1923828125,1.065185546875,0.0,0.0,0.0,0.0,0.0,5.221435546875,0.0,2.0341796875,0.0,0.0,0.0,0.0,109.75035095214844,52.92699432373047,0.0,208.0,208.0,7.452670097351074,0.9959814453125,0.1984410285949707,-0.0054478049278259,-0.0840377807617187,0.2155710300660001,112,P004,0.0,0.0,0.0,0.0,0.0,0.0,0.0,0.0,0.0,0.0,0.0,0.0,0.0,0.0,2.206787109375,0.0,0.0,0.0,0.941650390625,12.62255859375,0.0,0.0,0.0,0.0,0.182861328125,0.06884765625,534,0.2155710300660001,0.267,0.0514289699339998
126.933330078125,68.86916053572132,244.22497731789943,1812,0.03207275390625,0.0,0.0,0.0,0.0,0.0,0.0,0.0,0.0,63.07568359375,0.0,0.0,0.0,0.0,0.0,0.0,0.0,0.0,5.549072265625,0.0,21.119384765625,0.0,0.0,0.0,0.0,108.1564483642578,54.1155891418457,0.0,208.0,208.0,7.335669040679932,0.991474609375,0.2782421112060547,-0.0204535722732543,-0.130868911743164,0.3081617969962854,113,P004,0.0,0.0,0.0,0.0,0.0,0.0,0.0,0.0,0.0,0.0,0.0,0.0,0.0,0.0,0.11865234375,0.0,0.0,0.0,0.275634765625,9.7080078125,0.0,0.0,0.0,0.0,0.10302734375,0.0505371093749999,474,0.3081617969962854,0.237,0.0711617969962853
147.26684814453125,54.31511897254165,158.70023655528425,2075,0.03002197265625,0.0,0.0,0.0,0.0,0.0,0.0,0.0,0.0,66.92431640625,0.0,0.0,0.0,0.0,0.0,0.0,0.0,0.0,3.823486328125,0.0,29.0263671875,0.0,0.0,0.0,0.0,110.17990112304688,53.848182678222656,0.0,208.0,208.0,7.3339524269104,0.994921875,0.3157162666320801,-0.054220974445343,-0.1870965957641601,0.370974138225886,114,P004,0.0,0.0,0.0,0.0,0.0,0.0,0.0,0.0,0.0,0.0,0.0,0.0,0.0,0.0,0.0,0.0,0.0,0.116943359375,0.0,0.10888671875,0.0,0.0,0.0,0.0,0.0,0.0,1076,0.370974138225886,0.538,0.167025861774114
159.9739453125,45.1393225177804,107.0570393914938,1821,0.0259033203125,0.0,0.0,0.0,0.0,0.0,0.0,0.0,0.0,73.9326171875,0.0,0.0,0.0,0.0,0.0,0.0,0.0,0.0,0.0,0.0,21.657470703125,0.0,0.0,0.0,0.0,121.20964813232422,48.62514877319336,0.0,208.0,208.0,7.381138801574707,0.99760009765625,0.2621912956237793,-0.0182088017463684,-0.1454118490219116,0.3003671782966404,115,P004,0.0,0.0,0.0,2.027099609375,0.0,0.0,0.0,0.0,0.0,0.0,0.0,0.0,2.3828125,0.0,0.0,0.0,0.0,0.0,0.0,0.0,0.0,0.0,0.0,0.0,0.0,0.0,375,0.3003671782966404,0.1875,0.1128671782966404
166.67789794921876,37.71768818119326,262.17533784741767,1520,0.02326171875,0.0,0.0,0.0,0.0,0.0,0.0,0.0,0.0,84.29443359375,0.0,0.0,3.697998046875,0.62060546875,0.271240234375,0.0,0.0,0.0,3.714111328125,0.0,2.685302734375,0.0,0.0,0.171142578125,0.0,116.34976196289062,49.74185943603516,0.0,208.0,208.0,7.454257965087891,0.99687744140625,0.230135440826416,-0.0116363763809204,-0.1074166297912597,0.25423622624512,116,P004,0.0,0.0,0.0,2.134765625,0.0,0.0,0.005126953125,0.0,0.0,0.0,0.0,0.0,2.4052734375,0.0,0.0,0.0,0.0,0.0,0.0,0.0,0.0,0.0,0.0,0.0,0.0,0.0,558,0.25423622624512,0.279,0.02476377375488
158.25700927734374,44.774329088803256,576.4626805570365,3424,0.0338525390625,0.0,0.0,0.0,0.0,0.0,0.6103515625,0.0,0.0,70.72998046875,0.0,0.0,7.7880859375,1.20263671875,0.262939453125,0.0,0.0,0.0,17.07958984375,0.0,0.0,0.0,0.0,0.02001953125,0.0,108.71251678466795,50.88809967041016,0.0,208.0,208.0,7.521554946899414,0.99713623046875,0.1723570823669433,-0.0681160986423492,-0.0688651800155639,0.197709837273909,117,P004,0.0,0.0,0.0,0.48876953125,0.0,0.0,0.0,0.0,0.0,0.0,0.0,0.0,1.7404785156250002,0.0,0.0,0.0,0.0,0.0,0.01513671875,0.06201171875,0.0,0.0,0.0,0.0,0.0,0.0,1255,0.197709837273909,0.6275,0.4297901627260909
157.51646484375,50.56381388708093,730.1543248614727,3748,0.047138671875,0.0,0.0,0.0,0.0,0.0,0.738037109375,0.0,0.0,61.54199218750001,0.0,0.0,9.3115234375,1.715087890625,0.267822265625,0.0,0.0,0.0,21.118408203125,0.0,0.0,0.0,0.0,0.010009765625,0.0,108.77401733398438,49.609004974365234,0.0,208.0,208.0,7.539451599121094,0.99722412109375,0.1211719512939453,-0.1004824638366699,-0.038158893585205,0.1619736660038197,118,P004,0.0,0.0,0.0,0.0,0.0,0.0,0.0,0.0,0.0,0.0,0.0,0.0,0.0,0.0,0.0,0.0,0.0,0.0,0.09423828125,5.202880859375,0.0,0.0,0.0,0.0,0.0,0.0,1604,0.1619736660038197,0.802,0.6400263339961804
157.6151025390625,55.08857789498145,805.5217511135102,3958,0.05625732421875,0.0,0.0,0.0,0.0,0.0,0.93603515625,0.0,0.0,52.531005859375,0.0,0.0,10.428466796875,2.140380859375,0.305419921875,0.0,0.0,0.0,23.08544921875,0.0,0.0,0.0,0.0,0.0087890625,0.0,107.92829132080078,48.82286071777344,0.0,208.0,208.0,7.558534145355225,0.99802978515625,0.0624794960021972,-0.097607135772705,-0.0135226249694824,0.1166777689215265,119,P004,0.0,0.0,0.0,0.0,0.0,0.0,0.0,0.0,0.0,0.0,0.0,0.0,0.0,0.0,0.0,0.0,0.0,0.0,0.12109375,10.443359375,0.0,0.0,0.0,0.0,0.0,0.0,1944,0.1166777689215265,0.972,0.8553222310784735
154.82842529296877,56.69838165706375,857.2696339021624,4016,0.06231689453125,0.0,0.0,0.0,0.0,0.0,1.080810546875,0.0,0.0,45.5673828125,0.0,0.0,11.202880859375,2.3564453125,0.362060546875,0.0,0.0,0.0,23.3916015625,0.0,0.0,0.0,0.0,0.00830078125,0.0,107.2680892944336,48.89842224121094,0.0,208.0,208.0,7.558363914489746,0.998427734375,0.0404281616210937,-0.06891630589962,-0.0077762603759765,0.0802767942580311,120,P004,0.0,0.0,0.0,0.0,0.0,0.0,0.0,0.0,0.0,0.0,0.0,0.0,0.0,0.0,0.0,0.0,0.0,0.0,0.155517578125,15.875,0.0,0.0,0.0,0.0,0.0,0.0,2152,0.0802767942580311,1.0,0.9197232057419688
151.32308349609374,57.29097166176432,904.3910105447532,4114,0.069404296875,0.0,0.0,0.0,0.0,0.0,1.120849609375,0.0,0.0,39.00927734375,0.0,0.0,12.05322265625,2.512939453125,0.412109375,0.0,0.0,0.0,23.54345703125,0.0,0.0,0.0,0.0,0.008056640625,0.0,105.97521209716795,48.766357421875,0.0,208.0,208.0,7.555498600006103,0.99883056640625,0.0221219062805175,-0.0392076969146728,-0.0039050579071044,0.0451870746131533,121,P004,0.0,0.0,0.0,0.0,0.0,0.0,0.0,0.0,0.0,0.0,0.0,0.0,0.0,0.0,0.0,0.0,0.0,0.0,0.189697265625,21.150390625,0.0,0.0,0.0,0.0,0.0,0.0,2273,0.0451870746131533,1.0,0.9548129253868466
148.66825439453126,57.982015168816325,965.3442368501426,4264,0.07612548828125,0.0,0.0,0.0,0.0,0.0,1.20166015625,0.0,0.0,34.605712890625,0.0,0.0,12.967041015625,2.673828125,0.432373046875,0.0,0.0,0.0,24.126220703125,0.0,0.0,0.0,0.0,0.0078125,0.0,104.44515991210938,48.68798828125,0.0,208.0,208.0,7.551513195037842,0.998935546875,0.0209684371948242,-0.0380533561110496,-0.0034482479095458,0.0435846725736621,122,P004,0.0,0.0,0.0,0.0,0.0,0.0,0.0,0.0,0.0,0.0,0.0,0.0,0.0,0.0,0.0,0.0,0.0,0.0,0.217041015625,23.768310546875,0.0,0.0,0.0,0.0,0.0,0.0,2223,0.0435846725736621,1.0,0.9564153274263378
145.584033203125,58.88032133216144,1056.3940437673032,4331,0.08291015625,0.0,0.0,0.0,0.0,0.0,1.5981445312499998,0.0,0.0,30.039306640625004,0.0,0.0,14.1845703125,3.018798828125,0.435546875,0.0,0.0,0.0,25.804931640625,0.0,0.0,0.0,0.0,0.008056640625,0.0,103.6065444946289,48.40003204345703,0.0,208.0,208.0,7.542393684387207,0.99908203125,0.0614514350891113,-0.1162103995679899,-0.008427619934082,0.1317276000692963,123,P004,0.0,0.0,0.0,0.0,0.0,0.0,0.0,0.0,0.0,0.0,0.0,0.0,0.0,0.0,0.0,0.0,0.0,0.0,0.2326660156249999,24.677978515625,0.0,0.0,0.0,0.0,0.0,0.0,1881,0.1317276000692963,0.9405,0.8087723999307037
137.4535400390625,61.320877156651086,1249.5968481900932,4462,0.09403076171875,0.0,0.0,0.0,0.0,0.0,1.865478515625,0.0,0.0,26.8515625,0.0,0.0,17.07666015625,4.06201171875,0.508056640625,0.0,0.0,0.0,28.67236328125,0.0,0.0,0.0,0.0,0.01611328125,0.0,102.4865264892578,47.76102828979492,0.0,208.0,208.0,7.531978130340576,0.99913818359375,0.0841093063354492,-0.1710998505354837,-0.0054755210876464,0.1907341490050393,124,P004,0.0,0.0,0.0,0.0,0.0,0.0,0.0,0.0,0.03515625,0.0,0.0,0.0,0.0,0.0,0.0,0.0,0.0,0.0,0.2431640625,20.66943359375,0.0,0.0,0.0,0.0,0.0,0.0,1873,0.1907341490050393,0.9365,0.7457658509949606
128.7473828125,63.78660260478895,1435.3182853168246,4562,0.0944091796875,0.0,0.0,0.0,0.0,0.0,1.82275390625,0.0,0.0,29.507080078125,0.0,0.0,21.04052734375,5.2998046875,0.718017578125,0.0,0.0,0.0,30.744873046875,0.0,0.0,0.0,0.0,0.04345703125,0.0,101.52193450927734,47.07951354980469,0.0,208.0,208.0,7.502459526062012,0.9992529296875,0.080850601196289,-0.1890741735696792,0.0126986503601074,0.2060269849942643,125,P004,0.0,0.0,0.0,0.0,0.0,0.0,0.0,0.0,0.26806640625,0.0,0.0,0.0,0.0,0.0,0.0,0.0,0.0,0.0,0.2041015625,10.351318359375,0.0,0.0,0.0,0.0,0.0,0.0,1816,0.2060269849942643,0.908,0.7019730150057357
120.38322509765624,65.71248303117287,1660.50282929132,4701,0.0989697265625,0.0,0.0,0.0,0.0,0.0,1.825439453125,0.0,0.0,31.458740234375,0.0,0.0,25.748779296875,5.837646484375,1.26025390625,0.0,0.0,0.0,29.243896484375,0.0,0.0,0.0,0.0,0.124267578125,0.0,100.19896697998048,46.824195861816406,0.0,208.0,208.0,7.49212646484375,0.999208984375,0.0325851440429687,-0.1187619268894195,0.0294828414916992,0.1266310579329317,126,P004,0.0,0.0,0.0,0.0,0.0,0.0,0.0,0.0,0.46337890625,0.0,0.0,0.0,0.0,0.0,0.0,0.0,0.0,0.0,0.14208984375,3.8955078125,0.0,0.0,0.0,0.0,0.0,0.0,1853,0.1266310579329317,0.9265,0.7998689420670683
119.853466796875,66.6990802218025,1719.2974816281262,4737,0.09826904296875,0.0,0.0,0.0,0.0,0.0,1.7092285156250002,0.0,0.0,37.38134765625,0.0,0.0,27.671142578125004,4.67578125,1.5146484375,0.0,0.0,0.0,24.532958984375,0.0,0.0,0.0,0.0,0.320556640625,0.0,99.98197174072266,46.45148086547852,0.0,208.0,208.0,7.487643718719482,0.99924072265625,-0.001009464263916,-0.1717638075351715,0.0681848526000976,0.1848052994942964,127,P004,0.0,0.0,0.0,0.0,0.0,0.0,0.0,0.0,0.42578125,0.0,0.0,0.0,0.0,0.0,0.0,0.0,0.0,0.0,0.08837890625,1.6801757812499998,0.0,0.0,0.0,0.0,0.0,0.0,1697,0.1848052994942964,0.8485,0.6636947005057036
125.80522216796876,66.93791260650185,1749.5457310302495,4821,0.0917822265625,0.0,0.0,0.0,0.0,0.0,1.6359863281250002,0.0,0.0,49.4111328125,0.0,0.0,28.06494140625,2.84619140625,0.0,0.0,0.0,0.0,16.5556640625,0.0,0.0,0.0,0.0,1.095703125,0.0,97.7760772705078,45.93253707885742,0.0,208.0,208.0,7.460421562194824,0.9992529296875,-0.018564224243164,-0.1094862818717956,0.0415027141571044,0.1185510507008145,128,P004,0.0,0.0,0.0,0.0,0.0,0.0,0.0,0.0,0.358642578125,0.0,0.0,0.0,0.0,0.0,0.0,0.0,0.0,0.0,0.03173828125,0.0,0.0,0.0,0.0,0.0,0.0,0.0,1983,0.1185510507008145,0.9915,0.8729489492991855
129.89327880859375,68.07277025748776,1784.299639045709,4849,0.0901904296875,0.0,0.0,0.0,0.0,0.0,1.6005859375,0.0,0.0,57.5400390625,0.0,0.0,28.21826171875,1.954345703125,0.0,0.0,0.0,0.0,8.1708984375,0.0,0.0,0.0,0.0,2.1982421875,0.0,94.94699096679688,45.71921920776367,0.0,208.0,208.0,7.395748138427734,0.99923828125,-0.0064105987548828,-0.0319755673408508,0.0113475322723388,0.0345296853712448,129,P004,0.0,0.0,0.0,0.0,0.0,0.0,0.0,0.0,0.317626953125,0.0,0.0,0.0,0.0,0.0,0.0,0.0,0.0,0.0,0.0,0.0,0.0,0.0,0.0,0.0,0.0,0.0,2623,0.0345296853712448,1.0,0.9654703146287552
131.35847900390624,68.63991713107461,1809.9022526668016,4872,0.09316650390625,0.0,0.0,0.0,0.0,0.0,1.5722656250000002,0.0,0.0,58.89306640625001,0.0,0.0,28.631591796875,1.750244140625,0.0,0.0,0.0,0.0,6.058837890625,0.0,0.0,0.0,0.0,2.787109375,0.0,93.67223358154295,45.80183410644531,0.0,208.0,208.0,7.357141971588135,0.999248046875,-0.0162286758422851,-0.0753902792930603,0.0258982181549072,0.081349750061563,130,P004,0.0,0.0,0.0,0.0,0.0,0.0,0.0,0.0,0.306884765625,0.0,0.0,0.0,0.0,0.0,0.0,0.0,0.0,0.0,0.0,0.0,0.0,0.0,0.0,0.0,0.0,0.0,2328,0.081349750061563,1.0,0.918650249938437
132.55400634765624,70.2453656466948,1861.025498919242,4916,0.09852294921875,0.0,0.0,0.0,0.0,0.0,1.56201171875,0.0,0.0,57.71826171875,0.0,0.0,29.95751953125,1.650634765625,0.0,0.0,0.0,0.0,4.36865234375,0.0,0.0,0.0,0.0,4.41943359375,0.0,90.705322265625,46.26358413696289,0.0,208.0,208.0,7.383693695068359,0.99917724609375,-0.0295710563659667,-0.1264165043830871,0.0416203737258911,0.1363372123234193,131,P004,0.0,0.0,0.0,0.0,0.0,0.0,0.0,0.0,0.323486328125,0.0,0.0,0.0,0.0,0.0,0.0,0.0,0.0,0.0,0.0,0.0,0.0,0.0,0.0,0.0,0.0,0.0,2255,0.1363372123234193,1.0,0.8636627876765807
135.74751220703126,72.92708802887603,1913.7596728515623,4903,0.099775390625,0.0,0.0,0.0,0.0,0.0,1.5710449218749998,0.0,0.0,56.15820312499999,0.0,0.0,31.603271484375,1.1630859375,0.0,0.0,0.0,0.0,1.501708984375,0.0,0.0,0.0,0.0,7.678955078124999,0.0,85.50508117675781,47.3017692565918,0.0,208.0,208.0,7.374790191650391,0.99917724609375,-0.0346641540527343,-0.1397427320480346,0.0444995164871215,0.1506978490358376,132,P004,0.0,0.0,0.0,0.0,0.0,0.0,0.0,0.0,0.32373046875,0.0,0.0,0.0,0.0,0.0,0.0,0.0,0.0,0.0,0.0,0.0,0.0,0.0,0.0,0.0,0.0,0.0,2368,0.1506978490358376,1.0,0.8493021509641623
143.40959716796874,73.78630671590274,1980.9991613481936,4873,0.09593994140625,0.0,0.0,0.0,0.0,0.0,1.6176757812500002,0.0,0.0,54.0263671875,0.0,0.0,31.526611328125,0.004150390625,0.0,0.0,0.0,0.0,0.0,0.0,0.0,0.0,0.0,12.484619140625,0.0,104.82108306884766,53.07029724121094,0.0,208.0,208.0,7.419787406921387,0.9947509765625,-0.0384340286254882,-0.1508158445358276,0.0472446680068969,0.1626488615838478,133,P004,0.0,0.0,0.0,0.0,0.0,0.0,0.0,0.0,0.340576171875,0.0,0.0,0.0,0.0,0.0,0.0,0.0,0.0,0.0,0.0,0.0,0.0,0.0,0.0,0.0,0.0,0.0,2171,0.1626488615838478,1.0,0.8373511384161522
158.24828125,64.07252053471049,1617.459649351096,4916,0.102900390625,0.0,0.50341796875,2.90234375,0.0,0.0,10.518310546875,0.0,0.019775390625,43.902587890625,0.0,0.0244140625,14.689941406250002,0.279052734375,1.352294921875,0.0,0.02197265625,0.11083984375,15.60595703125,0.0,0.10986328125,0.0,0.0,3.610107421875,0.0,94.41417694091795,46.99651718139648,0.0,208.0,208.0,7.451265811920166,0.99945556640625,-0.2548952102661133,-0.008271187543869,0.1094712018966674,0.2775318446677658,0,P005,0.0,0.0,0.0,0.008544921875,0.0,1.234375,0.347412109375,0.0,0.0,0.0,0.0,0.0,0.021484375,0.0,0.0,0.078369140625,4.64501953125,0.0,0.0,0.0,0.0,0.0139160156249999,0.0,0.0,0.0,0.0,1514,0.2775318446677658,0.757,0.4794681553322342
165.3337841796875,62.12153500646045,1646.8507455665529,4909,0.10186279296875,0.0,1.7724609374999998,2.541015625,0.0,0.0,9.375,0.0,2.385986328125,43.276611328125,0.0,0.023681640625,15.672363281250002,0.251953125,0.69970703125,0.0,0.0139160156249999,0.08251953125,13.578369140624998,0.0,0.082275390625,0.0,0.0,5.150634765625,0.0,97.11840057373048,47.44000625610352,0.0,208.0,208.0,7.520708084106445,0.99861328125,-0.2527875900268554,-0.0155338943004608,0.0356479287147522,0.2557609085950695,1,P005,0.0,0.0,0.0,0.00634765625,0.0,0.953369140625,0.30322265625,0.0,0.0,0.0,0.0,0.0,0.0185546875,0.0,0.0,0.06640625,3.697509765625,0.0,0.0,0.0,0.0,0.048095703125,0.0,0.0,0.0,0.0,1654,0.2557609085950695,0.827,0.5712390914049305
165.92716064453126,65.1366107586779,1741.1225261897807,4948,0.10148681640625,0.0,2.5341796875,2.481689453125,0.0,0.0,8.208251953125,0.0,4.34912109375,42.3408203125,0.0,0.0205078125,15.7705078125,0.22314453125,0.39013671875,0.0,0.012451171875,0.115234375,13.736572265625,0.0,0.059814453125,0.0,0.0,4.895751953125,0.0,95.9189453125,47.45486068725586,0.0,208.0,208.0,7.490059852600098,0.99904052734375,-0.3186737298965454,-0.0221014618873596,0.0290112495422363,0.320753913995974,2,P005,0.0,0.0,0.0,0.005126953125,0.0,0.661376953125,0.2666015625,0.0,0.0,0.0,0.0,0.0,0.014404296875,0.0,0.0,0.056884765625,3.032470703125,0.0,0.0,0.0,0.0,0.3134765625,0.511474609375,0.0,0.0,0.0,1821,0.320753913995974,0.9105,0.589746086004026
152.7150390625,64.75960382444038,1720.0722045382909,4883,0.10302734375,0.0,2.02734375,3.955322265625,0.0,0.0,7.24365234375,0.0,5.768310546875,27.423583984375,0.0,0.02001953125,15.79541015625,0.191650390625,0.2165527343749999,0.0,0.009765625,0.1591796875,15.58837890625,0.0,0.044677734375,0.0,0.0,4.68603515625,0.0,99.96602630615234,46.46865463256836,0.0,208.0,208.0,7.46735668182373,0.99921630859375,-0.2195911705493927,-0.0192351341247558,0.0124962925910949,0.2207859368179325,3,P005,0.0,0.0,0.0,0.00390625,0.0,0.433837890625,0.234130859375,0.0,0.0,0.0,0.0,0.0,0.010986328125,0.0,0.0,0.048583984375,2.457763671875,0.0,0.0,0.0,0.0,0.11181640625,13.569091796875,0.0,0.0,0.0,2074,0.2207859368179325,1.0,0.7792140631820675
145.38470458984375,63.36479787933288,1688.9464723823965,4870,0.099150390625,0.0,1.5048828125,5.39013671875,0.0,0.0,6.53125,0.0,6.734619140625001,22.15771484375,0.0,0.018798828125,16.166259765625,0.1787109375,0.159423828125,0.0,0.008544921875,0.162109375,15.648681640625,0.0,0.039306640625,0.0,0.0,4.510986328125,0.0,103.07743072509766,46.39982986450195,0.0,208.0,208.0,7.441349029541016,0.99919189453125,-0.1425942182540893,-0.0149305164813995,0.0044724941253662,0.1434434892408772,4,P005,0.0,0.0,0.0,0.00341796875,0.0,0.33544921875,0.216796875,0.0,0.0,0.0,0.0,0.0,0.010009765625,0.0,0.0,0.044677734375,2.153564453125,0.0,0.0,0.0,0.0,0.062744140625,17.9619140625,0.0,0.0,0.0,2332,0.1434434892408772,1.0,0.8565565107591229
141.23825927734376,63.59083249294403,1676.9301951278685,4882,0.09957275390625,0.0,1.25537109375,6.309814453125,0.0,0.0,6.0,0.0,7.555419921875001,20.218994140625,0.0,0.018310546875,16.47119140625,0.175048828125,0.13720703125,0.0,0.007568359375,0.155029296875,14.713134765625,0.0,0.036865234375,0.0,0.0,4.66943359375,0.0,104.22601318359376,46.76651382446289,0.0,208.0,208.0,7.484724998474121,0.99910888671875,-0.1675348561257124,-0.0205341279506683,0.0010668039321899,0.1687919325631035,5,P005,0.0,0.0,0.0,0.003173828125,0.0,0.293701171875,0.210205078125,0.0,0.0,0.0,0.0,0.0,0.0087890625,0.0,0.0,0.042724609375,1.990478515625,0.0,0.0,0.0,0.0,0.0458984375,19.681640625,0.0,0.0,0.0,2224,0.1687919325631035,1.0,0.8312080674368965
137.66897216796875,64.66417724307362,1693.374444234371,4894,0.09992431640625,0.0,1.121337890625,7.547607421874999,0.0,0.0,5.4365234375,0.0,8.14013671875,18.6796875,0.0,0.017578125,16.495361328125,0.161376953125,0.288818359375,0.0,0.008056640625,0.147216796875,15.063232421875,0.0,0.03173828125,0.0,0.0,4.96044921875,0.0,105.51000213623048,47.0748405456543,0.0,208.0,208.0,7.511255264282227,0.99916015625,-0.0688521545380353,-0.0095258355140686,-0.0010406970977783,0.0695157807783234,6,P005,0.0,0.0,0.0,0.00341796875,0.0,0.252685546875,0.201416015625,0.0,0.0,0.0,0.0,0.0,0.0070800781249999,0.0,0.0,0.03955078125,1.850341796875,0.0,0.0,0.0,0.0,0.033447265625,19.512939453125,0.0,0.0,0.0,2480,0.0695157807783234,1.0,0.9304842192216766
138.26831787109376,64.30276993141183,1685.4114091962576,4861,0.09965576171875,0.0,1.080810546875,6.45751953125,0.0,0.0,5.11083984375,0.0,8.184326171875,18.099609375,0.0,0.017822265625,16.512451171875,0.14013671875,0.7978515625,0.0,0.0078125,0.14404296875,16.42041015625,0.0,0.03076171875,0.0,0.0,5.379638671875,0.0,105.3979263305664,47.205223083496094,0.0,208.0,208.0,7.501165866851807,0.999208984375,-0.0111304484307765,-0.0016101002693176,-0.0002623796463012,0.0112493621253041,7,P005,0.0,0.0,0.0,0.003173828125,0.0,0.24072265625,0.195556640625,0.0,0.0,0.0,0.0,0.0,0.007568359375,0.0,0.0,0.03759765625,1.820068359375,0.0,0.0,0.0,0.0,0.03173828125,19.279541015625,0.0,0.0,0.0,2823,0.0112493621253041,1.0,0.988750637874696
141.7122265625,63.06155807122549,1657.5823104308545,4886,0.0979443359375,0.0,1.156005859375,5.40576171875,0.0,0.0,5.033447265625,0.0,7.952392578125,17.8359375,0.0,0.01611328125,16.40966796875,0.132080078125,0.71630859375,0.0,0.0070800781249999,0.14697265625,18.7255859375,0.0,0.02880859375,0.0,0.0,6.001953125,0.0,104.53142547607422,47.162784576416016,0.0,208.0,208.0,7.4848480224609375,0.99916015625,-0.1078133359551429,-0.0165932476520538,-0.0038678646087646,0.1091513245638853,8,P005,0.0,0.0,0.0,0.00341796875,0.0,0.25146484375,0.18603515625,0.0,0.0,0.0,0.0,0.0,0.00732421875,0.0,0.0,0.035888671875,1.86328125,0.0,0.0,0.0,0.0,0.032470703125,18.052001953125,0.0,0.0,0.0,2383,0.1091513245638853,1.0,0.8908486754361146
142.6958349609375,62.9068676869521,1644.2353901968954,4910,0.09576416015625,0.0,1.11474609375,4.910888671875,0.0,0.0,4.800048828125,0.0,7.919677734375,16.92822265625,0.0,0.017333984375,16.366455078125,0.1083984375,0.51025390625,0.0,0.005859375,0.145263671875,21.137939453125,0.0,0.025390625,0.0,0.0,6.376708984375,0.0,104.11288452148438,47.23933029174805,0.0,208.0,208.0,7.485048770904541,0.99915283203125,-0.0286764502525329,-0.0047458708286285,-0.0014684200286865,0.0291035796146912,9,P005,0.0,0.0,0.0,0.003173828125,0.0,0.2314453125,0.18408203125,0.0,0.0,0.0,0.0,0.0,0.0068359375,0.0,0.0,0.034912109375,1.82470703125,0.0,0.0,0.0,0.0,0.026611328125,17.321044921875,0.0,0.0,0.0,2839,0.0291035796146912,1.0,0.9708964203853088
143.2230517578125,62.97806990476097,1656.5476897884366,4890,0.0951806640625,0.0,1.10498046875,4.79443359375,0.0,0.0,4.7470703125,0.0,8.3486328125,16.68798828125,0.0,0.01611328125,16.60107421875,0.104736328125,0.478515625,0.0,0.006103515625,0.14111328125,21.202880859375,0.0,0.025634765625,0.0,0.0,6.702636718750001,0.0,103.7230453491211,47.26544189453125,0.0,208.0,208.0,7.487490653991699,0.99914794921875,-0.1247077882289886,-0.022489994764328,-0.0088165402412414,0.1270258386758033,10,P005,0.0,0.0,0.0,0.00341796875,0.0,0.2348632812499999,0.183837890625,0.0,0.0,0.0,0.0,0.0,0.0070800781249999,0.0,0.0,0.0322265625,1.8310546875,0.0,0.0,0.0,0.0,0.02587890625,16.7197265625,0.0,0.0,0.0,2344,0.1270258386758033,1.0,0.8729741613241967
147.828203125,59.03175987813934,1422.759213733077,4898,0.0817236328125,0.0,0.962646484375,5.067138671875,0.0,0.0,3.786865234375,0.0,7.585205078125,25.273681640625,0.0,0.016845703125,12.57373046875,0.099365234375,0.380859375,0.0,0.006591796875,0.138427734375,20.967041015625,0.0,0.0234375,0.0,0.0,3.8486328125,0.58984375,103.79476928710938,47.753456115722656,0.0,208.0,208.0,7.512718200683594,0.99925537109375,-0.0285075306892395,-0.0056025683879852,-0.002618134021759,0.0291705794302388,11,P005,0.0,0.0,0.0,0.002685546875,0.0,0.21337890625,0.176513671875,0.0,0.0,0.0,0.0,0.0,0.00634765625,0.0,0.0,0.030517578125,1.732666015625,0.0,0.0,0.0,0.0,0.0185546875,16.4990234375,0.0,0.0,0.0,2895,0.0291705794302388,1.0,0.9708294205697612
148.7203955078125,58.74077495757961,1346.898957829451,4926,0.07800048828125,0.0,0.906005859375,5.5751953125,0.0,0.0,3.458984375,0.0,6.694580078124999,28.64990234375,0.0,0.016845703125,11.62548828125,0.10205078125,0.383056640625,0.0,0.0068359375,0.13671875,19.578857421875,0.0,0.02197265625,0.0,0.0,3.510498046875,0.748046875,104.22531127929688,47.742557525634766,0.0,208.0,208.0,7.52089786529541,0.9993603515625,-0.0931633114814758,-0.0197347402572631,-0.0104022622108459,0.0957970231182541,12,P005,0.0,0.0,0.0,0.003173828125,0.0,0.210205078125,0.17724609375,0.0,0.0,0.0,0.0,0.0,0.00634765625,0.0,0.0,0.03125,1.702880859375,0.0,0.0,0.0,0.0,0.0166015625,16.437255859375,0.0,0.0,0.0,2420,0.0957970231182541,1.0,0.904202976881746
151.28973876953123,58.37227897984539,1209.3332152234022,4882,0.0700244140625,0.0,1.077880859375,6.52490234375,0.0,0.0,2.845703125,0.0,5.167236328125,33.600830078125,0.0,0.01611328125,9.80859375,0.101318359375,0.332763671875,0.0,0.00927734375,0.13232421875,18.94384765625,0.0,0.01904296875,0.0,0.0,2.3173828125,1.36279296875,105.65934753417967,48.02115631103516,0.0,208.0,208.0,7.533504486083984,0.9993359375,-0.115378588438034,-0.0281105637550354,-0.0176097154617309,0.120052174254456,13,P005,0.0,0.0,0.0,0.002685546875,0.0,0.19921875,0.171142578125,0.0,0.0,0.0,0.0,0.0,0.00634765625,0.0,0.0,0.031005859375,1.6298828125000002,0.0,0.0,0.0,0.0,0.010986328125,15.688720703125,0.0,0.0,0.0,2188,0.120052174254456,1.0,0.879947825745544
152.6100048828125,56.80700780916422,1158.2747115508078,4797,0.07044921875,0.0,2.01904296875,7.146484375000001,0.0,0.0,2.3798828125,0.0,4.02880859375,34.86865234375,0.0,0.01708984375,8.123046875,0.078369140625,0.268798828125,0.0,0.008544921875,0.12841796875,19.246826171875,0.0,2.13916015625,0.0,0.0,1.397216796875,2.051513671875,106.22476196289062,48.379302978515625,0.0,208.0,208.0,7.54206657409668,0.998603515625,-0.0340865850448608,-0.0091195702552795,-0.0062517523765563,0.0358349863881554,14,P005,0.031494140625,0.0,0.0,0.00341796875,0.0,0.183349609375,0.165283203125,0.0,0.0,0.0,0.0,0.0,0.00634765625,0.0,0.0,0.027099609375,1.547119140625,0.0,0.0,0.0,0.0,0.006103515625,14.106689453124998,0.021240234375,0.0,0.0,2696,0.0358349863881554,1.0,0.9641650136118444
151.97854736328125,56.44672012725116,1191.3023547553062,4791,0.07313232421875,0.0,2.63037109375,7.240966796874999,0.0,0.0,2.2802734375,0.0,3.82861328125,33.73486328125,0.0,0.0166015625,7.747314453125,0.06787109375,0.248291015625,0.0,0.00830078125,0.133056640625,19.745361328125,0.0,3.5954589843750004,0.0,0.0,1.20166015625,2.06884765625,106.13068389892578,48.552677154541016,0.0,208.0,208.0,7.541047096252441,0.9983642578125,-0.0757708549499511,-0.0215002447366714,-0.0154843926429748,0.0802698536133281,15,P005,0.07861328125,0.0,0.0,0.00341796875,0.0,0.177734375,0.160888671875,0.0,0.0,0.0,0.0,0.0,0.006103515625,0.0,0.0,0.025390625,1.51513671875,0.0,0.0,0.0,0.0,0.004150390625,13.453857421875002,0.02685546875,0.0,0.0,2237,0.0802698536133281,1.0,0.919730146386672
151.1396728515625,56.05657950457152,1163.8525950716437,4664,0.0735693359375,0.0,2.7841796875,7.005859374999999,0.0,0.0,2.196533203125,0.0,3.58056640625,32.310302734375,0.0,0.01611328125,6.958984375000001,0.048095703125,0.2021484374999999,0.0,0.009033203125,0.12939453125,21.970458984375,0.0,5.215087890625,0.0,0.0,0.789794921875,2.8642578125,103.62010955810548,48.96742630004883,0.0,208.0,208.0,7.529810905456543,0.99741455078125,-0.0150281190872192,-0.0044612437486648,-0.0033260583877563,0.0160252838815232,16,P005,0.120849609375,0.0,0.0,0.002685546875,0.0,0.16552734375,0.152587890625,0.0,0.0,0.0,0.0,0.0,0.005615234375,0.0,0.0,0.02392578125,1.448974609375,0.0,0.0,0.0,0.0,0.0029296875,11.954345703125,0.041748046875,0.0,0.0,2691,0.0160252838815232,1.0,0.9839747161184768
151.9133203125,55.35683720289968,1083.606498623079,4692,0.0706005859375,0.0,2.138671875,6.437011718750001,0.0,0.0,2.23828125,0.0,3.760498046875,31.820800781250004,0.0,0.015869140625,6.885498046874999,0.044677734375,0.221923828125,0.0,0.009033203125,0.13330078125,24.365966796875,0.0,4.08935546875,0.0,0.0,0.716064453125,3.5549316406250004,102.38916778564452,48.82956314086914,0.0,208.0,208.0,7.501419544219971,0.99685546875,-0.0175918340682983,-0.0053001046180725,-0.003994345664978,0.0188020885047482,17,P005,0.264892578125,0.0,0.0,0.002685546875,0.0,0.160888671875,0.143798828125,0.0,0.0,0.0,0.0,0.0,0.006103515625,0.0,0.0,0.0205078125,1.4375,0.0,0.0,0.0,0.0,0.00244140625,11.48046875,0.048828125,0.0,0.0,2653,0.0188020885047482,1.0,0.9811979114952518
152.6268310546875,55.32547563920151,1002.8592526852548,4684,0.0663623046875,0.0,1.223876953125,5.659423828125,0.0,0.0,2.259765625,0.0,4.02099609375,31.172607421875,0.0,0.014892578125,6.864257812500001,0.040283203125,0.28662109375,0.0,0.00830078125,0.134521484375,27.323974609375,0.0,2.838134765625,0.0,0.0,0.634033203125,4.072265625,100.7459945678711,48.77278137207031,0.0,208.0,208.0,7.478865623474121,0.99697998046875,-0.0098792910575866,-0.0030242949724197,-0.0023051500320434,0.0105858617292568,18,P005,0.36328125,0.0,0.0,0.003173828125,0.0,0.15771484375,0.1416015625,0.0,0.0,0.0,0.0,0.0,0.005859375,0.0,0.0,0.0205078125,1.440185546875,0.0,0.0,0.0,0.0,0.0029296875,11.2529296875,0.057861328125,0.0,0.0,2679,0.0105858617292568,1.0,0.9894141382707432
153.01779296875,55.328401455572646,959.0633809239328,4638,0.063291015625,0.0,0.772216796875,4.503173828125,0.0,0.0,2.35498046875,0.0,4.37158203125,30.536376953125,0.0,0.0146484375,6.91064453125,0.0380859375,0.800537109375,0.0,0.0078125,0.138427734375,29.850341796875,0.0,1.579345703125,0.0,0.0,0.571533203125,3.88671875,99.97669982910156,48.630619049072266,0.0,208.0,208.0,7.498257637023926,0.99703857421875,-0.0868949890136718,-0.0277608484029769,-0.0217811465263366,0.0937860446108106,19,P005,0.385498046875,0.0,0.0,0.002685546875,0.0,0.16015625,0.138427734375,0.0,0.0,0.0,0.0,0.0,0.00634765625,0.0,0.0,0.020263671875,1.472900390625,0.0,0.0,0.0,0.0,0.00244140625,11.4052734375,0.069580078125,0.0,0.0,2209,0.0937860446108106,1.0,0.9062139553891893
153.6753759765625,54.934831376322336,946.1878692511564,4576,0.06372314453125,0.0,0.764404296875,3.776611328125,0.0,0.0,2.278564453125,0.0,4.183837890625,28.475341796875,0.0,0.0141601562499999,6.293457031249999,0.033203125,1.8154296875,0.0,0.008056640625,0.1416015625,32.250244140625,0.0,2.787109375,0.0,0.0,0.258056640625,4.220947265625,96.56270599365234,48.14106750488281,0.0,208.0,208.0,7.506734371185303,0.997568359375,-0.106650710105896,-0.037086859345436,-0.0306531190872192,0.117001806874831,20,P005,0.36279296875,0.0,0.0,0.0029296875,0.0,0.15087890625,0.132568359375,0.0,0.0,0.0,0.0,0.0,0.00537109375,0.0,0.0,0.016845703125,1.453125,0.0,0.0,0.0,0.0,0.002685546875,10.48095703125,0.0908203125,0.0,0.0,1956,0.117001806874831,0.978,0.8609981931251689
153.603330078125,56.15027867741357,909.3127068366052,4539,0.06317626953125,0.0,0.7119140625,3.919921875,0.0,0.0,2.1865234375,0.0,3.730712890625,26.7685546875,0.0,0.013671875,5.5166015625,0.010986328125,1.164794921875,0.0,0.007568359375,0.14208984375,34.994384765625,0.0,4.072509765625,0.0,0.0,0.063232421875,4.58203125,94.59905242919922,47.544315338134766,0.0,208.0,208.0,7.508042335510254,0.99877685546875,-0.1016570925712585,-0.0384177863597869,-0.0332280397415161,0.113640632715114,21,P005,0.429443359375,0.0,0.0,0.00341796875,0.607666015625,0.1279296875,0.11865234375,0.0,0.0,0.0,0.0,0.0,0.004638671875,0.0,0.0,0.0107421875,1.373046875,0.0,0.0,0.0,0.0,0.002197265625,9.334716796875,0.10205078125,0.0,0.0,1917,0.113640632715114,0.9585,0.844859367284886
154.39531005859374,55.59636299347383,952.5136321315528,4466,0.0659130859375,0.0,1.58349609375,4.763671875,0.0,0.0,2.064453125,0.0,3.2744140625,25.940185546875,0.0,0.0139160156249999,4.830322265625,0.0,0.855224609375,0.0,0.0048828125,0.13671875,35.106201171875,0.0,4.9765625,0.0,0.0,0.02197265625,5.0576171875,95.45382690429688,47.703250885009766,0.0,208.0,208.0,7.507725715637207,0.9994189453125,-0.0721679925918579,-0.0290687531232833,-0.0259537696838378,0.0820171306720892,22,P005,0.527099609375,0.0,0.0,0.001953125,1.6638183593750002,0.101806640625,0.093505859375,0.0,0.0,0.0,0.0,0.0,0.00537109375,0.0,0.0,0.002685546875,1.20166015625,0.0,0.0,0.0,0.0,0.002197265625,7.672851562499999,0.097412109375,0.0,0.0,2053,0.0820171306720892,1.0,0.9179828693279108
156.0975146484375,52.85572706407003,1037.6628067858155,4510,0.06911376953125,0.0,3.093017578125,5.5595703125,0.0,0.0,1.971923828125,0.0,2.938720703125,26.138427734375004,0.0,0.013427734375,4.5048828125,0.0,0.76513671875,0.0,0.003173828125,0.13525390625,33.365966796875,0.0,5.052490234375,0.0,0.0,0.008056640625,5.298583984375,96.65478515625,47.985008239746094,0.0,208.0,208.0,7.507380962371826,0.99886474609375,-0.1053396463394165,-0.045098952949047,-0.0414385795593261,0.1218503694040699,23,P005,0.453369140625,0.0,0.0,0.04736328125,2.88037109375,0.069091796875,0.084228515625,0.0,0.0,0.0,0.0,0.0,0.005126953125,0.0,0.0,0.0,1.08251953125,0.0,0.0,0.0,0.0,0.002197265625,6.437744140625,0.08935546875,0.0,0.0,1951,0.1218503694040699,0.9755,0.85364963059593
157.1932666015625,50.40791889841474,1003.633124705738,4506,0.0663720703125,0.358642578125,2.6572265625,5.833984375,0.0,0.0,1.952392578125,0.0,2.526123046875,26.5302734375,0.0,0.013427734375,4.14501953125,0.0,1.03125,0.0,0.0,0.136474609375,32.0263671875,0.0,4.721923828125,0.0,0.0,0.005615234375,8.08056640625,97.1192855834961,47.99763870239258,0.0,208.0,208.0,7.5302042961120605,0.9987646484375,-0.0511261224746704,-0.0230135335586965,-0.0216341018676757,0.06009606883793,24,P005,0.3837890625,0.0,0.0,0.034912109375,2.96435546875,0.048828125,0.05859375,0.0,0.0,0.0,0.0,0.0,0.05078125,0.0,0.0,0.0,0.96044921875,0.0,0.0,0.0,0.0,0.002197265625,5.392822265625,0.083984375,0.0,0.0,2158,0.06009606883793,1.0,0.93990393116207
154.40432373046875,53.48974863777824,1065.5582545454445,4534,0.06724853515625,1.678955078125,2.25439453125,5.729248046875,0.0,0.0,2.133056640625,0.0,2.4072265625,26.19873046875,0.0,0.012451171875,5.527099609375,0.0,0.948974609375,0.0,0.0,0.141357421875,31.5859375,0.0,3.349609375,0.0,0.0,0.010986328125,8.800048828125,97.65803527832033,47.857215881347656,0.0,208.0,208.0,7.538374900817871,0.99894287109375,-0.0325630903244018,-0.0150273130275309,-0.0142903327941894,0.038605551410014,25,P005,0.347412109375,0.0,0.0,0.02978515625,2.765869140625,0.043701171875,0.0458984375,0.0,0.00244140625,0.0,0.0,0.0,0.043212890625,0.0,0.0,0.0,0.907958984375,0.0,0.0,0.0,0.0,0.002685546875,4.95068359375,0.082275390625,0.0,0.0,2256,0.038605551410014,1.0,0.961394448589986
153.45105224609375,53.96701006546917,1119.950266631699,4554,0.06767822265625,1.914794921875,2.12353515625,5.515625,0.0,0.0,2.333740234375,0.0,2.43994140625,28.207763671875004,0.0,0.01318359375,6.899169921874999,0.0,0.8017578125000001,0.0,0.0,0.14501953125,29.645263671875,0.0,1.5920410156249998,0.0,0.0,0.001220703125,9.4755859375,97.5057601928711,48.03193283081055,0.0,208.0,208.0,7.541111946105957,0.99894287109375,-0.0672732591629028,-0.0319221504032611,-0.0307757854461669,0.0805721046926045,26,P005,0.314453125,0.0,0.0,0.0263671875,2.45947265625,0.0419921875,0.039306640625,0.0,0.02294921875,0.217041015625,0.0,0.0,0.036865234375,0.0,0.0,0.0,0.90087890625,0.0,0.0,0.0,0.0,0.002197265625,4.74072265625,0.089111328125,0.0,0.0,2026,0.0805721046926045,1.0,0.9194278953073955
156.4866259765625,55.14990709671342,1062.2465402619778,4603,0.06491943359375,2.463623046875,1.871337890625,5.185791015625,0.0,0.0,2.490966796875,0.0,2.7783203125,35.12548828125,0.0,0.013671875,6.6923828125,0.0,0.620849609375,0.407470703125,0.0,0.153564453125,23.628173828125,0.0,0.38330078125,0.0,0.0,0.000244140625,10.0498046875,97.41248321533205,48.35717010498047,0.0,208.0,208.0,7.535889625549316,0.9990283203125,-0.027327537536621,-0.0132828876376152,-0.0129719972610473,0.0330378892296339,27,P005,0.345458984375,0.0,0.0,0.02001953125,2.05908203125,0.035400390625,0.0244140625,0.0,0.0166015625,0.175537109375,0.0,0.0,0.030029296875,0.0,0.0,0.0,0.8696289062499999,0.0,0.0,0.0,0.0,0.00244140625,4.46142578125,0.094970703125,0.0,0.0,2227,0.0330378892296339,1.0,0.966962110770366
157.0922119140625,58.18197122204797,1060.095755994582,4596,0.0635888671875,3.488037109375,1.734619140625,5.06982421875,0.0,0.0,2.660888671875,0.0,3.130126953125,35.374267578125,0.0,0.013671875,6.584960937500001,0.0,0.581787109375,0.39453125,0.0,0.16748046875,21.902587890625,0.0,0.0126953125,0.0,0.0,0.0,10.9228515625,98.19287109375,48.28096389770508,0.0,208.0,208.0,7.546565532684326,0.9990625,-0.006677508354187,-0.0032708756625652,-0.0032093524932861,0.0080986226511895,28,P005,0.6357421875,0.0,0.0,0.020751953125,1.79052734375,0.03515625,0.018310546875,0.0,0.01123046875,0.147216796875,0.0,0.0,0.0263671875,0.0,0.0,0.0,0.868408203125,0.0,0.0,0.0,0.0,0.002685546875,4.3046875,0.1005859375,0.0,0.0,2394,0.0080986226511895,1.0,0.9919013773488105
156.74428466796874,60.02687929658624,1087.9073312973444,4549,0.06496826171875,4.1220703125,1.643798828125,5.0888671875,0.0,0.0927734375,2.855224609375,0.0,3.441650390625,32.978271484375,0.0,0.014404296875,6.5595703125,0.0,0.60400390625,0.3271484375,0.0,0.18115234375,21.80078125,0.0,0.0,0.0,0.0,0.0,12.419921875,98.93824005126952,48.24150085449219,0.0,208.0,208.0,7.549370765686035,0.99872802734375,-0.0828735828399658,-0.0408823192119598,-0.0406469106674194,0.1009532867403852,29,P005,0.7851562499999999,0.0,0.0078125,0.0185546875,1.6110839843749998,0.0390625,0.018310546875,0.0,0.0107421875,0.124755859375,0.0,0.0,0.026123046875,0.0,0.0,0.0,0.8879394531249999,0.0,0.0,0.0,0.0,0.002685546875,4.232421875,0.105712890625,0.0,0.0,2031,0.1009532867403852,1.0,0.8990467132596148
161.900205078125,58.64293404024536,1007.4366293211938,4500,0.06201171875,3.349365234375,1.42431640625,4.826171875,0.0,0.38720703125,2.951171875,0.0,3.72998046875,37.7607421875,0.0,0.015625,5.50439453125,0.0,0.4919433593749999,0.543701171875,0.0,0.19482421875,16.2646484375,0.0,0.0,0.0,0.0,0.0,14.9482421875,99.4862289428711,48.05418014526367,0.0,208.0,208.0,7.543903350830078,0.9989208984375,-0.0285577774047851,-0.018039546906948,-0.0205261707305908,0.0395258850346276,30,P005,0.654296875,0.040771484375,0.239501953125,0.15478515625,1.377197265625,0.030517578125,0.00390625,0.0,0.00146484375,0.10302734375,0.0,0.0,0.020263671875,0.0,0.0,0.0,0.852783203125,0.0,0.0,0.0,0.0,0.002685546875,4.021484375,0.10498046875,0.0,0.0,2391,0.0395258850346276,1.0,0.9604741149653724
164.0693017578125,58.38889415752141,959.218951006359,4308,0.05948974609375,3.15283203125,1.40869140625,4.671875,0.0,0.347900390625,2.9931640625,0.0,4.007568359375,39.34326171875,0.0,0.015625,4.988525390625,0.0,0.448486328125,0.8166503906250001,0.0,0.200439453125,14.08642578125,0.0,0.0,0.0,0.0,0.0,15.333251953124998,99.723388671875,47.83921432495117,0.0,208.0,208.0,7.540738105773926,0.999033203125,0.0669995546340942,0.0231002196669578,0.030397891998291,0.0771141511511891,31,P005,1.0712890625,0.3564453125,0.2104492187499999,0.13671875,1.3134765625,0.0278320312499999,0.00146484375,0.0,0.000732421875,0.0966796875,0.0,0.0,0.01953125,0.0,0.0,0.0,0.849853515625,0.0,0.0,0.0,0.0,0.003173828125,3.98974609375,0.10791015625,0.0,0.0,2204,0.0771141511511891,1.0,0.9228858488488108
161.53763916015626,59.40148261621557,1001.8947602681874,4440,0.06106201171875,3.665283203125,1.59912109375,4.81298828125,0.0,0.399658203125,2.9833984375,0.0,4.08740234375,36.07177734375,0.0,0.015380859375,5.121337890625,0.0,0.5498046875,0.648681640625,0.0,0.211181640625,17.504150390625,0.0,0.0,0.0,0.0,0.0,14.292480468749998,99.2041015625,48.07445907592773,0.0,208.0,208.0,7.537631034851074,0.99895263671875,0.0852432250976562,0.0295196548104286,0.0423794984817504,0.0996686477120124,32,P005,0.7041015625,0.134033203125,0.23828125,0.158203125,1.42041015625,0.034912109375,0.004638671875,0.0,0.003662109375,0.10400390625,0.0,0.0,0.021240234375,0.0,0.0,0.0,0.8984374999999999,0.0,0.0,0.0,0.0,0.003173828125,4.19482421875,0.1174316406249999,0.0,0.0,2035,0.0996686477120124,1.0,0.9003313522879876
157.4350244140625,59.91431134507416,1061.3788505466223,4468,0.0640869140625,4.15576171875,1.8349609375,5.052001953125,0.0,0.235107421875,2.876953125,0.0,4.066162109375,29.58251953125,0.0,0.0166015625,5.72509765625,0.0,0.7197265625,0.341064453125,0.0,0.2080078125,23.735595703125,0.0,0.0,0.0,0.0,0.0,13.206787109375002,99.86939239501952,48.20800018310547,0.0,208.0,208.0,7.5490641593933105,0.998671875,0.0585881471633911,0.0255041494965553,0.0332876443862915,0.0720492879796186,33,P005,0.734130859375,0.0,0.203369140625,0.018310546875,1.57763671875,0.0380859375,0.013671875,0.0,0.013427734375,0.1164550781249999,0.0,0.0,0.025390625,0.0,0.0,0.0,0.946533203125,0.0,0.0,0.0,0.0,0.003173828125,4.427978515625,0.12548828125,0.0,0.0,2145,0.0720492879796186,1.0,0.9279507120203814
154.06356689453125,60.90822149012203,1147.3636562148097,4564,0.06771728515625,4.626953125,1.940185546875,5.33349609375,0.0,0.06689453125,2.862548828125,0.0,3.843505859375,22.25048828125,0.0,0.015625,6.692138671875,0.0,0.884033203125,0.339111328125,0.0,0.195556640625,29.900634765625,0.0,0.0,0.0,0.0,0.0,12.62890625,99.70034790039062,47.96025085449219,0.0,208.0,208.0,7.549650192260742,0.99892333984375,0.0273034572601318,0.0123550780117511,0.0155913829803466,0.0337819175635745,34,P005,0.80810546875,0.0,0.0,0.020263671875,1.703369140625,0.041015625,0.02685546875,0.0,0.026123046875,0.128173828125,0.0,0.0,0.0278320312499999,0.0,0.0,0.0,0.9677734375,0.0,0.0,0.0,0.0,0.0029296875,4.545166015625,0.122314453125,0.0,0.0,2379,0.0337819175635745,1.0,0.9662180824364256
150.16403564453125,61.558473091826826,1212.019760558105,4596,0.07114990234375,5.048828125,1.946533203125,5.559326171875,0.0,0.0,2.8125,0.0,3.49755859375,22.73779296875,0.0,0.015380859375,7.629150390625,0.0,0.987548828125,0.378662109375,0.0,0.1865234375,28.65673828125,0.0,0.0,0.0,0.0,0.0009765625,12.128173828125,99.851318359375,47.93561172485352,0.0,208.0,208.0,7.55098819732666,0.99896728515625,0.0871597528457641,0.0289736548438668,0.040589690208435,0.1004182161879155,35,P005,0.6708984375,0.0,0.0,0.021240234375,1.7995605468749998,0.0390625,0.0322265625,0.0,0.033935546875,0.141357421875,0.0,0.0,0.02978515625,0.0,0.0,0.0,0.957275390625,0.0,0.0,0.0,0.0,0.003173828125,4.572509765625,0.1132812499999999,0.0,0.0,2088,0.1004182161879155,1.0,0.8995817838120844
142.055927734375,61.69245268095322,1359.5016687628688,4631,0.07754638671875,5.5927734375,2.248291015625,5.964599609375,0.0,0.0,2.6865234375,0.0,3.20458984375,22.803955078125,0.0,0.01611328125,9.249267578125,0.0,1.3544921875,0.2841796875,0.0,0.174560546875,27.274414062500004,0.0,0.0,0.0,0.0,0.00048828125,10.380126953125,99.48013305664062,48.11321640014648,0.0,208.0,208.0,7.554146289825439,0.99894287109375,0.0092297792434692,0.0019441223703324,0.0033682584762573,0.0100156678178183,36,P005,0.309326171875,0.0,0.0,0.024169921875,2.13037109375,0.04541015625,0.047119140625,0.0,0.06103515625,0.177490234375,0.0,0.0,0.033447265625,0.0,0.0,0.0,0.980224609375,0.0,0.0,0.0,0.0,0.0029296875,4.846435546875,0.107666015625,0.0,0.0,2499,0.0100156678178183,1.0,0.9899843321821816
143.02865478515625,60.54882203883084,1373.392646003628,4621,0.077333984375,4.417236328125,2.36669921875,5.97607421875,0.0,0.0,2.54833984375,0.0,2.84912109375,22.9365234375,0.0,0.013671875,9.80419921875,0.0,1.35302734375,0.0,0.0,0.165283203125,28.404541015625,0.0,0.064208984375,0.0,0.0,0.001220703125,9.9833984375,98.86146545410156,48.04689407348633,0.0,208.0,208.0,7.552130699157715,0.99888916015625,0.0615308284759521,0.0097964857704937,0.0197888612747192,0.0653728767681108,37,P005,0.312744140625,0.0,0.0,0.024169921875,2.37109375,0.044921875,0.045654296875,0.0,0.075439453125,0.204833984375,0.0,0.0,0.0361328125,0.0,0.0,0.0,0.9599609375,0.0,0.0,0.0,0.0,0.00244140625,4.937255859375,0.101806640625,0.0,0.0,2136,0.0653728767681108,1.0,0.9346271232318892
147.826103515625,56.05252880645671,1299.117051750368,4590,0.0770263671875,1.990234375,2.923583984375,6.0771484375,0.0,0.0,2.4462890625,0.0,2.95703125,24.14990234375,0.0,0.0141601562499999,8.99267578125,0.0,1.617919921875,0.0,0.0,0.15185546875,29.257568359375004,0.0,0.0029296875,0.0,0.0,0.0078125,9.572265625,98.12411499023438,48.24530029296875,0.0,208.0,208.0,7.545435905456543,0.998837890625,0.1567388176918029,0.0145334238186478,0.0403175354003906,0.1624924030226596,38,P005,0.338623046875,0.0,0.0,0.030517578125,2.90869140625,0.0478515625,0.048095703125,0.0,0.04833984375,0.0,0.0,0.0,0.04052734375,0.0,0.0,0.0,0.975341796875,0.0,0.0,0.0,0.0,0.00244140625,5.29833984375,0.099853515625,0.0,0.0,1684,0.1624924030226596,0.842,0.6795075969773403
149.344169921875,52.83495869726255,1411.5459947552622,4552,0.083095703125,0.0,4.145751953125,6.381591796875,0.0,0.0,2.489501953125,0.0,3.66162109375,23.49658203125,0.0,0.0139160156249999,9.096923828125,0.00341796875,1.901611328125,0.0,0.0,0.151611328125,29.154296875000004,0.0,0.0,0.0,0.0,0.229248046875,7.619384765624999,99.34019470214844,48.824363708496094,0.0,208.0,208.0,7.541940212249756,0.998623046875,0.1272186040878296,0.0118330754339694,0.0279737710952758,0.130794215352105,39,P005,0.38818359375,0.0,0.0,0.0380859375,3.743408203125,0.056396484375,0.052490234375,0.0,0.013671875,0.0,0.0,0.0,0.0546875,0.0,0.0,0.0,1.033935546875,0.0,0.0,0.0,0.0,0.002685546875,6.175537109375,0.095458984375,0.0,0.0,1851,0.130794215352105,0.9255,0.7947057846478949
148.0223974609375,53.48362671396494,1378.141163652128,4558,0.0807470703125,0.0,3.641845703125,6.3076171875,0.0,0.0,2.6845703125,0.0,4.522216796875,21.978515625,0.0,0.01318359375,9.44140625,0.02197265625,0.505126953125,0.0,0.0,0.15576171875,30.423828125000004,0.0,0.0,0.0,0.0,0.4443359375,6.744140625,98.82588958740234,49.041263580322266,0.0,208.0,208.0,7.5220537185668945,0.9983837890625,0.1859750151634216,0.0239142999053001,0.032114565372467,0.1902365509413425,40,P005,0.4226074218749999,0.0,0.0,0.045166015625,4.33203125,0.06201171875,0.052490234375,0.0,0.002197265625,0.0,0.0,0.0,0.0654296875,0.0,0.0,0.0,1.101806640625,0.0,0.0,0.0,0.0,0.00439453125,6.941162109375,0.086181640625,0.0,0.0,1688,0.1902365509413425,0.844,0.6537634490586575
145.9712255859375,54.2832214592505,1376.64850718326,4540,0.08109130859375,0.0,3.2685546875,6.4013671875,0.0,0.0,2.564208984375,0.0,6.197998046875,20.528564453125,0.0,0.014404296875,9.370849609375,0.031005859375,0.325927734375,0.0,0.00048828125,0.161865234375,29.479736328125,0.0,0.0,0.0,0.0,0.455810546875,6.46533203125,99.3382339477539,49.38171005249024,0.0,208.0,208.0,7.518120288848877,0.99845703125,0.2057191431522369,0.0317093282938003,0.0285694003105163,0.2101001142175727,41,P005,0.473388671875,0.0,0.0,0.054443359375,4.523681640625,0.076416015625,0.072509765625,0.0,0.0,0.0,0.0,0.0,0.085693359375,0.0,0.0,0.0,1.2119140625,0.0,0.0,0.0,0.0,0.00244140625,8.188232421875,0.045166015625,0.0,0.0,1626,0.2101001142175727,0.813,0.6028998857824273
142.53549560546875,55.59885959535664,1377.772268059915,4622,0.0828564453125,0.0,3.056884765625,6.774169921875001,0.0,0.0,2.465087890625,0.0,7.38330078125,19.709228515625,0.0,0.0146484375,9.413818359375,0.070068359375,0.506591796875,0.0,0.00341796875,0.17333984375,27.061279296875,0.0,0.0,0.0,0.0,0.377685546875,7.401123046874999,103.94639587402344,49.972774505615234,0.0,208.0,208.0,7.5375165939331055,0.99665283203125,0.1480606198310852,0.027113951742649,0.0148871541023254,0.1512572010885241,42,P005,0.54296875,0.0,0.0,0.071044921875,3.525146484375,0.1015625,0.095703125,0.0,0.0,0.0,0.0,0.0,0.01220703125,0.0,0.0,0.0,1.364990234375,0.0,0.0,0.0,0.0,0.005126953125,9.862060546875,0.008544921875,0.0,0.0,1851,0.1512572010885241,0.9255,0.7742427989114758
138.99152099609375,56.8559689475253,1412.4341295288502,4611,0.0865576171875,0.0,3.2353515625000004,7.380615234375,0.0,0.0,2.499267578125,0.0,7.78515625,19.77197265625,0.0,0.016845703125,9.53271484375,0.08837890625,0.755859375,0.0,0.00390625,0.171630859375,23.822998046875,0.0,0.0,0.0,0.0,0.331787109375,8.221923828125,108.4150390625,49.56196975708008,0.0,208.0,208.0,7.55301570892334,0.99736083984375,0.2288194969296455,0.0507118552923202,0.0113617777824401,0.2346468504725832,43,P005,0.616455078125,0.0,0.0,0.0859375,2.65380859375,0.151611328125,0.110595703125,0.0,0.0,0.0,0.0,0.0,0.0070800781249999,0.0,0.0,0.009765625,1.487548828125,0.0,0.0,0.0,0.0,0.00390625,11.245361328125,0.009521484375,0.0,0.0,1643,0.2346468504725832,0.8215,0.5868531495274167
133.564833984375,59.06644394629424,1458.352227239609,4660,0.08930419921875,0.0,2.835205078125,7.98779296875,0.0,0.0,2.686767578125,0.0,8.23486328125,19.944580078125,0.0,0.016845703125,9.97314453125,0.1279296875,1.285888671875,0.0,0.00146484375,0.169189453125,19.3388671875,0.0,0.007568359375,0.0,0.0,0.41455078125,9.039794921875,109.05775451660156,48.75681686401367,0.0,208.0,208.0,7.536255836486816,0.9985400390625,0.1711727157235145,0.0459794998168945,-0.0021384954452514,0.1772534517981082,44,P005,0.6220703125,0.0,0.0,0.00341796875,0.919677734375,0.2043457031249999,0.158447265625,0.0,0.0,0.0,0.0,0.0,0.008544921875,0.0,0.0,0.0205078125,1.682373046875,0.0,0.0,0.0,0.0,0.00537109375,14.310546875,0.000244140625,0.0,0.0,1772,0.1772534517981082,0.886,0.7087465482018918
130.8002685546875,61.18892674158661,1458.812191748023,4667,0.08770751953125,0.0,2.02978515625,8.296142578125,0.0,0.0,2.986328125,0.0,8.549072265625,19.978759765625,0.0,0.018310546875,10.53515625,0.167236328125,0.138427734375,0.0,0.0,0.16357421875,17.509033203125,0.0,0.013427734375,0.0,0.0,0.538330078125,8.5673828125,109.36151123046876,48.0246467590332,0.0,208.0,208.0,7.5273823738098145,0.99822021484375,0.2516088634729385,0.0797251909971237,-0.01995050907135,0.264690666760046,45,P005,0.515380859375,0.0,0.0,0.00341796875,0.0,0.242431640625,0.17041015625,0.0,0.0,0.0,0.0,0.0,0.009033203125,0.0,0.0,0.029296875,1.812744140625,0.0,0.0,0.0,0.0,0.00830078125,17.718017578125,0.0,0.0,0.0,1681,0.264690666760046,0.8405,0.5758093332399541
134.11397216796874,62.44226752391784,1394.0298463887634,4701,0.0852685546875,0.0,1.5283203125,6.305908203125001,0.0,0.0,3.84423828125,0.0,8.179443359375,19.839599609375,0.0,0.01953125,11.09765625,0.18994140625,0.201171875,0.0,0.004638671875,0.15966796875,15.17236328125,0.0,0.0322265625,0.0,0.0,0.842041015625,4.48828125,106.60122680664062,46.64115905761719,0.0,208.0,208.0,7.475069522857666,0.9991748046875,0.3430574238300323,0.1097080111503601,-0.0376843810081481,0.3621385871837372,46,P005,0.333740234375,0.0,0.0,0.00341796875,0.0,0.298583984375,0.19775390625,0.0,0.0,0.0,0.0,0.0,0.009765625,0.0,0.0,0.03662109375,2.037841796875,0.0,0.0,0.0,0.0,0.041748046875,25.135498046875,0.0,0.0,0.0,1512,0.3621385871837372,0.756,0.3938614128162627
152.61787353515626,61.44170153780704,1357.4227220560963,4751,0.083369140625,0.0,1.99365234375,4.325927734375,0.0,0.0,5.90185546875,0.0,6.634521484375,30.081787109375004,0.0,0.020751953125,11.312744140625,0.214111328125,0.360107421875,0.0,0.012939453125,0.156005859375,11.60888671875,0.0,0.04052734375,0.0,0.0,1.275634765625,0.0,97.88883972167967,46.54624176025391,0.0,208.0,208.0,7.496628761291504,0.99923095703125,0.3373364210128784,0.0845973193645477,-0.0247878432273864,0.3486646018128464,47,P005,0.0,0.0,0.0,0.006103515625,0.0,0.44482421875,0.236328125,0.0,0.0,0.0,0.0,0.0,0.013427734375,0.0,0.0,0.05224609375,2.4462890625,0.0,0.0,0.0,0.0,0.11767578125,22.74365234375,0.0,0.0,0.0,1552,0.3486646018128464,0.776,0.4273353981871536
172.72220947265626,63.14937101407819,1495.932760192776,4860,0.0893994140625,0.0,2.7490234375,2.7275390625,0.0,0.0,7.892822265625001,0.0,4.461669921875,55.228515625,0.0,0.023681640625,10.9306640625,0.249267578125,0.83154296875,0.0,0.016357421875,0.1225585937499999,8.22802734375,0.0,0.0830078125,0.0,0.0,1.404296875,0.0,101.0227279663086,48.59385681152344,0.0,208.0,208.0,7.555672645568848,0.9981689453125,0.2644945383071899,0.0391857922077178,0.0001614093780517,0.2673815871713446,48,P005,0.0,0.0,0.0,0.0078125,0.0,0.677001953125,0.2783203125,0.0,0.0,0.0,0.0,0.0,0.015869140625,0.0,0.0,0.06640625,2.993896484375,0.0,0.0,0.0,0.0,0.381591796875,0.630126953125,0.0,0.0,0.0,1534,0.2673815871713446,0.767,0.4996184128286554
172.95354736328125,62.89224778856799,1481.9202913865984,4770,0.08845947265625,0.0,2.781005859375,2.999267578125,0.0,0.0,8.3486328125,0.0,1.693603515625,62.123046875,0.0,0.024658203125,8.954833984375,0.29541015625,0.016845703125,0.0,0.018310546875,0.087890625,6.457275390625,0.0,0.10400390625,0.0,0.0,1.047607421875,0.0,98.84286499023438,48.449127197265625,0.0,208.0,208.0,7.538695335388184,0.99851806640625,0.2003339529037475,0.0169870257377624,0.0094052553176879,0.2012727268087935,49,P005,0.0,0.0,0.0,0.008056640625,0.0,1.006103515625,0.320068359375,0.0,0.0,0.0,0.0,0.0,0.0205078125,0.0,0.0,0.07861328125,3.49658203125,0.0,0.0,0.0,0.0,0.11767578125,0.0,0.0,0.0,0.0,1675,0.2012727268087935,0.8375,0.6362272731912064
178.80057373046876,59.72086397490508,1270.099422433847,4851,0.0774658203125,0.0,2.95361328125,3.3125,0.0,0.0,7.466064453125,0.0,0.020751953125,66.968505859375,0.0,0.0278320312499999,5.17626953125,0.343994140625,0.023193359375,0.0,0.01708984375,0.123779296875,7.083984375000001,0.0,0.130615234375,0.0,0.0,0.50732421875,0.0,97.9138412475586,48.72933197021485,0.0,208.0,208.0,7.558050155639648,0.99862548828125,0.1714351177215576,0.0079694986343383,0.0126548409461975,0.1720861920552041,50,P005,0.0,0.0,0.0,0.010986328125,0.0,1.397705078125,0.3603515625,0.0,0.0,0.0,0.0,0.0,0.025634765625,0.0,0.0,0.09130859375,3.940185546875,0.0,0.0,0.0,0.0,0.018310546875,0.0,0.0,0.0,0.0,1729,0.1720861920552041,0.8645,0.6924138079447959
173.54714111328124,63.03023757693207,1443.9199485175552,4884,0.0854052734375,0.0,2.709228515625,3.683837890625,0.0,0.0,8.7099609375,0.0,0.02734375,62.90673828125,0.0,0.0280761718749999,7.556640625,0.401123046875,0.032470703125,0.0,0.017333984375,0.23388671875,5.981689453125,0.0,0.153564453125,0.0,0.0,0.926025390625,0.0,97.24556732177734,49.09531784057617,0.0,208.0,208.0,7.559022903442383,0.9984814453125,0.0953172445297241,0.0022193789482116,0.0084779858589172,0.0957192717893266,51,P005,0.0,0.0,0.0,0.011962890625,0.0,1.69287109375,0.39306640625,0.0,0.0,0.0,0.0,0.0,0.033935546875,0.0,0.0,0.10546875,4.37109375,0.0,0.0,0.0,0.0,0.023681640625,0.0,0.0,0.0,0.0,2156,0.0957192717893266,1.0,0.9042807282106732
168.313505859375,66.44737586974053,1618.1644216443958,4857,0.09435791015625,0.0,2.536376953125,3.9287109375,0.0,0.0,10.80712890625,0.0,0.02734375,58.062255859375,0.0,0.029052734375,9.78466796875,0.436279296875,0.037841796875,0.0,0.015869140625,0.26513671875,5.45068359375,0.0,0.171875,0.0,0.0,1.1376953125,0.0,97.9397201538086,49.29795455932617,0.0,208.0,208.0,7.559391975402832,0.9984423828125,0.1645863056182861,0.0006812810897827,0.0162802934646606,0.1653909432112129,52,P005,0.0,0.0,0.0,0.00927734375,0.0,2.041015625,0.417724609375,0.0,0.0,0.0,0.0,0.0,0.037109375,0.0,0.0,0.112060546875,4.6630859375,0.0,0.0,0.0,0.0,0.02880859375,0.0,0.0,0.0,0.0,1950,0.1653909432112129,0.975,0.809609056788787
163.97215576171874,67.12955192602017,1604.998045731777,4888,0.0978125,0.0,1.818115234375,4.470458984375,0.0,0.0,13.279541015624998,0.0,0.02880859375,53.5126953125,0.0,0.02978515625,10.15771484375,0.4912109375,0.05078125,0.0,0.01123046875,0.279052734375,5.212890625,0.0,0.200927734375,0.0,0.0,1.367919921875,0.0,98.32732391357422,49.42820739746094,0.0,208.0,208.0,7.56139326095581,0.99827392578125,0.0874969959259033,-0.0007780194282531,0.0087093114852905,0.0879328250247658,53,P005,0.0,0.0,0.0,0.012939453125,0.0,3.078125,0.453857421875,0.0,0.0,0.0,0.0234375,0.0,0.0505371093749999,0.0673828125,0.0,0.1220703125,5.239501953125,0.0,0.0,0.0,0.0,0.041015625,0.0,0.0,0.0,0.0,2184,0.0879328250247658,1.0,0.9120671749752342
161.11435791015626,67.94517353960455,1533.4574851856169,4863,0.09500732421875,0.0,0.95361328125,4.921142578125,0.0,0.0,12.51513671875,0.0,0.0283203124999999,52.846923828125,0.0,0.030517578125,10.234619140625,0.49951171875,0.0546875,0.0,0.0107421875,0.293701171875,5.607177734375,0.0,0.213134765625,0.0,0.0,1.630126953125,0.0,98.36373138427734,49.44911956787109,0.0,208.0,208.0,7.56146240234375,0.998515625,0.1174311637878418,-0.0007817149162292,-0.00482839345932,0.1175329855409756,54,P005,0.0,0.0,0.0,0.01318359375,0.0,3.621337890625,0.46435546875,0.0,0.0,0.0,0.040771484375,0.0,0.06103515625,0.124267578125,0.0,0.12548828125,5.661376953125,0.0,0.0,0.0,0.0,0.048828125,0.0,0.0,0.0,0.0,2001,0.1175329855409756,1.0,0.8824670144590243
156.3837109375,67.08578530609292,1399.0286694304407,4805,0.091875,0.0,0.010986328125,4.883056640625,0.0,0.0,11.2041015625,0.0,0.03076171875,52.032470703125,0.0,0.02978515625,10.075439453125,0.500732421875,0.0556640624999999,0.0,0.007568359375,0.282958984375,6.628662109375,0.0,0.2307128906249999,0.0,0.0,2.121337890625,0.0,97.9546127319336,49.443115234375,0.0,208.0,208.0,7.557343006134033,0.99812744140625,0.0444416999816894,0.0021520853042602,-0.0302717685699462,0.0538152036210186,55,P005,0.0,0.0,0.0,0.012939453125,0.0,4.38818359375,0.481201171875,0.0,0.0,0.0,0.07861328125,0.0,0.073974609375,0.25341796875,0.0,0.1259765625,6.4287109375,0.0,0.0,0.0,0.0,0.062744140625,0.0,0.0,0.0,0.0,2251,0.0538152036210186,1.0,0.9461847963789812
152.98306396484375,66.14337029049516,1396.6400467559754,4824,0.08678466796875,0.0,0.02294921875,3.4245605468750004,0.0,0.0,10.500732421875,0.0,0.0283203124999999,51.85791015625,0.0,0.03076171875,10.13037109375,0.46728515625,0.0505371093749999,0.0,0.01220703125,0.272705078125,8.6103515625,0.0,0.2294921875,0.0,0.0,2.480712890625,0.0,97.605712890625,49.29813003540039,0.0,208.0,208.0,7.551833152770996,0.9977587890625,0.0569405555725097,0.0060132145881652,-0.06229168176651,0.08460874207722,56,P005,0.0,0.0,0.0,0.0126953125,0.0,3.54296875,0.482666015625,0.0,0.0,0.0,0.10546875,0.0,0.081298828125,0.349853515625,0.0,0.1225585937499999,7.111572265625001,0.0,0.0,0.0,0.0,0.072021484375,0.0,0.0,0.0,0.0,2046,0.08460874207722,1.0,0.91539125792278
149.9267333984375,64.75589231132827,1354.5346761703497,4824,0.0871484375,0.0,0.0566406249999999,1.5751953125,0.0,0.0,9.968994140625,0.0,0.026611328125,51.688232421875,0.0,0.03076171875,9.981201171875,0.4475097656249999,0.04833984375,0.0,0.021484375,0.26025390625,11.122802734375,0.0,0.241943359375,0.0,0.0,2.50390625,0.0,96.73804473876952,49.54584884643555,0.0,208.0,208.0,7.543985366821289,0.9980126953125,0.002387523651123,0.0002837777137756,-0.0027024745941162,0.0036172044326179,57,P005,0.0,0.0,0.0,0.011962890625,0.0,2.5,0.497314453125,0.0,0.0,0.0,0.158447265625,0.0,0.092041015625,0.520751953125,0.0,0.1235351562499999,8.04296875,0.0,0.0,0.0,0.0,0.0791015625,0.0,0.0,0.0,0.0,2866,0.0036172044326179,1.0,0.996382795567382
148.89008544921876,64.60235838065286,1388.277860345459,4849,0.09018798828125,0.0,0.0341796875,0.974853515625,0.0,0.0,10.08837890625,0.0,0.025634765625,49.969482421875,0.0,0.029541015625,10.448974609375,0.43994140625,0.047607421875,0.0,0.023193359375,0.24951171875,12.0244140625,0.0,0.2431640625,0.0,0.0,3.17626953125,0.0,96.26797485351562,48.9986457824707,0.0,208.0,208.0,7.52155876159668,0.9978857421875,0.0398542881011962,0.0048121809959411,-0.0441713333129882,0.0596877546288848,58,P005,0.0,0.0,0.0,0.01318359375,0.0,2.318603515625,0.501953125,0.0,0.0,0.0,0.173828125,0.0,0.091064453125,0.5654296875,0.0,0.122314453125,8.3603515625,0.0,0.0,0.0,0.0,0.078125,0.0,0.0,0.0,0.0,2280,0.0596877546288848,1.0,0.9403122453711152
146.75994384765625,63.75769793057936,1418.0327049678804,4778,0.09007568359375,0.0,0.0,0.456298828125,0.0,0.0,10.19775390625,0.0,0.024169921875,48.915771484375,0.0,0.029541015625,10.772216796875,0.441162109375,0.046142578125,0.0,0.027099609375,0.247314453125,13.2744140625,0.0,0.259765625,0.0,0.0,2.84619140625,0.0,96.17443084716795,48.98366165161133,0.0,208.0,208.0,7.521549224853516,0.9976708984375,0.09196138381958,0.0110841393470764,-0.0995633602142334,0.1359875617702837,59,P005,0.0,0.0,0.0,0.013427734375,0.0,1.943603515625,0.521484375,0.0,0.0,0.0,0.222900390625,0.0,0.097900390625,0.726806640625,0.0,0.128173828125,8.723876953125,0.0,0.0,0.0,0.0,0.083984375,0.0,0.0,0.0,0.0,1860,0.1359875617702837,0.93,0.7940124382297163
143.3864111328125,63.24232350518818,1367.481352536678,4713,0.087392578125,0.0,0.0,0.312255859375,0.0,0.0,9.93701171875,0.0,0.021240234375,48.5322265625,0.0,0.0322265625,10.445556640625,0.446533203125,0.040771484375,0.0,0.04931640625,0.250732421875,16.209228515625,0.0,0.300048828125,0.0,0.0,1.296875,0.0,97.2000961303711,48.965457916259766,0.0,208.0,208.0,7.511303901672363,0.9984912109375,0.1400628089904785,0.0155549645423889,-0.1503214836120605,0.2060487704878367,60,P005,0.0,0.0,0.0,0.0141601562499999,0.0,1.240966796875,0.561279296875,0.0,0.0,0.0,0.276123046875,0.0,0.119873046875,1.15087890625,0.0,0.136962890625,8.521728515625,0.0,0.0,0.0,0.0,0.10400390625,0.0,0.0,0.0,0.0,1546,0.2060487704878367,0.773,0.5669512295121633
139.3332568359375,62.6252491452633,1179.938856849074,4526,0.07843994140625,0.0,0.0,0.451904296875,0.0,0.0,9.0107421875,0.0,0.015869140625,47.299072265625,0.0,0.03369140625,8.180908203125,0.4501953125,0.02734375,0.0,0.081298828125,0.227294921875,21.902587890625,0.0,0.368896484375,0.0,0.0,0.036376953125,0.0,99.5160140991211,49.700462341308594,0.0,208.0,208.0,7.535711288452148,0.99652587890625,0.1194705963134765,0.010313868522644,-0.1292816400527954,0.1763330420600195,61,P005,0.0,0.0,0.0,0.01611328125,0.0,0.958740234375,0.637451171875,0.0,0.0,0.0,0.0,0.0,0.166015625,1.906005859375,0.0,0.15234375,7.9208984375,0.0,0.0,0.0,0.0,0.15625,0.0,0.0,0.0,0.0,1606,0.1763330420600195,0.803,0.6266669579399805
141.4809326171875,59.399144208683474,1031.6036900408208,4391,0.0700732421875,0.0,0.0,0.599365234375,0.0,0.0,7.970703125,0.0,0.018310546875,45.90380859375,0.0,0.037109375,5.17041015625,0.432861328125,0.017822265625,0.0,0.1005859375,0.148681640625,28.43017578125,0.0,0.44287109375,0.0,0.0,0.015625,0.0,103.21710968017578,49.85021209716797,0.0,208.0,208.0,7.550477981567383,0.99832275390625,0.0833284854888916,0.002403974533081,-0.0932540893554687,0.1250829355625533,62,P005,0.0,0.0,0.0,0.01806640625,0.0,0.38037109375,0.724609375,0.0,0.0,0.0,0.0,0.0,0.01611328125,2.11767578125,0.0,0.164794921875,7.2734375,0.0,0.0,0.0,0.0,0.0166015625,0.0,0.0,0.0,0.0,1537,0.1250829355625533,0.7685,0.6434170644374466
141.9852783203125,57.887859229399496,858.4400520492554,4125,0.061630859375,0.0,0.0,0.720703125,0.0,0.0,6.083251953125,0.0,0.019775390625,45.310302734375,0.0,0.039306640625,3.6826171875,0.408203125,0.018798828125,0.0,0.113037109375,0.13671875,33.039306640625,0.0,0.502197265625,0.0,0.0,0.005126953125,0.0,104.39063262939452,49.66716766357422,0.0,208.0,208.0,7.572977066040039,0.9980908203125,0.0600268840789794,-0.0141646862030029,-0.0830988883972168,0.1034857014292983,63,P005,0.0,0.0,0.0,0.018310546875,0.0,0.443603515625,0.785400390625,0.0,0.0,0.0,0.0,0.0,0.018798828125,1.697265625,0.0,0.169677734375,6.78759765625,0.0,0.0,0.0,0.0,0.0,0.0,0.0,0.0,0.0,1445,0.1034857014292983,0.7225,0.6190142985707017
140.56984619140624,56.79520027986395,713.9465610637129,3888,0.05337158203125,0.0,0.0,0.82568359375,0.0,0.0,4.45849609375,0.0,0.023193359375,45.402587890625,0.0,0.04052734375,2.377685546875,0.380859375,0.018310546875,0.0,0.11962890625,0.0869140625,36.656494140625,0.0,0.524658203125,0.0,0.0,0.000732421875,0.0,103.83102416992188,49.65006256103516,0.0,208.0,208.0,7.563668251037598,0.99842529296875,0.0055150985717773,-0.0295727252960205,-0.0464640855789184,0.0553522686289854,64,P005,0.0,0.0,0.0,0.018310546875,0.0,0.428466796875,0.81884765625,0.0,0.0,0.0,0.0,0.0,0.02001953125,1.23828125,0.0,0.16748046875,6.392822265625001,0.0,0.0,0.0,0.0,0.0,0.0,0.0,0.0,0.0,1619,0.0553522686289854,0.8095,0.7541477313710145
137.3161669921875,57.127475281056654,648.257428637451,3793,0.04900390625,0.0,0.0,0.857177734375,0.0,0.0,3.5986328125,0.0,0.026123046875,45.20654296875,0.0,0.040771484375,1.776611328125,0.35595703125,0.0185546875,0.0,0.1220703125,0.07421875,38.705322265625,0.0,0.49169921875,0.0,0.0,0.000732421875,0.0,104.4479751586914,49.77150344848633,0.0,208.0,208.0,7.560713768005371,0.9985888671875,-0.0069105625152587,-0.0199954509735107,-0.0236839056015014,0.0317569097749167,65,P005,0.0,0.0,0.0,0.018798828125,0.0,0.40380859375,0.79541015625,0.0,0.0,0.0,0.0,0.0,0.015869140625,1.1591796875,0.0,0.15625,6.17626953125,0.0,0.0,0.0,0.0,0.0,0.0,0.0,0.0,0.0,1825,0.0317569097749167,0.9125,0.8807430902250832
134.498037109375,57.32669808675425,630.0804782866476,3842,0.04868408203125,0.0,0.0,0.87109375,0.0,0.0,3.3649902343750004,0.0,0.0278320312499999,44.5029296875,0.0,0.041015625,1.6328125,0.33984375,0.0166015625,0.0,0.120849609375,0.065673828125,40.078857421875,0.0,0.4638671875,0.0,0.0,0.001220703125,0.0,105.12322235107422,49.80792999267578,0.0,208.0,208.0,7.565560340881348,0.9985791015625,-0.0348985195159912,-0.0763825178146362,-0.0999529361724853,0.1305480185280962,66,P005,0.0,0.0,0.0,0.01904296875,0.0,0.3920898437499999,0.7817382812500001,0.0,0.0,0.0,0.0,0.0,0.015625,1.115966796875,0.0,0.149658203125,5.998291015625,0.0,0.0,0.0,0.0,0.0,0.0,0.0,0.0,0.0,1307,0.1305480185280962,0.6535,0.5229519814719037
128.203212890625,57.58533276993551,600.1636189248503,3664,0.0447021484375,0.0,0.0,2.01318359375,0.0,0.0,3.3251953125,0.0,0.031005859375,40.627197265625,0.0,0.040283203125,1.4404296875,0.281005859375,0.015380859375,0.0,0.1113281249999999,0.036865234375,44.755126953125,0.0,0.3837890625,0.0,0.0,0.00146484375,0.0,106.35733032226562,49.4916877746582,0.0,208.0,208.0,7.563541412353516,0.99797607421875,-0.0308468341827392,-0.0633230507373809,-0.0859626531600952,0.1111346645835995,67,P005,0.0,0.0,0.0,0.019287109375,0.0,0.3564453125,0.748291015625,0.0,0.0,0.0,0.0,0.0,0.01513671875,0.454345703125,0.0,0.125732421875,5.218505859375,0.0,0.0,0.0,0.0,0.0,0.0,0.0,0.0,0.0,1371,0.1111346645835995,0.6855,0.5743653354164004
121.62610107421877,57.64701227557531,565.0072411102057,3505,0.04096435546875,0.0,0.0,4.84619140625,0.0,0.0,3.04736328125,0.0,0.036865234375,35.349365234375,0.0,0.04248046875,1.22021484375,0.2329101562499999,0.01318359375,0.0,0.10205078125,0.055419921875,48.688720703125,0.0,0.339599609375,0.0,0.0,0.000244140625,0.0,105.61219024658205,49.20542144775391,0.0,208.0,208.0,7.555858612060547,0.9974560546875,-0.0113937854766845,-0.023001492023468,-0.0301078557968139,0.0395647565830514,68,P005,0.0,0.0,0.0,0.015625,0.0,0.32666015625,0.743408203125,0.0,0.0,0.0,0.0,0.0,0.01171875,0.064697265625,0.0,0.109619140625,4.5859375,0.167724609375,0.0,0.0,0.0,0.0,0.0,0.0,0.0,0.0,1639,0.0395647565830514,0.8195,0.7799352434169485
118.28259521484377,57.77864621806402,559.7686041552961,3468,0.03928955078125,0.0,0.0,6.05126953125,0.0,0.0,2.817626953125,0.0,0.037109375,32.753173828125,0.0,0.0419921875,1.168701171875,0.215576171875,0.01220703125,0.0,0.0981445312499999,0.0566406249999999,50.374755859375,0.0,0.31884765625,0.0,0.0,0.0,0.0,105.27334594726562,49.23198318481445,0.0,208.0,208.0,7.555339813232422,0.99745361328125,-0.0324969291687011,-0.0651125907897949,-0.0778758525848388,0.1065849346792051,69,P005,0.0,0.0,0.0,0.015625,0.0,0.314453125,0.739501953125,0.0,0.0,0.0,0.0,0.0,0.01513671875,0.0,0.0,0.092041015625,4.3046875,0.572509765625,0.0,0.0,0.0,0.0,0.0,0.0,0.0,0.0,1342,0.1065849346792051,0.671,0.5644150653207949
108.30468505859376,58.8325975351907,547.397992499137,3263,0.038466796875,0.0,0.0,9.940185546875,0.0,0.0,2.763427734375,0.0,0.039794921875,25.6044921875,0.0,0.04150390625,0.973388671875,0.176513671875,0.01123046875,0.0,0.082763671875,0.019775390625,52.6455078125,0.0,0.261962890625,0.0,0.0,0.0,0.0,103.75218963623048,49.306339263916016,0.0,208.0,208.0,7.542742729187012,0.9966357421875,-0.0635304450988769,-0.1191114038228988,-0.0959339141845703,0.1656108688036374,70,P005,0.0,0.0,0.0,0.01025390625,0.0,0.294921875,0.7216796875,0.0,0.0,0.0,0.0,0.0,0.010986328125,0.0,0.0,0.07470703125,4.037841796875,2.2890625,0.0,0.0,0.0,0.0,0.0,0.0,0.0,0.0,1142,0.1656108688036374,0.571,0.4053891311963625
96.5403271484375,58.094442738022806,513.4516650115013,3093,0.032841796875,0.0,0.0,10.7197265625,0.0,0.0,2.795654296875,0.0,0.044189453125,19.212646484375,0.0,0.041748046875,0.765380859375,0.140625,0.011474609375,0.0,0.05908203125,0.01171875,54.852294921875,0.0,0.1376953125,0.0,0.0,0.0,0.0,101.59935760498048,49.42198944091797,0.0,208.0,208.0,7.532524108886719,0.99838623046875,-0.0700058937072753,-0.0908020809292793,-0.0431032180786132,0.1224897157461565,71,P005,0.0,0.0,0.0,0.005859375,0.0,0.276611328125,0.654541015625,0.0,0.0,0.0,0.0,0.0,0.0068359375,0.0,0.0,0.045654296875,3.82666015625,6.3916015625,0.0,0.0,0.0,0.0,0.0,0.0,0.0,0.0,1084,0.1224897157461565,0.542,0.4195102842538435
90.84222900390624,57.48648642504067,479.4925340595005,2784,0.02763671875,0.0,0.0,9.532958984375,0.0,0.0,2.852294921875,0.0,0.0439453125,17.09521484375,0.0,0.040283203125,0.693359375,0.127197265625,0.010009765625,0.0,0.03515625,0.02880859375,55.47265625,0.0,0.0302734375,0.0,0.0,0.00048828125,0.0,101.37101745605467,49.1898078918457,0.0,208.0,208.0,7.52822732925415,0.99851318359375,-0.0442087650299072,-0.0357597321271896,-0.0154411792755126,0.0589203136846404,72,P005,0.0,0.0,0.0,0.00537109375,0.0,0.0771484375,0.498779296875,0.0,0.0,0.0,0.0,0.0,0.0078125,0.0,0.0,0.02001953125,3.319580078125,10.108642578125,0.0,0.0,0.0,0.0,0.0,0.0,0.0,0.0,1321,0.0589203136846404,0.6605,0.6015796863153595
89.14726318359375,56.7868267468145,468.1778066919089,2710,0.0274267578125,0.0,0.0,9.579345703125,0.0,0.0,2.716796875,0.0,0.043701171875,16.7705078125,0.0,0.040771484375,0.676025390625,0.1042480468749999,0.010986328125,0.0,0.019775390625,0.037841796875,55.71362304687501,0.0,0.01220703125,0.0,0.0,0.0,0.0,101.5007553100586,49.50180435180664,0.0,208.0,208.0,7.531148433685303,0.9985546875,-0.0724337100982666,-0.0439501926302909,-0.0192265510559082,0.0868787779399828,73,P005,0.0,0.0,0.0,0.006103515625,0.0,0.00634765625,0.43115234375,0.0,0.0,0.0,0.0,0.0,0.0068359375,0.0,0.0,0.0009765625,2.79248046875,11.0302734375,0.0,0.0,0.0,0.0,0.0,0.0,0.0,0.0,1329,0.0868787779399828,0.6645,0.5776212220600171
88.93091552734376,55.869407886512846,458.3357126975061,2633,0.0283642578125,0.0,0.0,10.081298828125,0.0,0.0,2.50439453125,0.0,0.04248046875,16.37158203125,0.0,0.038818359375,0.658447265625,0.078369140625,0.010986328125,0.0,0.002197265625,0.044189453125,56.7275390625,0.0,0.0,0.0,0.0,0.0,0.0,96.68495178222656,49.199649810791016,0.0,208.0,208.0,7.492161750793457,0.9984716796875,-0.0642704963684082,-0.0328404998872429,-0.0147557258605957,0.0736676766428711,74,P005,0.0,0.0,0.0,0.00634765625,0.0,0.0,0.327880859375,0.0,0.0,0.0,0.0,0.0,0.006591796875,0.0,0.0,0.0,2.144287109375,10.95458984375,0.0,0.0,0.0,0.0,0.0,0.0,0.0,0.0,1309,0.0736676766428711,0.6545,0.5808323233571288
89.8077197265625,55.43779982457995,438.9539780610801,2553,0.02755126953125,0.0,0.0,10.073974609375,0.0,0.0,2.357666015625,0.0,0.042236328125,16.044921875,0.0,0.037353515625,0.61083984375,0.0612792968749999,0.0107421875,0.0,0.0,0.051025390625,58.09619140625,0.0,0.0,0.0,0.0,0.0,0.0,96.0189971923828,48.99906921386719,0.0,208.0,208.0,7.486764907836914,0.9985693359375,-0.1021063327789306,-0.0469942071940749,-0.0217111110687255,0.1144793913645592,75,P005,0.0,0.0,0.0,0.006591796875,0.0,0.0,0.248291015625,0.0,0.0,0.0,0.0,0.0,0.006103515625,0.0,0.0,0.0,1.697998046875,10.65478515625,0.0,0.0,0.0,0.0,0.0,0.0,0.0,0.0,1202,0.1144793913645592,0.601,0.4865206086354408
91.48869873046876,54.728687072572434,428.8103947180747,2319,0.0264990234375,0.0,0.0,9.86865234375,0.0,0.0,2.229248046875,0.0,0.040771484375,15.401123046875002,0.0,0.03759765625,0.603515625,0.04248046875,0.010498046875,0.0,0.0,0.0556640624999999,60.09033203125001,0.0,0.0,0.0,0.0,0.0,0.0,95.6393051147461,48.49493408203125,0.0,208.0,208.0,7.525573253631592,0.99900390625,-0.0257542133331298,-0.0112594999372959,-0.00529146194458,0.0286016680065563,76,P005,0.0,0.0,0.0,0.006103515625,0.0,0.0,0.156494140625,0.0,0.0,0.0,0.0,0.0,0.005859375,0.0,0.0,0.0,1.190185546875,10.261474609375,0.0,0.0,0.0,0.0,0.0,0.0,0.0,0.0,1295,0.0286016680065563,0.6475,0.6188983319934436
93.27050537109376,54.42812570143816,422.076276854986,2270,0.02598876953125,0.0,0.0,8.2548828125,0.0,0.0,2.187744140625,0.0,0.041015625,15.295166015625,0.0,0.038330078125,0.60546875,0.039306640625,0.010498046875,0.0,0.0,0.057373046875,61.67578124999999,0.0,0.0,0.0,0.0,0.0,0.0,96.1004867553711,48.48648071289063,0.0,208.0,208.0,7.532036304473877,0.99904296875,-0.039445161819458,-0.0169485099613666,-0.007986307144165,0.0436686830883954,77,P005,0.0,0.0,0.0,0.006103515625,0.0,0.0,0.143310546875,0.0,0.0,0.0,0.0,0.0,0.0068359375,0.0,0.0,0.0,1.068359375,10.56982421875,0.0,0.0,0.0,0.0,0.0,0.0,0.0,0.0,1234,0.0436686830883954,0.617,0.5733313169116045
95.46936767578126,54.06932827308752,415.2409567783117,2221,0.026875,0.0,0.0,6.4189453125,0.0,0.0,2.103271484375,0.0,0.043212890625,15.115234375,0.0,0.037109375,0.62841796875,0.03466796875,0.009521484375,0.0,0.0,0.058837890625,63.58715820312501,0.0,0.0,0.0,0.0,0.0,0.0,96.45295715332033,48.44878005981445,0.0,208.0,208.0,7.542169094085693,0.99876708984375,-0.1107900142669677,-0.0461895912885665,-0.021728515625,0.1219837448021072,78,P005,0.0,0.0,0.0,0.0068359375,0.0,0.0,0.1235351562499999,0.0,0.0,0.0,0.0,0.0,0.0068359375,0.0,0.0,0.0,0.91015625,10.916259765625,0.0,0.0,0.0,0.0,0.0,0.0,0.0,0.0,1058,0.1219837448021072,0.529,0.4070162551978928
99.3320068359375,53.41595445563249,416.830390022254,2204,0.02741455078125,0.0,0.0,5.3955078125,0.0,0.0,1.923095703125,0.0,0.041015625,14.575439453125,0.0,0.0380859375,0.633056640625,0.020263671875,0.005859375,0.0,0.0,0.06103515625,66.2197265625,0.0,0.0,0.0,0.0,0.0,0.0,97.21691131591795,48.48055648803711,0.0,208.0,208.0,7.54669713973999,0.9986376953125,-0.1935123205184936,-0.0773060023784637,-0.0356009006500244,0.2114016563872766,79,P005,0.0,0.0,0.0,0.00634765625,0.0,0.0,0.080322265625,0.0,0.0,0.0,0.0,0.0,0.0029296875,0.0,0.0,0.0,0.5869140625,10.410400390625,0.0,0.0,0.0,0.0,0.0,0.0,0.0,0.0,908,0.2114016563872766,0.454,0.2425983436127234
107.46745849609376,53.59216907868477,414.3528039908409,1980,0.02632568359375,0.0,0.0,5.61474609375,0.0,0.0,1.840576171875,0.0,0.031982421875,13.636962890625002,0.0,0.03759765625,0.63134765625,0.00634765625,0.001220703125,0.0,0.0,0.043701171875,69.317138671875,0.0,0.0,0.0,0.0,0.0,0.0,98.86449432373048,48.634559631347656,0.0,208.0,208.0,7.553782939910889,0.99853515625,-0.1503951549530029,-0.0579693764448165,-0.0254487991333007,0.1631771816647956,80,P005,0.0,0.0,0.0,0.00244140625,0.0,0.0,0.040771484375,0.0,0.0,0.0,0.0,0.0,0.0,0.0,0.0,0.0,0.21826171875,8.576904296875,0.0,0.0,0.0,0.0,0.0,0.0,0.0,0.0,814,0.1631771816647956,0.407,0.2438228183352043
116.53327392578124,54.15620759045299,403.3356926540374,1857,0.02749755859375,0.0,0.0,5.326904296875,0.0,0.0,2.01708984375,0.0,0.025146484375,13.060791015625,0.0,0.03515625,0.656005859375,0.00244140625,0.0,0.0,0.0,0.02099609375,71.860595703125,0.0,0.0,0.0,0.0,0.0,0.0,100.2591781616211,48.92569351196289,0.0,208.0,208.0,7.567914962768555,0.9984033203125,-0.1894960403442382,-0.0708038806915283,-0.0286226272583007,0.2043066166777106,81,P005,0.0,0.0,0.0,0.0,0.0,0.0,0.0244140625,0.0,0.0,0.0,0.0,0.0,0.0,0.0,0.0,0.0,0.083251953125,6.887207031250001,0.0,0.0,0.0,0.0,0.0,0.0,0.0,0.0,727,0.2043066166777106,0.3635,0.1591933833222893
127.96766845703124,56.21048878889218,393.5092718724967,1724,0.0279345703125,0.0,0.0,4.828369140625,0.0,0.0,1.963134765625,0.0,0.018798828125,12.404296875,0.0,0.026611328125,0.706787109375,0.000244140625,0.0,0.0,0.0,0.00244140625,74.16259765625,0.0,0.0,0.0,0.0,0.0,0.0,101.22025299072266,49.23992538452149,0.0,208.0,208.0,7.570976734161377,0.99823486328125,-0.2098779678344726,-0.0753064751625061,-0.0252366065979003,0.2244030144545885,82,P005,0.0,0.0,0.0,0.0,0.0,0.515625,0.009765625,0.0,0.0,0.0,0.0,0.0,0.0,0.0,0.0,0.0,0.020263671875,5.341064453125,0.0,0.0,0.0,0.0,0.0,0.0,0.0,0.0,629,0.2244030144545885,0.3145,0.0900969855454114
139.6035791015625,59.32685341410041,381.7799182240904,1665,0.02544189453125,0.0,0.0,5.596923828125,0.0,0.0,1.377685546875,0.0,0.015625,11.180908203125,0.0,0.0146484375,0.6044921875,0.0,0.0,0.0,0.0,0.00732421875,76.1943359375,0.0,0.0,0.0,0.0,0.0,0.0,100.99085235595705,49.16498565673828,0.0,208.0,208.0,7.568268775939941,0.99818359375,-0.190948486328125,-0.065739095211029,-0.0161030292510986,0.2025888956019767,83,P005,0.0,0.0,0.0,0.0,0.0,0.87548828125,0.00146484375,0.0,0.0,0.0,0.0,0.0,0.0,0.0,0.0,0.0,0.0,4.131103515625,0.0,0.0,0.0,0.0,0.0,0.0,0.0,0.0,644,0.2025888956019767,0.322,0.1194111043980233
149.94025390625,61.451440907304764,362.5643409779012,1612,0.02114013671875,0.0,0.0,6.735839843749999,0.0,0.0,0.85888671875,0.0,0.012939453125,9.634033203125,0.0,0.007568359375,0.549072265625,0.0,0.0,0.0,0.0,0.003173828125,78.075439453125,0.0,0.0,0.0,0.0,0.0,0.0,101.00440216064452,48.96451568603516,0.0,208.0,208.0,7.561237335205078,0.9982275390625,-0.1038860082626342,-0.0348955988883972,-0.0061147212982177,0.1097606275085875,84,P005,0.0,0.0,0.0,0.0,0.0,0.8232421875,0.0,0.0,0.0,0.0,0.0,0.0,0.0,0.0,0.0,0.0,0.0,3.2998046875,0.0,0.0,0.0,0.0,0.0,0.0,0.0,0.0,680,0.1097606275085875,0.34,0.2302393724914124
157.89848388671874,61.09258850115711,341.3358868774831,1442,0.01965087890625,0.0,0.0,5.572998046875,0.0,0.0,0.69677734375,0.0,0.0126953125,9.338134765625,0.0,0.00439453125,0.57275390625,0.0,0.0,0.0,0.0,0.012939453125,80.263916015625,0.0,0.0,0.0,0.0,0.0,0.0,101.12875366210938,48.85932540893555,0.0,208.0,208.0,7.558579921722412,0.99824951171875,-0.1682413220405578,-0.0559328198432922,-0.0061550140380859,0.1774021053296322,85,P005,0.0,0.0,0.0,0.0,0.0,0.741943359375,0.0,0.0,0.0,0.0,0.0,0.0,0.0,0.0,0.0,0.0,0.0,2.783447265625,0.0,0.0,0.0,0.0,0.0,0.0,0.0,0.0,551,0.1774021053296322,0.2755,0.0980978946703678
165.7377392578125,59.60396644505125,300.7092957210541,1188,0.01505615234375,0.0,0.0,4.85205078125,0.0,0.0,0.500244140625,0.0,0.01025390625,23.041259765625,0.0,0.00048828125,0.49853515625,0.0,0.0,0.0,0.0,0.022705078125,63.995849609375,0.0,0.0,0.0,0.0,4.0087890625,0.0,99.98043060302734,48.62326431274414,0.0,208.0,208.0,7.555177688598633,0.99840087890625,-0.1182523369789123,-0.0406067371368408,-0.0017697811126708,0.1250426104456456,86,P005,0.0,0.0,0.0,0.0,0.0,0.637451171875,0.0,0.0,0.0,0.0,0.0,0.0,0.0,0.0,0.0,0.0,0.0,2.432373046875,0.0,0.0,0.0,0.0,0.0,0.0,0.0,0.0,471,0.1250426104456456,0.2355,0.1104573895543543
171.40176025390625,59.37658145366877,274.33389075889585,978,0.01576416015625,0.0,0.0,4.402099609375,0.0,0.0,0.390380859375,0.0,0.00830078125,21.330078125,0.0,0.0,0.4597167968749999,0.0,0.0,0.0,0.0,0.01953125,51.90185546875,0.0,0.0,0.0,0.0,18.524658203125,0.0,97.72705078125,48.32765579223633,0.0,208.0,208.0,7.552814483642578,0.9987158203125,-0.0697133541107177,-0.0200144052505493,0.0007414817810058,0.0725332885931081,87,P005,0.0,0.0,0.0,0.0,0.0,0.596923828125,0.036376953125,0.0,0.0,0.0,0.0,0.0,0.0,0.0,0.0,0.0,0.0,2.330078125,0.0,0.0,0.0,0.0,0.0,0.0,0.0,0.0,478,0.0725332885931081,0.239,0.1664667114068918
171.53727783203124,60.09794196907184,359.6374223594129,1277,0.0189892578125,0.0,0.0,5.47802734375,0.0,0.0,0.367431640625,0.0,0.008056640625,19.52197265625,0.0,0.0,0.86083984375,0.0,0.0,0.0,0.0,0.00146484375,46.680419921875,0.0,0.0,0.0,0.0,24.2216796875,0.0,97.53250885009766,48.21461486816406,0.0,208.0,208.0,7.549509048461914,0.99862548828125,0.0154095292091369,0.0074001550674438,0.0004060268402099,0.0170991445184965,88,P005,0.0,0.0,0.0,0.0,0.0,0.5654296875,0.093505859375,0.0,0.0,0.0,0.0,0.0,0.0,0.0,0.0,0.0,0.0,2.201171875,0.0,0.0,0.0,0.0,0.0,0.0,0.0,0.0,607,0.0170991445184965,0.3035,0.2864008554815034
169.0183544921875,61.242570539745806,442.0277563473642,1233,0.01924072265625,0.0,0.0,7.41455078125,0.0,0.0,0.365234375,0.0,0.0078125,18.567138671875,0.0,0.0,1.0048828125,0.0,0.0,0.0,0.0,0.004638671875,48.06494140625,0.0,0.0,0.0,0.0,21.955078125,0.0,98.4238510131836,48.33629608154297,0.0,208.0,208.0,7.554226875305176,0.99866943359375,0.0301339030265808,0.0141636729240417,0.000589370727539,0.0333017882428119,89,P005,0.0,0.0,0.0,0.0,0.0,0.587890625,0.002197265625,0.0,0.0,0.0,0.0,0.0,0.0,0.0,0.0,0.0,0.0,2.025634765625,0.0,0.0,0.0,0.0,0.0,0.0,0.0,0.0,564,0.0333017882428119,0.282,0.248698211757188
166.2587060546875,62.64027188636382,441.6389100511312,1269,0.01816162109375,0.0,0.0,9.48779296875,0.0,0.0,0.356201171875,0.0,0.008056640625,17.658935546875,0.0,0.0,1.068115234375,0.0,0.0,0.0,0.0,0.012939453125,50.248046875,0.0,0.0,0.0,0.0,18.643798828125,0.0,99.42333984375,48.45167541503906,0.0,208.0,208.0,7.557766914367676,0.99870361328125,0.0675381422042846,0.0314901471138,0.0009129047393798,0.0745242471462686,90,P005,0.0,0.0,0.0,0.0,0.0,0.613037109375,0.0,0.0,0.0,0.0,0.0,0.0,0.0,0.0,0.0,0.0,0.0,1.903076171875,0.0,0.0,0.0,0.0,0.0,0.0,0.0,0.0,488,0.0745242471462686,0.244,0.1694757528537313
163.77234619140626,63.900786192264704,462.5601365084111,1113,0.0181005859375,0.0,0.0,10.361083984375,0.0,0.09423828125,0.401611328125,0.0,0.010986328125,18.412841796875,0.0,0.00146484375,0.982421875,0.0,0.0,0.0,0.0,0.033447265625,56.142822265625,0.0,0.0,0.0,0.0,11.064208984375,0.0,101.18531036376952,48.58546829223633,0.0,208.0,208.0,7.561697006225586,0.9985693359375,0.0270006656646728,0.0125322937965393,0.0003077983856201,0.0297689279952169,91,P005,0.0,0.0,0.0,0.0,0.0,0.572021484375,0.0,0.0,0.0,0.0,0.0,0.0,0.0,0.0,0.0,0.0,0.0,1.9228515625,0.0,0.0,0.0,0.0,0.0,0.0,0.0,0.0,534,0.0297689279952169,0.267,0.237231072004783
161.50777587890624,65.20889100347357,578.6453852057457,1246,0.02121337890625,0.0,0.0,10.420654296875,0.0,0.571533203125,0.433349609375,0.0,0.009765625,19.509521484375,0.0,0.002685546875,1.880126953125,0.0,0.0,0.0,0.0,0.036865234375,57.85595703125001,0.0,0.0,0.0,0.0,6.839599609374999,0.0,102.19059753417967,48.52191162109375,0.0,208.0,208.0,7.561214447021484,0.9985498046875,0.1095256805419921,0.0504881143569946,0.0011804103851318,0.1206081164689542,92,P005,0.0,0.0,0.0,0.0,0.0,0.537353515625,0.0,0.0,0.0,0.0,0.0,0.0,0.0,0.0,0.0,0.0,0.0,1.902587890625,0.0,0.0,0.0,0.0,0.0,0.0,0.0,0.0,433,0.1206081164689542,0.2165,0.0958918835310458
160.05000732421874,64.93794003813511,365.959031724906,1008,0.01449951171875,0.0,0.0,10.566162109375,0.0,0.742919921875,0.4758300781249999,0.0,0.0126953125,13.011474609375002,0.0,0.008056640625,0.56494140625,0.0,0.0,0.0,0.0,0.021728515625,72.032470703125,0.0,0.0,0.0,0.0,0.0,0.0,103.47628784179688,48.34649658203125,0.0,208.0,208.0,7.543363094329834,0.99855224609375,0.11768639087677,0.0535935461521148,0.0013239383697509,0.1293217212983405,93,P005,0.0,0.0,0.0,0.0,0.0,0.45654296875,0.0,0.0,0.0,0.0,0.0,0.0,0.0,0.0,0.0,0.0,0.0,2.107177734375,0.0,0.0,0.0,0.0,0.0,0.0,0.0,0.0,416,0.1293217212983405,0.208,0.0786782787016594
154.929365234375,65.4415241046244,357.51587386312485,1007,0.01668212890625,0.0,0.0,11.121337890625,0.0,0.63037109375,0.43603515625,0.0,0.01611328125,7.823730468749999,0.0,0.015625,0.516357421875,0.0,0.0,0.0,0.0,0.001953125,77.067626953125,0.0,0.0,0.0,0.0,0.0,0.0,103.87969970703124,48.4910774230957,0.0,208.0,208.0,7.548850059509277,0.9984814453125,0.0940316915512085,0.0422265231609344,0.0012097358703613,0.1030849248683753,94,P005,0.0,0.0,0.0,0.0,0.0,0.0,0.000732421875,0.0,0.0,0.0,0.0,0.0,0.0,0.0,0.0,0.0,0.0,2.3701171875,0.0,0.0,0.0,0.0,0.0,0.0,0.0,0.0,456,0.1030849248683753,0.228,0.1249150751316246
148.93966552734375,64.68612800390922,349.84197749497883,927,0.01546875,0.0,0.0,11.81201171875,0.0,0.2043457031249999,0.37060546875,0.0,0.01806640625,7.8779296875,0.0,0.022705078125,0.43505859375,0.0,0.0,0.0,0.0,0.001708984375,76.638671875,0.0,0.0,0.0,0.0,0.0,0.0,103.7835922241211,48.583587646484375,0.0,208.0,208.0,7.550922870635986,0.99845703125,0.1203389167785644,0.0529791414737701,0.001896858215332,0.1314984501575022,95,P005,0.0,0.0,0.0,0.0,0.0,0.0,0.004150390625,0.0,0.0,0.0,0.0,0.0,0.0,0.0,0.0,0.0,0.0,2.61474609375,0.0,0.0,0.0,0.0,0.0,0.0,0.0,0.0,461,0.1314984501575022,0.2305,0.0990015498424978
141.6266845703125,62.976569271368845,348.1344335292815,1001,0.01512939453125,0.0,0.0,11.67333984375,0.0,0.0,0.331298828125,0.0,0.021484375,8.106201171875,0.0,0.0322265625,0.380615234375,0.0,0.0,0.0,0.0,0.00146484375,76.370849609375,0.0,0.0,0.0,0.0,0.0,0.0,103.37336730957033,48.74155426025391,0.0,208.0,208.0,7.552710056304932,0.99842041015625,0.0855448246002197,0.0365898013114929,0.0017526149749755,0.0930580584105825,96,P005,0.0,0.0,0.0,0.0,0.0,0.0,0.0141601562499999,0.0,0.0,0.0,0.0,0.0,0.0,0.0,0.0,0.0,0.032958984375,3.035400390625,0.0,0.0,0.0,0.0,0.0,0.0,0.0,0.0,545,0.0930580584105825,0.2725,0.1794419415894174
136.37197509765625,61.13399670382883,342.9532742357016,1112,0.01436767578125,0.0,0.0,10.77197265625,0.0,0.0,0.355224609375,0.0,0.026123046875,8.49658203125,0.0,0.03564453125,0.3876953125,0.0,0.0,0.0,0.0,0.002197265625,76.359619140625,0.0,0.0,0.0,0.0,0.0,0.0,103.04244995117188,48.86468124389648,0.0,208.0,208.0,7.555867195129394,0.9983740234375,0.1550577878952026,0.0616392493247985,0.0053699016571044,0.1669465497938945,97,P005,0.0,0.0,0.0,0.0,0.0,0.0,0.022705078125,0.0,0.0,0.0,0.0,0.0,0.0,0.0,0.0,0.0,0.076416015625,3.4658203125,0.0,0.0,0.0,0.0,0.0,0.0,0.0,0.0,532,0.1669465497938945,0.266,0.0990534502061054
127.66331787109377,58.16710565097806,349.6526019588471,1209,0.02173095703125,0.0,0.0,9.028564453125,0.0,0.0,0.381591796875,0.0,0.03369140625,9.249755859375,0.0,0.037109375,0.369140625,0.0,0.000244140625,0.0,0.0,0.000244140625,76.180908203125,0.0,0.0,0.0,0.0,0.0,0.0,102.3506088256836,48.96774673461914,0.0,208.0,208.0,7.562170028686523,0.99832763671875,0.1390609741210937,0.0493812561035156,0.0140595436096191,0.1482367489672493,98,P005,0.0,0.0,0.0,0.002197265625,0.0,0.0,0.03955078125,0.0,0.0,0.0,0.0,0.0,0.0,0.0,0.0,0.0,0.172607421875,4.50439453125,0.0,0.0,0.0,0.0,0.0,0.0,0.0,0.0,607,0.1482367489672493,0.3035,0.1552632510327506
119.60441650390624,55.71384062014428,341.43517566773886,1239,0.01874267578125,0.0,0.0,7.67236328125,0.0,0.0,0.373779296875,0.0,0.0419921875,9.916015625,0.0,0.040771484375,0.35009765625,0.000244140625,0.00244140625,0.0,0.0,0.0,75.61376953125,0.0,0.0,0.0,0.0,0.0,0.0,101.50601196289062,48.90982055664063,0.0,208.0,208.0,7.560041427612305,0.99832275390625,0.2057552337646484,0.0756455808877945,0.0469467639923095,0.2241906973510422,99,P005,0.0,0.0,0.0,0.006591796875,0.0,0.0,0.060791015625,0.0,0.0,0.0,0.0,0.0,0.0,0.0,0.0,0.0,0.2392578125,5.681884765625,0.0,0.0,0.0,0.0,0.0,0.0,0.0,0.0,561,0.2241906973510422,0.2805,0.0563093026489578
107.82399169921877,53.1263286146723,338.667775810665,1312,0.0201708984375,0.0,0.0,6.59765625,0.0,0.0,0.319091796875,0.0,0.0490722656249999,10.733154296875,0.0,0.042724609375,0.283447265625,0.005859375,0.01025390625,0.0,0.0,0.0,73.891845703125,0.0,0.0,0.0,0.0,0.0,0.0,99.39382934570312,48.67918395996094,0.0,208.0,208.0,7.561026573181152,0.99842529296875,0.1479359865188598,0.0611073523759841,0.0430717468261718,0.1657538536395725,100,P005,0.0,0.0,0.0,0.0070800781249999,0.0,0.0,0.11474609375,0.0,0.0,0.0,0.0,0.0,0.006103515625,0.0,0.0,0.0,0.271240234375,7.667724609375,0.0,0.0,0.0,0.0,0.0,0.0,0.0,0.0,598,0.1657538536395725,0.299,0.1332461463604274
99.91180419921876,51.542767979352654,335.91456015624993,1440,0.02225830078125,0.0,0.0,6.00927734375,0.0,0.0,0.2744140625,0.0,0.052978515625,11.198974609375,0.0,0.04638671875,0.22216796875,0.0185546875,0.01123046875,0.0,0.0,0.0,72.401611328125,0.0,0.0,0.0,0.0,0.0,0.0,97.9333038330078,48.44009017944336,0.0,208.0,208.0,7.543340682983398,0.9985205078125,0.1202661991119384,0.0522193480283021,0.0377092361450195,0.1364287559423387,101,P005,0.0,0.0,0.0,0.00732421875,0.0,0.0,0.20068359375,0.0,0.0,0.0,0.0,0.0,0.008056640625,0.0,0.0,0.0,0.2080078125,9.34033203125,0.0,0.0,0.0,0.0,0.0,0.0,0.0,0.0,676,0.1364287559423387,0.338,0.2015712440576612
95.7073388671875,50.64209601234768,330.1552024822176,1510,0.0215380859375,0.0,0.0,4.960693359375,0.0,0.0,0.25048828125,0.0,0.056396484375,11.6396484375,0.0,0.0490722656249999,0.211181640625,0.038818359375,0.01171875,0.0,0.0,0.0,71.75341796875,0.0,0.0,0.0,0.0,0.0,0.0,97.1207504272461,48.33145904541016,0.0,208.0,208.0,7.54893159866333,0.99868896484375,0.1564562320709228,0.0708446484059095,0.0526714324951171,0.1796435263589398,102,P005,0.0,0.0,0.0,0.0078125,0.0,0.0,0.3271484375,0.0,0.0,0.0,0.0,0.0,0.00830078125,0.0,0.0,0.0,0.066162109375,10.619140625,0.0,0.0,0.0,0.0,0.0,0.0,0.0,0.0,668,0.1796435263589398,0.334,0.1543564736410602
94.96665283203124,49.84197360448928,341.6253832755982,1656,0.02254638671875,0.0,0.0,4.273681640625,0.0,0.0,0.2197265625,0.0,0.05810546875,12.8076171875,0.0,0.052734375,0.258544921875,0.07421875,0.01318359375,0.0,0.0146484375,0.0,72.052978515625,0.0,0.00732421875,0.0,0.0,0.0,0.0,97.25621032714844,48.5945930480957,0.0,208.0,208.0,7.527061462402344,0.9989404296875,0.1699037551879882,0.0817621201276779,0.0640053749084472,0.1991206125239764,103,P005,0.0,0.0,0.0,0.00830078125,0.0,0.0,0.56005859375,0.0,0.0,0.0,0.0,0.0,0.00927734375,0.0,0.0,0.0,0.0,9.589599609375,0.0,0.0,0.0,0.0,0.0,0.0,0.0,0.0,662,0.1991206125239764,0.331,0.1318793874760235
98.215361328125,49.93938715112149,350.2739903993071,1844,0.022880859375,0.0,0.0,4.491943359375,0.0,0.0,0.181640625,0.0,0.06005859375,14.77734375,0.0,0.0561523437499999,0.321533203125,0.135009765625,0.012939453125,0.0,0.05712890625,0.0,72.86328125,0.0,0.05078125,0.0,0.0,0.0,0.0,101.97720336914062,49.01216506958008,0.0,208.0,208.0,7.551311492919922,0.9977490234375,0.1522893905639648,0.0851389318704605,0.0755243301391601,0.1901173864783429,104,P005,0.0,0.0,0.0,0.00732421875,0.0,0.0986328125,0.865234375,0.0,0.0,0.0,0.0,0.0,0.0087890625,0.0,0.0,0.033203125,0.0,5.97900390625,0.0,0.0,0.0,0.0,0.0,0.0,0.0,0.0,741,0.1901173864783429,0.3705,0.1803826135216571
105.4353759765625,51.0617465568003,359.0252384616792,1994,0.02307861328125,0.0,0.0,4.650390625,0.0,0.0,0.13525390625,0.0,0.064697265625,18.179931640625,0.0,0.060302734375,0.3974609375,0.195068359375,0.014404296875,0.0,0.09228515625,0.0,72.580078125,0.0,0.19677734375,0.0,0.0,0.0,0.0,105.64892578125,48.66871643066406,0.0,208.0,208.0,7.5556960105896,0.9982958984375,0.0709223747253418,0.1064736098051071,0.1230885982513427,0.1775314502872448,105,P005,0.0,0.0,0.0,0.009521484375,0.0,0.088623046875,1.14599609375,0.0,0.0,0.0,0.0,0.0,0.010009765625,0.0,0.0,0.06103515625,0.0,2.1181640625,0.0,0.0,0.0,0.0,0.0,0.0,0.0,0.0,791,0.1775314502872448,0.3955,0.2179685497127552
117.98894287109376,52.58748075478071,383.15289796445376,2217,0.02598388671875,0.0,0.0,3.638427734375,0.0,0.0,0.111572265625,0.0,0.060546875,22.579833984375,0.0,0.064697265625,0.549560546875,0.277587890625,0.016845703125,0.0,0.141357421875,0.0,70.848876953125,0.0,0.31201171875,0.0,0.0,0.0,0.0,106.17223358154295,48.568119049072266,0.0,208.0,208.0,7.5551910400390625,0.9984521484375,-0.0039222240447998,0.1112709045410156,0.1267657279968261,0.1687191389066419,106,P005,0.0,0.0,0.0,0.01953125,0.0,0.08837890625,1.166259765625,0.0,0.0,0.0,0.0,0.0,0.01806640625,0.0,0.0,0.1064453125,0.0,0.0,0.0,0.0,0.0,0.0,0.0,0.0,0.0,0.0,942,0.1687191389066419,0.471,0.302280861093358
132.68926513671877,51.7348547810452,415.3736473295153,2373,0.0293212890625,0.0,0.0,0.883544921875,0.0,0.0,0.33203125,0.0,0.05224609375,27.390136718750004,0.0,0.06689453125,0.810302734375,0.346923828125,0.019287109375,0.0,0.183349609375,0.0278320312499999,67.882568359375,0.0,0.4575195312499999,0.0,0.0,0.000732421875,0.0,104.97303009033205,48.98613739013672,0.0,208.0,208.0,7.566823959350586,0.998408203125,-0.0141851902008056,0.083237886428833,0.1216199398040771,0.1480580126711137,107,P005,0.0,0.0,0.0,0.0278320312499999,0.0,0.099365234375,1.238525390625,0.0,0.0,0.0,0.0,0.0,0.02490234375,0.0,0.0,0.156005859375,0.0,0.0,0.0,0.0,0.0,0.0,0.0,0.0,0.0,0.0,1006,0.1480580126711137,0.503,0.3549419873288862
140.47156982421876,50.81014065023812,494.9364275457322,2801,0.0352685546875,0.0,0.0,0.8200683593750001,0.0,0.0,0.655029296875,0.0,0.04150390625,31.747314453125,0.0,0.0625,1.26171875,0.39453125,0.0234375,0.0,0.18359375,0.096435546875,62.1083984375,0.0,0.685546875,0.0,0.0,0.05224609375,0.0,102.69985961914062,49.39737319946289,0.0,208.0,208.0,7.569915771484375,0.99784912109375,-0.0427713394165039,0.033442199230194,0.1423994302749633,0.1523987070400137,108,P005,0.0,0.0,0.0,0.0280761718749999,0.0,0.143798828125,1.484130859375,0.0,0.0,0.0,0.0,0.0,0.025634765625,0.0,0.0,0.18603515625,0.0,0.0,0.0,0.0,0.0,0.0,0.0,0.0,0.0,0.0,942,0.1523987070400137,0.471,0.3186012929599862
138.48249755859376,53.29171805445754,855.5318111205102,3588,0.05213623046875,0.0,0.0,1.236083984375,0.0,0.0,1.473876953125,0.0,0.0278320312499999,35.543212890625,0.0,0.053955078125,4.049072265625,0.4064941406249999,0.021240234375,0.0,0.142822265625,0.21826171875,53.2578125,0.0,0.606689453125,0.0,0.0,0.10302734375,0.0,100.89832305908205,49.59830474853516,0.0,208.0,208.0,7.562321662902832,0.9976416015625,-0.1224865913391113,-0.007936954498291,0.1603637933731079,0.2019467913327549,109,P005,0.0,0.0,0.0,0.0234375,0.0,0.231201171875,1.177001953125,0.0,0.0,0.0,0.0,0.0,0.023193359375,0.0,0.0,0.173095703125,1.231689453125,0.0,0.0,0.0,0.0,0.0,0.0,0.0,0.0,0.0,1126,0.2019467913327549,0.563,0.361053208667245
134.715322265625,56.39301834587207,1202.3886376644132,4189,0.06917724609375,0.0,0.0,0.716064453125,0.0,0.0,2.231689453125,0.0,0.01806640625,39.310546875,0.0,0.04296875,8.33447265625,0.38623046875,0.02490234375,0.0,0.093994140625,0.27978515625,43.165283203125,0.0,0.38232421875,0.0,0.0,0.185546875,0.0,98.13859558105467,49.18758773803711,0.0,208.0,208.0,7.552436828613281,0.99843505859375,-0.1770393848419189,-0.002735435962677,0.0755529403686523,0.1925062939060957,110,P005,0.0,0.0,0.0,0.0166015625,0.0,0.319091796875,0.82666015625,0.0,0.0,0.0,0.0,0.0,0.016357421875,0.0,0.0,0.139404296875,3.5100097656250004,0.0,0.0,0.0,0.0,0.0,0.0,0.0,0.0,0.0,1424,0.1925062939060957,0.712,0.5194937060939042
134.697919921875,58.94501830666673,1328.5948057953774,4299,0.08164794921875,0.0,0.0,0.4902343749999999,0.0,0.0,3.362060546875,0.0,0.01953125,40.817626953125,0.0,0.035400390625,10.525390625,0.346923828125,0.023681640625,0.0,0.06787109375,0.373046875,36.154541015625,0.0,0.273193359375,0.0,0.0,0.071533203125,0.0,97.30573272705078,49.2109260559082,0.0,208.0,208.0,7.555739879608154,0.99840576171875,-0.1478149890899658,-0.0004315376281738,0.0539497137069702,0.15735319772237,111,P005,0.0,0.0,0.0,0.013671875,0.0,1.51416015625,0.652587890625,0.0,0.0,0.0,0.0,0.0,0.013427734375,0.456787109375,0.0,0.1181640625,4.670166015625,0.0,0.0,0.0,0.0,0.0,0.0,0.0,0.0,0.0,1629,0.15735319772237,0.8145,0.6571468022776299
136.72781982421876,59.70774073922393,1477.156443218893,4498,0.0879296875,0.0,0.0,0.390869140625,0.0,0.0,4.214599609375,0.0,0.01904296875,41.083251953125,0.0,0.033935546875,12.236572265625,0.328125,0.0224609375,0.0,0.057373046875,0.3564453125,33.08251953125,0.0,0.230224609375,0.0,0.0,0.421630859375,0.0,96.9017562866211,49.01951217651367,0.0,208.0,208.0,7.554003715515137,0.99857666015625,-0.1296041011810302,0.0002604126930236,0.0444127321243286,0.1370028526435154,112,P005,0.0,0.0,0.0,0.01220703125,0.0,1.326171875,0.584228515625,0.0,0.0,0.0,0.0,0.0,0.012939453125,0.34375,0.0,0.10986328125,5.10400390625,0.0,0.0,0.0,0.0,0.02978515625,0.0,0.0,0.0,0.0,1838,0.1370028526435154,0.919,0.7819971473564846
138.62032958984375,60.108678497790535,1595.2696310459078,4685,0.08829345703125,0.0,0.0,0.33544921875,0.0,0.0,4.767578125,0.0,0.02099609375,45.824462890625,0.0,0.032470703125,12.910888671875002,0.3134765625,0.021484375,0.0,0.0478515625,0.369384765625,27.105712890625,0.0,0.2060546875,0.0,0.0,0.7529296875,0.0,100.66458892822266,49.02787399291992,0.0,208.0,208.0,7.565249443054199,0.99865966796875,-0.1567418575286865,0.001162052154541,0.0498759746551513,0.1644900395603157,113,P005,0.0,0.0,0.0,0.01171875,0.0,1.13330078125,0.5576171875,0.0,0.0,0.0,0.0,0.0,0.02294921875,0.186279296875,0.0,0.105712890625,5.18896484375,0.0,0.0,0.0,0.0,0.084716796875,0.0,0.0,0.0,0.0,1693,0.1644900395603157,0.8465,0.6820099604396843
152.89623779296875,57.26097310152263,1155.3944189208985,4739,0.073544921875,0.0,0.0,0.273681640625,0.0,0.0,4.455322265625,0.0,0.02197265625,51.128173828125,0.0,0.03076171875,8.371826171875,0.2919921875,1.996337890625,0.0,0.03955078125,0.329833984375,25.16357421875,0.0,0.177978515625,0.0,0.0,0.338623046875,0.0,99.1739273071289,50.66923522949219,0.0,208.0,208.0,7.56294059753418,0.99731689453125,-0.1854919195175171,0.0032029747962951,0.0514594316482543,0.1925242435627266,114,P005,0.0,0.0,0.0,0.01123046875,0.0,1.361572265625,0.511962890625,0.0,0.0,0.0,0.0,0.0,0.073486328125,0.02099609375,0.0,0.097900390625,5.2470703125,0.0,0.0,0.0,0.0,0.0561523437499999,0.0,0.0,0.0,0.0,1604,0.1925242435627266,0.802,0.6094757564372734
164.3824462890625,54.1931202433573,899.4402513412476,4718,0.0644482421875,0.0,0.0,0.20458984375,0.0,0.0,3.93505859375,0.0,0.02099609375,54.16699218749999,0.0,0.0278320312499999,5.715087890625,0.26220703125,3.555908203125,0.0,0.02880859375,0.29052734375,23.878173828125,0.0,0.140380859375,0.0,0.0,0.34326171875,0.0,93.0996551513672,49.684818267822266,0.0,208.0,208.0,7.546578884124756,0.9975537109375,-0.1901396512985229,-0.0051519274711608,0.0294617414474487,0.1924775923626132,115,P005,0.0,0.0,0.0,0.009033203125,0.0,1.30712890625,0.439697265625,0.0,0.0,0.0,0.0,0.0,0.048583984375,0.0,0.0,0.0869140625,5.5029296875,0.0,0.0,0.0,0.0,0.035888671875,0.0,0.0,0.0,0.0,1644,0.1924775923626132,0.822,0.6295224076373866
167.72943115234375,56.36847980603353,1087.6763178441763,4683,0.06540771484375,0.0,0.0,0.15771484375,0.0,0.0,3.801025390625,0.0,0.02001953125,53.39013671875,0.0,0.02392578125,7.502685546875,0.2329101562499999,1.67041015625,0.0,0.02294921875,0.167236328125,24.16748046875,0.0,0.109375,0.0,0.0,1.4267578125,0.0,93.439453125,48.639774322509766,0.0,208.0,208.0,7.534128665924072,0.99836181640625,-0.1523165702819824,-0.0818325877189636,-0.0039308071136474,0.172951904412217,116,P005,0.0,0.0,0.0,0.008056640625,0.0,1.0771484375,0.36865234375,0.0,0.0,0.0,0.0,0.0,0.032958984375,0.0,0.0,0.074462890625,5.721435546875,0.0,0.0,0.0,0.0,0.024658203125,0.0,0.0,0.0,0.0,1838,0.172951904412217,0.919,0.746048095587783
113.4312548828125,72.28739574558745,1513.2243404379844,4054,0.0805419921875,0.0,0.0,0.161376953125,0.0,0.0,2.49365234375,0.0,0.0,23.979736328125,0.0,0.0,24.68115234375,7.392333984375001,0.403564453125,0.0,0.0,0.0,19.94873046875,0.0,0.0,0.0,0.0,0.048828125,0.0,106.16158294677734,48.80784606933594,0.0,208.0,208.0,7.533653259277344,0.9993017578125,-0.2569937705993652,0.3597711324691772,0.0131933689117431,0.4423292109597497,0,P006,0.0,0.0,0.0,0.0,0.0,0.0,0.0,0.0,0.0,0.0,0.0,0.0,0.0,0.0,0.0,0.0,0.0,0.0,0.107666015625,20.35693359375,0.426025390625,0.0,0.0,0.0,0.0,0.0,1123,0.4423292109597497,0.5615,0.1191707890402502
131.34657958984374,65.82484898884546,1153.7908726065098,3780,0.07306396484375,0.0,0.0,0.069091796875,0.0,0.0,1.26806640625,0.0,0.0,30.643554687500004,0.0,0.0,14.144287109375,7.63671875,0.696533203125,0.0,0.0,0.0,21.645263671875,0.0,0.0,0.0,0.0,0.007568359375,0.0,107.4680404663086,47.389915466308594,0.0,208.0,208.0,7.501349925994873,0.99951904296875,-0.2369375228881836,0.3119886815547943,0.0193819999694824,0.3922397087158621,1,P006,0.0,0.0,0.0,0.0,0.0,0.0,0.0,0.0,0.0,0.0,0.0,0.0,0.0,0.0,0.0,0.0,0.0,0.0,0.2099609375,23.165283203125,0.513671875,0.0,0.0,0.0,0.0,0.0,1036,0.3922397087158621,0.518,0.1257602912841378
147.9655078125,56.09430058692127,808.4400041103364,3295,0.05538330078125,0.0,0.0,0.088623046875,0.0,0.0,0.591796875,0.0,0.0,40.973876953125,0.0,0.0,7.373779296874999,5.0,0.840576171875,0.0,0.0,0.0,22.71044921875,0.0,0.0,0.0,0.0,0.0029296875,0.0,107.95301818847656,46.236759185791016,0.0,208.0,208.0,7.480584621429443,0.999599609375,-0.2277617454528808,0.2761840000748634,0.0273475646972656,0.3590277202166515,2,P006,0.0,0.0,0.0,0.0,0.0,0.0,0.0,0.0,0.0,0.0,0.0,0.0,0.0,0.0,0.0,0.0,0.0,0.0,0.168212890625,21.7099609375,0.539794921875,0.0,0.0,0.0,0.0,0.0,723,0.3590277202166515,0.3615,0.0024722797833484
161.1652294921875,40.229021233560026,577.1268268167911,2479,0.0492919921875,0.0,0.0,1.056884765625,0.0,0.03662109375,0.14599609375,0.0,0.736083984375,48.697021484375,0.0,0.002685546875,2.64892578125,0.256103515625,1.019775390625,0.0,0.0,0.0,24.396240234375,0.01171875,0.21923828125,0.0,0.0278320312499999,0.2001953124999999,0.0,106.78038024902344,45.69223403930664,0.0,208.0,208.0,7.453835487365723,0.9998193359375,-0.2294607162475586,0.2207516059279441,0.0521366596221923,0.3226479863522618,3,P006,0.0,0.0,0.0,0.0,0.0,0.039794921875,0.0,0.0,0.0,0.0,0.0,0.0,0.0,0.0,0.0,0.0,0.0,0.0,0.156494140625,19.80078125,0.5029296875,0.0,0.0,0.044677734375,0.0,0.0,787,0.3226479863522618,0.3935,0.0708520136477382
157.58799560546876,42.009429639646605,576.7878073589267,3377,0.0513720703125,0.0,0.111572265625,3.39501953125,0.0,0.03759765625,0.58203125,0.0,0.875244140625,52.207275390625,0.029541015625,0.0625,0.339599609375,1.202880859375,0.13427734375,0.0,0.1318359375,0.0,20.10205078125,0.091064453125,0.769287109375,0.000732421875,0.476318359375,0.0,0.0,105.25480651855467,45.6095085144043,0.0,208.0,208.0,7.425186157226562,0.99990478515625,-0.2313199043273925,0.1280477941036224,0.0947253704071044,0.2808523304364784,4,P006,0.0,0.0,0.0,0.04541015625,0.0,0.369873046875,0.31640625,0.005126953125,0.0,0.0,0.0,0.0,0.0859375,0.0,0.0,0.0,0.0,0.0,0.1533203125,18.40234375,0.0,0.0009765625,0.0,0.07177734375,0.0,0.0,1168,0.2808523304364784,0.584,0.3031476695635215
155.47058349609375,46.73928801178924,621.432457511133,3343,0.056279296875,0.0,0.160888671875,4.214599609375,0.0,0.04052734375,0.633056640625,0.0,0.882568359375,59.91699218749999,0.029296875,0.066162109375,0.345947265625,2.231689453125,0.023681640625,0.0,0.1435546875,0.0,10.15771484375,0.0888671875,1.249267578125,0.010009765625,0.513427734375,0.0,0.042236328125,99.35236358642578,45.9908561706543,0.0,208.0,208.0,7.450860023498535,0.999931640625,-0.2115569114685058,0.0882168412208557,0.0995240211486816,0.2498871118138791,5,P006,0.0,0.0,0.0,0.1240234375,0.0,0.404052734375,0.411376953125,0.00341796875,0.000244140625,0.0,0.0,0.0,0.166015625,0.0,0.0,0.0,0.0,0.0,0.193603515625,17.87353515625,0.0,0.002197265625,0.0,0.071044921875,0.0,0.0,1111,0.2498871118138791,0.5555,0.3056128881861208
159.071943359375,45.21582051383098,608.8959518418253,3324,0.0538916015625,0.0,0.48876953125,4.770751953125,0.0,0.0439453125,0.386474609375,0.0,0.8889160156249999,68.805419921875,0.032958984375,0.079345703125,0.2880859375,1.072021484375,0.022705078125,0.0,0.184814453125,0.0,3.640869140625,0.092529296875,1.95263671875,0.012451171875,0.57666015625,0.01318359375,0.08447265625,95.1497573852539,47.51358413696289,0.0,208.0,208.0,7.507301330566406,0.99863037109375,-0.2548518180847168,0.0420583486557006,0.1436644792556762,0.2955635912498944,6,P006,0.0,0.0,0.0,0.23193359375,0.0,0.456298828125,0.51318359375,0.01806640625,0.0,0.0,0.0,0.0,0.32373046875,0.0,0.0,0.0,0.0,0.0,0.255859375,14.6943359375,0.0,0.003173828125,0.0,0.06640625,0.0,0.0,719,0.2955635912498944,0.3595,0.0639364087501055
165.17403564453124,40.09601248211007,434.1703048238219,2444,0.03739501953125,0.0,0.3916015625,3.328125,0.0,0.04931640625,0.2841796875,0.0,0.033203125,78.9345703125,0.031494140625,0.0981445312499999,0.078369140625,0.0,0.0185546875,0.0,0.22021484375,0.0,5.959228515625,0.060302734375,3.411865234375,0.026123046875,0.610595703125,0.001953125,0.135986328125,103.4744110107422,49.2360725402832,0.0,208.0,208.0,7.560372829437256,0.99808349609375,-0.2662191390991211,0.0399919748306274,0.1485347747802734,0.3074647417063577,7,P006,0.0,0.0,0.0,0.546630859375,0.0,0.55322265625,0.680419921875,0.10546875,0.0,0.0,0.0,0.0,0.83447265625,0.0,0.0,0.0,0.0,0.0,0.03564453125,3.564697265625,0.0,0.005615234375,0.0,0.0,0.0,0.0,497,0.3074647417063577,0.2485,0.0589647417063577
166.09245361328124,42.10873677259029,343.8229376159608,1902,0.03416748046875,0.0,0.000732421875,0.120361328125,0.0,0.0,0.203857421875,0.0,0.01904296875,77.46435546875,0.0,0.037841796875,0.055908203125,0.0,0.0,0.0,0.07666015625,0.023681640625,7.805908203125,0.0,7.424560546875,0.005859375,0.065673828125,0.05322265625,0.22021484375,105.2869110107422,48.924312591552734,0.0,208.0,208.0,7.559921741485596,0.998515625,-0.3305816650390625,0.0418179631233215,0.2074187994003296,0.39249909253966,8,P006,0.0,0.0,0.0,1.510498046875,0.0,0.445556640625,0.785400390625,0.283447265625,0.0,0.0,0.0,0.0,2.602783203125,0.0,0.0,0.0,0.0,0.14306640625,0.0,0.64111328125,0.0,0.01025390625,0.0,0.0,0.0,0.0,568,0.39249909253966,0.284,0.10849909253966
150.77962646484374,55.44296445074915,345.65169122561804,2502,0.04179443359375,0.0,0.0,0.031494140625,0.0,0.0,0.04150390625,0.0,0.0,67.37841796875,0.0,0.0,0.093994140625,0.0,0.0,0.0,0.0,0.0,7.947265625,0.0,20.042236328125,0.0,0.0,0.09716796875,0.0,106.99919891357422,49.84049987792969,0.0,208.0,208.0,7.568534374237059,0.99812255859375,-0.3432354927062988,0.0220108032226562,0.2763504981994629,0.4412082011555696,9,P006,0.0,0.0,0.0,0.0,0.0,0.27197265625,0.395263671875,0.368896484375,0.0,0.0,0.0,0.0,0.0,0.0,0.0,0.0,0.0,0.263427734375,0.0,3.068359375,0.0,0.0,0.0,0.0,0.0,0.0,365,0.4412082011555696,0.1825,0.2587082011555696
144.12096435546874,67.70351408372288,325.24487813495995,1546,0.0358837890625,0.0,0.0,0.4384765625,0.0,0.017333984375,0.037353515625,0.0,0.002197265625,64.7294921875,0.0,0.0,0.1884765625,0.0,0.012939453125,0.0,0.0,0.0,7.057373046875,0.0,18.710693359375,0.0,0.0,0.3095703125,0.0,106.7650375366211,50.4605827331543,0.0,208.0,208.0,7.568669319152832,0.99754150390625,-0.3373022079467773,0.0120981335639953,0.263092041015625,0.427944583290022,10,P006,0.0,0.0,0.0,0.0,0.0,0.615478515625,0.183837890625,0.227783203125,0.0,0.0,0.0,0.0,0.0,0.0,0.0,0.0,0.0,0.0,0.0,7.4033203125,0.0,0.0,0.0,0.0,0.0,0.065673828125,416,0.427944583290022,0.208,0.219944583290022
146.80578857421875,70.98913669361058,563.1162956185282,2835,0.048935546875,0.008544921875,0.39794921875,1.488525390625,0.005615234375,0.044677734375,0.149658203125,0.0,0.02392578125,75.03076171875,0.0,0.0490722656249999,1.0,0.0,0.142578125,0.0,0.0,0.0,4.93798828125,0.0,0.0,0.0,0.0029296875,0.392333984375,0.6923828125,112.12517547607422,48.98393249511719,0.0,208.0,208.0,7.528594017028809,0.998369140625,-0.4357173442840576,0.031836450099945,0.2150515913963318,0.4869397813149108,11,P006,0.0,0.0,0.0,0.0,0.0,1.560791015625,0.0,0.210693359375,0.0,0.0,0.0,0.0,0.0,0.0,1.863525390625,0.0,0.0,0.0,0.809814453125,10.93017578125,0.0,0.036376953125,0.0,0.0,0.13427734375,0.08740234375,834,0.4869397813149108,0.417,0.0699397813149108
135.77481201171875,72.49642313939808,902.9395620106158,4182,0.063076171875,0.0185546875,0.65673828125,5.291748046875,0.0070800781249999,0.0505371093749999,0.125,0.0,0.042236328125,54.1220703125,0.0,0.31494140625,3.622802734375,0.0,0.2744140625,0.0,0.0,0.0302734375,12.521240234375,0.0,0.0,0.095947265625,0.28564453125,0.370849609375,1.15380859375,109.20344543457033,48.21766662597656,0.0,208.0,208.0,7.530826568603516,0.99822265625,-0.3706839084625244,0.022084891796112,0.2370502352714538,0.4405531937019079,12,P006,0.0,0.0,0.0,0.0,0.23095703125,2.022705078125,0.0,0.0,0.0,0.2294921875,3.7685546875,0.9658203125,0.0,0.0,3.727294921875,0.0,0.0,0.0,0.744140625,9.1875,0.0,0.05029296875,0.0,0.0,0.08935546875,0.0,1097,0.4405531937019079,0.5485,0.1079468062980921
159.41624755859374,71.19886029430701,824.808434858984,3841,0.0581884765625,0.024658203125,0.8610839843750001,7.283935546875001,0.0070800781249999,0.055908203125,0.011962890625,0.00048828125,0.0498046875,65.598876953125,0.0,0.4560546875,3.8330078125,0.0,0.211181640625,0.0,0.003173828125,0.000244140625,7.003662109375,0.0,0.0,0.114013671875,0.651611328125,1.050537109375,1.48583984375,101.99954223632812,48.90860748291016,0.0,208.0,208.0,7.565774440765381,0.99875,-0.3373427391052246,-0.0300957560539245,0.2378351986408233,0.4138495618845003,13,P006,0.0,0.0,0.0,0.0,0.0,3.185302734375,0.0,0.0,0.0,0.0,0.0495605468749999,0.0,0.0,0.0,4.81005859375,0.0,0.0,0.0,0.396240234375,2.751220703125,0.0,0.075439453125,0.0,0.0,0.029052734375,0.0,1124,0.4138495618845003,0.562,0.1481504381154997
193.4865600585937,57.29624893161507,533.092934962368,3048,0.03779541015625,0.022705078125,1.07958984375,7.004394531249999,0.0048828125,0.0419921875,0.0,0.00390625,0.012451171875,76.656982421875,0.0,0.0732421875,2.875732421875,0.0,0.089599609375,0.0,0.00146484375,0.0,3.202880859375,0.0,0.0,0.129150390625,0.705810546875,1.357177734375,1.897216796875,103.53772735595705,49.41265106201172,0.0,208.0,208.0,7.572971343994141,0.9982861328125,-0.2954480648040771,-0.0299661755561828,0.1742513477802276,0.3443124494948795,14,P006,0.0,0.0,0.0,0.0,0.0,4.718994140625,0.0,0.0,0.0,0.0,0.0,0.0,0.0,0.0,0.0,0.0,0.0,0.0,0.0,0.0,0.0,0.121826171875,0.0,0.0,0.0,0.0,1064,0.3443124494948795,0.532,0.1876875505051204
203.90608642578124,63.60784668750426,548.0169076293706,2838,0.03941650390625,0.015380859375,1.394287109375,6.696044921875,0.0,0.014404296875,0.0,0.0,0.018310546875,76.25537109375,0.0,0.06884765625,2.623291015625,0.3720703125,0.062744140625,0.0,0.0,0.0,1.894775390625,0.0,0.0,0.1533203125,0.5654296875,1.950927734375,2.51513671875,102.80876159667967,49.00991439819336,0.0,208.0,208.0,7.569472312927246,0.99844970703125,-0.3146767616271972,-0.0340413451194763,0.1501320675015449,0.3503140236673543,15,P006,0.0,0.0,0.0,0.0,0.0,5.192138671875,0.0,0.0,0.0,0.0,0.0,0.0,0.0,0.0,0.0,0.0,0.0,0.0,0.0,0.0,0.0,0.20751953125,0.0,0.0,0.0,0.0,848,0.3503140236673543,0.424,0.0736859763326456
211.638154296875,57.42798305363864,469.7606368778647,2284,0.03393798828125,0.005126953125,2.02197265625,5.924560546875,0.0,0.0,0.0,0.0,0.021728515625,78.634521484375,0.0,0.06884765625,1.906982421875,0.31494140625,0.017822265625,0.0,0.0,0.0,1.385986328125,0.0,0.0,0.19482421875,0.254150390625,2.853515625,3.678466796875,102.4649887084961,48.98529052734375,0.0,208.0,208.0,7.565207481384277,0.99854736328125,-0.3618834018707275,-0.0384621024131774,0.1281584128737449,0.385828340926233,16,P006,0.0,0.0,0.0,0.0,0.0,2.29638671875,0.0,0.0,0.0,0.0,0.0,0.0,0.0,0.0,0.0,0.0,0.0,0.0,0.0,0.0,0.0,0.420166015625,0.0,0.0,0.0,0.0,739,0.385828340926233,0.3695,0.016328340926233
208.429951171875,54.352153698969154,491.9263500554503,2650,0.03656494140625,0.0,3.69140625,5.373779296875,0.0,0.0,0.0,0.0,0.02099609375,76.68310546875,0.0,0.09326171875,1.21435546875,0.38232421875,0.059814453125,0.0,0.0,0.0,1.025390625,0.0,0.0,0.1298828125,0.122314453125,4.04296875,5.9501953125,103.77518463134766,49.37405776977539,0.0,208.0,208.0,7.572556972503662,0.9981201171875,-0.3120690584182739,-0.0300544500350952,0.0807472169399261,0.323744467493305,17,P006,0.0,0.0,0.0,0.0,0.0,0.0,0.0,0.0,0.0,0.0,0.0,0.0,0.0,0.0,0.0,0.0,0.0,0.0,0.0,0.0,0.0,1.210205078125,0.0,0.0,0.0,0.0,764,0.323744467493305,0.382,0.058255532506695
198.605849609375,54.4123726806965,618.2556330532076,3269,0.0494091796875,0.0,7.279541015625,6.056396484375,0.0,0.0,0.0,0.0,0.486572265625,67.637451171875,0.0,0.103759765625,0.751953125,0.264892578125,0.073974609375,0.083984375,0.0,0.0,1.454833984375,0.0,0.0,0.115234375,0.103271484375,4.4892578125,9.34521484375,107.02084350585938,48.76925659179688,0.0,208.0,208.0,7.532188415527344,0.99829833984375,-0.2647891044616699,-0.0222364962100982,0.0528543144464492,0.2709267616181889,18,P006,0.091552734375,0.0087890625,0.0107421875,0.0,0.0,0.0,0.0,0.0,0.0,0.0,0.0,0.0,0.0,0.0,0.0,0.0,0.0,0.0,0.0,0.0,0.0,1.642578125,0.0,0.0,0.0,0.0,921,0.2709267616181889,0.4605,0.189573238381811
181.82741455078124,56.04101897293121,971.8848227090298,3998,0.07752685546875,0.0,13.4072265625,8.27001953125,0.0,0.0,0.0,0.0,1.338623046875,51.192138671875,0.0,0.10498046875,1.469970703125,0.223388671875,0.077392578125,0.0986328125,0.0,0.0,2.494140625,0.0,0.0,0.267578125,0.201904296875,4.971435546875,14.129150390625,104.4574966430664,47.36326599121094,0.0,208.0,208.0,7.497135162353516,0.99928466796875,-0.2938263416290283,-0.0199240148067474,0.0450544655323028,0.2979274916242531,19,P006,0.200439453125,0.044189453125,0.03369140625,0.005859375,1.4658203125,0.0,0.0,0.0,0.0,0.00341796875,0.0,0.0,0.0,0.0,0.0,0.0,0.0,0.0,0.0,0.0,0.0,0.0,0.0,0.0,0.0,0.0,1090,0.2979274916242531,0.545,0.2470725083757469
149.704560546875,55.207718556247066,1587.0053142979084,4400,0.11806640625,0.0,19.853515625,12.76220703125,0.0,0.0,0.0,0.0,1.93212890625,16.15234375,0.0,0.10400390625,4.565185546875,0.212890625,0.0751953125,0.113037109375,0.0,0.0,1.402099609375,0.0,0.0,0.34912109375,0.62744140625,5.8740234375,30.594482421875004,101.1703109741211,48.14358139038086,0.0,208.0,208.0,7.537176132202148,0.99889892578125,-0.2521159648895263,-0.0124890208244323,0.0288469046354293,0.2540680603703967,20,P006,0.227783203125,0.042236328125,0.042724609375,0.006103515625,2.660888671875,0.0,0.0,0.0,0.0,0.0,0.0,0.0,0.0556640624999999,0.0,0.0,0.0,0.0,0.0,0.0,0.0,0.0,0.0,2.346923828125,0.0,0.0,0.0,1343,0.2540680603703967,0.6715,0.4174319396296033
149.35073974609375,57.2944719012149,1666.5502735805517,4352,0.12255615234375,0.0,20.920166015625,13.51708984375,0.0,0.0070800781249999,0.0,0.0,2.19970703125,13.034912109375,0.0,0.103515625,5.974365234375,0.21337890625,0.065673828125,0.1328125,0.0,0.0,0.837890625,0.0,0.0,0.387451171875,1.182861328125,6.332275390625,30.64990234375,100.58660125732422,47.87458038330078,0.0,208.0,208.0,7.530925750732422,0.99882080078125,-0.3055530190467834,-0.0089225769042968,0.0242581069469451,0.3066442818313534,21,P006,0.257568359375,0.035888671875,0.051025390625,0.01123046875,4.085205078125,0.0,0.0,0.0,0.0,0.0,0.0,0.0,0.0,0.0,0.0,0.0,0.0,0.0,0.0,0.0,0.0,0.0,0.0,0.0,0.0,0.0,1300,0.3066442818313534,0.65,0.3433557181686466
147.6222802734375,56.101204402627154,1421.5149524866038,4343,0.11168212890625,0.0,19.038818359375,13.623779296875,0.0,0.040771484375,0.0,0.0,2.87060546875,13.258544921875002,0.0,0.112548828125,4.16162109375,0.180419921875,0.0791015625,0.15673828125,0.0,0.0,0.6162109375,0.0,0.0,0.50244140625,1.47509765625,6.22998046875,33.118896484375,101.22991180419922,47.76504898071289,0.0,208.0,208.0,7.526442050933838,0.99879150390625,-0.2212969064712524,-0.0020519793033599,0.0109714567661285,0.2215782125940605,22,P006,0.302734375,0.03173828125,0.060791015625,0.010498046875,4.128662109375,0.0,0.0,0.0,0.0,0.0,0.0,0.0,0.0,0.0,0.0,0.0,0.0,0.0,0.0,0.0,0.0,0.0,0.0,0.0,0.0,0.0,1381,0.2215782125940605,0.6905,0.4689217874059395
145.62062255859374,55.21022227411997,1179.6801244841515,4288,0.1002490234375,0.0,16.246826171875,13.123779296874998,0.0,0.085205078125,0.0,0.0,3.3535156250000004,13.944824218749998,0.0,0.1259765625,2.553955078125,0.17041015625,0.073974609375,0.1767578125,0.0,0.0,0.831787109375,0.003173828125,0.0,0.654541015625,1.45166015625,5.86669921875,37.7275390625,101.29045867919922,47.45352554321289,0.0,208.0,208.0,7.529006004333496,0.99906005859375,-0.1445745527744293,0.0002452135086059,0.0048505365848541,0.1446561064896745,23,P006,0.33154296875,0.03125,0.070556640625,0.00732421875,3.168701171875,0.0,0.0,0.0,0.0,0.0,0.0,0.0,0.0,0.0,0.0,0.0,0.0,0.0,0.0,0.0,0.0,0.0,0.0,0.0,0.0,0.0,1411,0.1446561064896745,0.7055,0.5608438935103255
144.61076904296874,54.927383531936336,1028.1112423351049,4095,0.08741455078125,0.0,13.371582031250002,12.456298828125,0.011962890625,0.110107421875,0.0,0.0,3.59521484375,13.660400390625,0.0,0.142578125,1.6672363281250002,0.14990234375,0.03271484375,0.1875,0.0,0.0,1.435546875,0.020751953125,0.0,0.8244628906250001,1.157470703125,5.70849609375,42.46875,100.18888854980467,47.24773788452149,0.0,208.0,208.0,7.518393516540527,0.999111328125,-0.0492497086524963,0.0003269016742706,0.0012970864772796,0.0492678708733181,24,P006,0.3466796875,0.023193359375,0.0751953125,0.006591796875,2.54736328125,0.0,0.0,0.0,0.0,0.0,0.0,0.0,0.0,0.0,0.0,0.0,0.0,0.0,0.0,0.0,0.0,0.0,0.0,0.0,0.0,0.0,1691,0.0492678708733181,0.8455,0.7962321291266818
144.54513671875,54.92621345578706,933.9925821661948,3989,0.08271728515625,0.0,12.208740234375,11.45361328125,0.01611328125,0.12109375,0.0,0.0,3.55322265625,13.368164062499998,0.0,0.15673828125,1.46240234375,0.110595703125,0.0068359375,0.189453125,0.0,0.0,1.829833984375,0.032470703125,0.0,0.91357421875,0.8156738281249999,5.486328125,45.28857421875,99.48933410644533,47.28971481323242,0.0,208.0,208.0,7.514741897583008,0.9991015625,-0.0879356563091278,0.0008667111396789,0.0019029974937438,0.0879605152223308,25,P006,0.343994140625,0.018310546875,0.074951171875,0.006103515625,2.543212890625,0.0,0.0,0.0,0.0,0.0,0.0,0.0,0.0,0.0,0.0,0.0,0.0,0.0,0.0,0.0,0.0,0.0,0.0,0.0,0.0,0.0,1554,0.0879605152223308,0.777,0.6890394847776692
144.03027099609375,54.18580869958954,847.5172639113426,3788,0.0755029296875,0.0,10.298828125,11.753173828125,0.017822265625,0.13232421875,0.0,0.0,3.683837890625,12.776611328125002,0.0,0.1748046875,0.99462890625,0.057861328125,0.0,0.200439453125,0.0,0.0,1.68505859375,0.058837890625,0.0,0.93896484375,0.658447265625,5.159912109375,48.820068359375,98.3559799194336,47.37509536743164,0.0,208.0,208.0,7.520398139953613,0.99908447265625,-0.0344217717647552,0.0004323422908782,0.000608891248703,0.0344298713304904,26,P006,0.3662109375,0.005859375,0.07861328125,0.005859375,2.1318359375,0.0,0.0,0.0,0.0,0.0,0.0,0.0,0.0,0.0,0.0,0.0,0.0,0.0,0.0,0.0,0.0,0.0,0.0,0.0,0.0,0.0,1761,0.0344298713304904,0.8805,0.8460701286695095
143.613076171875,53.804497779994925,815.3750316526352,3675,0.0721630859375,0.0,9.6484375,12.260498046875,0.017822265625,0.13818359375,0.0,0.0,3.787841796875,12.36767578125,0.0,0.18603515625,0.8232421875,0.0390625,0.0,0.2043457031249999,0.0,0.0,1.451171875,0.07080078125,0.0,0.967041015625,0.633544921875,4.90576171875,50.119873046875,97.75631713867188,47.42213821411133,0.0,208.0,208.0,7.524530410766602,0.9991064453125,-0.0537020117044448,0.000774323940277,0.0008043646812438,0.0537136169067886,27,P006,0.381103515625,0.002197265625,0.081787109375,0.005859375,1.90771484375,0.0,0.0,0.0,0.0,0.0,0.0,0.0,0.0,0.0,0.0,0.0,0.0,0.0,0.0,0.0,0.0,0.0,0.0,0.0,0.0,0.0,1604,0.0537136169067886,0.802,0.7482863830932114
142.33964599609374,53.50012539660825,759.6877855718376,3512,0.06846923828125,0.0,8.261474609375,13.85791015625,0.017333984375,0.142822265625,0.0,0.0,4.0234375,11.697021484375,0.0,0.19287109375,0.62939453125,0.040771484375,0.0,0.19384765625,0.0,0.0,1.04736328125,0.088623046875,0.0,1.10302734375,0.838623046875,4.8759765625,51.21826171875,96.90701293945312,47.4304084777832,0.0,208.0,208.0,7.52667236328125,0.99916259765625,-0.0861951410770416,0.0014853477478027,0.0009364485740661,0.0862130241851826,28,P006,0.4111328125,0.0,0.087646484375,0.0068359375,1.265625,0.0,0.0,0.0,0.0,0.0,0.0,0.0,0.0,0.0,0.0,0.0,0.0,0.0,0.0,0.0,0.0,0.0,0.0,0.0,0.0,0.0,1448,0.0862130241851826,0.724,0.6377869758148174
140.0173681640625,53.49838012394338,722.2571598591269,3324,0.0628271484375,0.0,6.4287109375,15.4697265625,0.017578125,0.149658203125,0.0,0.0,4.299072265625,9.82666015625,0.0,0.215087890625,0.74951171875,0.043212890625,0.0,0.113525390625,0.0,0.0,0.57763671875,0.1240234375,0.0,1.213623046875,1.191162109375,4.965576171875,53.813232421875,95.12014770507812,47.55997085571289,0.0,208.0,208.0,7.521542549133301,0.99915283203125,-0.0308289378881454,0.0006013512611389,0.000232458114624,0.0308356785465385,29,P006,0.462158203125,0.0,0.09765625,0.006591796875,0.235595703125,0.0,0.0,0.0,0.0,0.0,0.0,0.0,0.0,0.0,0.0,0.0,0.0,0.0,0.0,0.0,0.0,0.0,0.0,0.0,0.0,0.0,1774,0.0308356785465385,0.887,0.8561643214534614
139.637958984375,53.26677475231576,706.0032449388266,3261,0.06150634765625,0.0,6.24609375,16.01904296875,0.016845703125,0.15576171875,0.0,0.0,4.22314453125,8.953857421875,0.0,0.2268066406249999,0.72802734375,0.0244140625,0.0,0.06982421875,0.0,0.0,0.2783203125,0.141357421875,0.0,1.244384765625,1.257080078125,4.9072265625,54.86621093750001,94.39178466796876,47.605804443359375,0.0,208.0,208.0,7.517119407653809,0.99908447265625,-0.0622513517737388,0.0013221800327301,0.0003119707107543,0.0622661728663413,30,P006,0.4880371093749999,0.0,0.10498046875,0.0070800781249999,0.04150390625,0.0,0.0,0.0,0.0,0.0,0.0,0.0,0.0,0.0,0.0,0.0,0.0,0.0,0.0,0.0,0.0,0.0,0.0,0.0,0.0,0.0,1496,0.0622661728663413,0.748,0.6857338271336587
139.57845703125,52.1492626270125,662.2308315902711,3179,0.059052734375,0.0,5.729248046875,15.79833984375,0.019287109375,0.181396484375,0.0,0.0,3.9580078125,7.514892578125,0.0,0.255615234375,0.642578125,0.0,0.0,0.027099609375,0.0,0.0,0.10498046875,0.19091796875,0.0,1.33740234375,0.91015625,4.454833984375,58.291015625,94.34262084960938,48.15287399291992,0.0,208.0,208.0,7.514732837677002,0.998330078125,-0.0737418374046683,0.0017469823360443,0.0001057386398315,0.0737626037485048,31,P006,0.468505859375,0.0,0.111083984375,0.004638671875,0.0,0.0,0.0,0.0,0.0,0.0,0.0,0.0,0.0,0.0,0.0,0.0,0.0,0.0,0.0,0.0,0.0,0.0,0.0,0.0,0.0,0.0,1355,0.0737626037485048,0.6775,0.6037373962514951
140.56201171875,49.74496163691028,652.0461352606773,3096,0.05628173828125,0.0,5.17578125,15.058837890624998,0.021484375,0.2084960937499999,0.0,0.0,3.48828125,6.404541015625,0.0,0.299560546875,0.65380859375,0.0,0.0,0.029296875,0.0,0.0,0.0263671875,0.2783203125,0.0,1.259521484375,0.60400390625,3.40380859375,62.58251953125,96.8840789794922,49.0742416381836,0.0,208.0,208.0,7.5317535400390625,0.99762451171875,-0.1594583028927445,0.004423052072525,-0.0007142722606658,0.1595212334955221,32,P006,0.390869140625,0.0,0.114013671875,0.00048828125,0.0,0.0,0.0,0.0,0.0,0.0,0.0,0.0,0.0,0.0,0.0,0.0,0.0,0.0,0.0,0.0,0.0,0.0,0.0,0.0,0.0,0.0,997,0.1595212334955221,0.4985,0.3389787665044779
145.25715087890626,42.99867627059157,577.706481056875,3063,0.05164306640625,0.0,3.673583984375,14.1171875,0.02392578125,0.236328125,0.0,0.03955078125,1.34912109375,4.704345703125,0.0,0.31201171875,0.631591796875,0.0,0.0,0.0,0.0,0.0,0.0,0.517578125,0.0,1.31494140625,0.6005859375,3.11328125,69.22314453125,101.77538299560548,49.70900344848633,0.0,208.0,208.0,7.548996925354004,0.9978515625,-0.1131668984889984,0.003653734922409,-0.0012595355510711,0.113232871209322,33,P006,0.142822265625,0.0,0.0,0.0,0.0,0.0,0.0,0.0,0.0,0.0,0.0,0.0,0.0,0.0,0.0,0.0,0.0,0.0,0.0,0.0,0.0,0.0,0.0,0.0,0.0,0.0,1003,0.113232871209322,0.5015,0.3882671287906779
148.71501708984374,37.11119177230031,499.3716668195186,2830,0.04391357421875,0.0,3.051513671875,13.66259765625,0.023681640625,0.24462890625,0.0,0.2255859375,0.2143554687499999,4.2705078125,0.0,0.3564453125,0.6611328125,0.0,0.0517578125,0.0,0.0,0.0,0.0,0.756103515625,0.0,1.491943359375,0.700927734375,3.3916015625,70.897216796875,104.10877227783205,49.51546096801758,0.0,208.0,208.0,7.557696342468262,0.99806884765625,-0.1581237614154815,0.005825787782669,-0.0028148591518402,0.1582560809558783,34,P006,0.0,0.0,0.0,0.0,0.0,0.0,0.0,0.0,0.0,0.0,0.0,0.0,0.0,0.0,0.0,0.0,0.0,0.0,0.0,0.0,0.0,0.0,0.0,0.0,0.0,0.0,1009,0.1582560809558783,0.5045,0.3462439190441215
150.8485888671875,37.939125846299625,497.2637637042761,3273,0.0396337890625,0.0,2.754638671875,13.083251953125,0.0234375,0.24560546875,0.0,0.55810546875,0.2104492187499999,5.97509765625,0.0,0.31884765625,0.7255859375,0.0,0.058837890625,0.0,0.0,0.0,0.0,1.18115234375,0.0,1.790283203125,1.314697265625,3.902587890625,67.857421875,105.71792602539062,49.38892364501953,0.0,208.0,208.0,7.558458805084228,0.9980224609375,-0.0865416228771209,0.0035780370235443,-0.002095490694046,0.0866409021213221,35,P006,0.0,0.0,0.0,0.0,0.0,0.0,0.0,0.0,0.0,0.0,0.0,0.0,0.0,0.0,0.0,0.0,0.0,0.0,0.0,0.0,0.0,0.0,0.0,0.0,0.0,0.0,1376,0.0866409021213221,0.688,0.6013590978786778
151.54157470703126,39.05220745727344,536.4700067176756,3580,0.0426904296875,0.0,3.256103515625,14.2568359375,0.0234375,0.250244140625,0.0,0.668701171875,0.2062988281249999,7.480468749999999,0.0,0.285888671875,0.731689453125,0.0,0.057861328125,0.0,0.0,0.0,0.0,1.510986328125,0.0,1.88037109375,1.708251953125,4.03955078125,63.643310546875,106.52696228027344,49.17243194580078,0.0,208.0,208.0,7.5492844581604,0.99793701171875,-0.1421400308609008,0.0069200098514556,-0.0039207339286804,0.1423623793845186,36,P006,0.0,0.0,0.0,0.0,0.0,0.0,0.0,0.0,0.0,0.0,0.0,0.0,0.0,0.0,0.0,0.0,0.0,0.0,0.0,0.0,0.0,0.0,0.0,0.0,0.0,0.0,1283,0.1423623793845186,0.6415,0.4991376206154814
152.36114013671877,42.637784123129066,730.3841749236822,4510,0.04863525390625,0.0,3.831298828125,16.0009765625,0.0263671875,0.280517578125,0.0,1.298828125,0.21484375,10.521240234375,0.0,0.23095703125,0.618896484375,0.0,0.066162109375,0.0,0.0,0.0,0.0,2.62353515625,0.0,2.032470703125,1.692138671875,4.058837890625,56.5029296875,107.6729507446289,48.70722579956055,0.0,208.0,208.0,7.548576831817627,0.99847412109375,-0.1679830551147461,0.0112693905830383,0.0019596815109252,0.1683720473279966,37,P006,0.0,0.0,0.0,0.0,0.0,0.0,0.0,0.0,0.0,0.0,0.0,0.0,0.0,0.0,0.0,0.0,0.0,0.0,0.0,0.0,0.0,0.0,0.0,0.0,0.0,0.0,1358,0.1683720473279966,0.679,0.5106279526720033
156.3013818359375,47.40330344794579,883.0422273690166,4878,0.06076171875,0.0,4.49267578125,20.138671875,0.029541015625,0.336181640625,0.0,1.9013671875,0.227294921875,16.30615234375,0.0,0.13330078125,0.64208984375,0.0,0.07666015625,0.0,0.0,0.0,0.0,4.408935546875,0.0,2.117431640625,1.54736328125,3.34033203125,44.302001953125,103.57565307617188,48.53460693359375,0.0,208.0,208.0,7.555331707000732,0.99923828125,-0.1341696381568908,0.0097696781158447,0.0227158963680267,0.1364292870370624,38,P006,0.0,0.0,0.0,0.0,0.0,0.0,0.0,0.0,0.0,0.0,0.0,0.0,0.0,0.0,0.0,0.0,0.0,0.0,0.0,0.0,0.0,0.0,0.0,0.0,0.0,0.0,1408,0.1364292870370624,0.704,0.5675707129629375
159.84150390625,51.7821026359719,1069.2832605986057,4962,0.07047119140625,0.0,5.027099609375,24.43017578125,0.033935546875,0.401123046875,0.0,2.278076171875,0.239501953125,22.856201171875,0.0,0.121826171875,0.640869140625,0.0,0.0981445312499999,0.0,0.0,0.0,0.0,5.476318359375,0.0,2.11181640625,1.325439453125,2.3779296875,32.58154296875,98.86788177490234,48.9178466796875,0.0,208.0,208.0,7.530945301055908,0.99826171875,-0.1420544385910034,0.0141372680664062,0.0337234437465667,0.1466853657660315,39,P006,0.0,0.0,0.0,0.0,0.0,0.0,0.0,0.0,0.0,0.0,0.0,0.0,0.0,0.0,0.0,0.0,0.0,0.0,0.0,0.0,0.0,0.0,0.0,0.0,0.0,0.0,1411,0.1466853657660315,0.7055,0.5588146342339685
167.77064453125,53.28779361920823,1172.6987199942523,4995,0.07792236328125,0.0,5.9677734375,25.929931640625,0.037353515625,0.3623046875,0.0,2.787109375,0.228271484375,25.742431640625004,0.0,0.137939453125,0.676513671875,0.0,0.268310546875,0.0,0.0,0.0,0.0,6.365478515625,0.0,2.26708984375,1.715087890625,1.586181640625,25.92822265625,94.65433502197266,49.402976989746094,0.0,208.0,208.0,7.539213180541992,0.99770263671875,-0.1421340703964233,0.032664954662323,0.0268976092338562,0.1482989366551367,40,P006,0.0,0.0,0.0,0.0,0.0,0.0,0.0,0.0,0.0,0.0,0.0,0.0,0.0,0.0,0.0,0.0,0.0,0.0,0.0,0.0,0.0,0.0,0.0,0.0,0.0,0.0,1453,0.1482989366551367,0.7265,0.5782010633448633
169.85089111328125,56.85584198659576,1212.5008146335542,4979,0.08528076171875,0.0,7.5361328125,26.5634765625,0.018798828125,0.0830078125,0.0,3.1337890625000004,0.158203125,28.878173828125,0.0,0.14794921875,0.749755859375,0.0,0.273681640625,0.0,0.0,0.0,0.0,7.570556640624999,0.0,2.251953125,3.631103515625,1.03076171875,17.97265625,92.71327209472656,49.499549865722656,0.0,208.0,208.0,7.538741111755371,0.99766845703125,-0.0434715747833251,0.0244756937026977,-0.0051335394382476,0.0501516761787136,41,P006,0.0,0.0,0.0,0.0,0.0,0.0,0.0,0.0,0.0,0.0,0.0,0.0,0.0,0.0,0.0,0.0,0.0,0.0,0.0,0.0,0.0,0.0,0.0,0.0,0.0,0.0,1869,0.0501516761787136,0.9345,0.8843483238212864
169.89802734375,57.2998468432252,1198.3084836060466,4970,0.08699462890625,0.0,7.988037109375,25.86474609375,0.0,0.078369140625,0.0,3.142333984375,0.1201171875,30.28076171875,0.0,0.140380859375,0.8593750000000001,0.0,0.270263671875,0.0,0.0,0.0,0.0,7.29541015625,0.0,2.01806640625,4.334228515625,0.52587890625,17.08203125,91.67996215820312,49.32191848754883,0.0,208.0,208.0,7.527469635009766,0.99749755859375,-0.0039359331130981,0.0042638182640075,-0.0029472112655639,0.0065082847128205,42,P006,0.0,0.0,0.0,0.0,0.0,0.0,0.0,0.0,0.0,0.0,0.0,0.0,0.0,0.0,0.0,0.0,0.0,0.0,0.0,0.0,0.0,0.0,0.0,0.0,0.0,0.0,2839,0.0065082847128205,1.0,0.9934917152871794
171.95421630859374,55.57820948164516,1140.289951748252,4978,0.0829052734375,0.0,7.557128906250001,24.95068359375,0.0,0.07958984375,0.0,3.195068359375,0.1240234375,30.917724609375004,0.0,0.14013671875,0.892578125,0.0,0.26171875,0.0,0.0,0.0,0.0,6.844238281249999,0.0,2.080078125,3.17236328125,0.559814453125,19.224853515625,90.77468872070312,49.07036972045898,0.0,208.0,208.0,7.52013635635376,0.99742919921875,0.0345358848571777,0.0404297113418579,-0.0780180394649505,0.0944145295174888,43,P006,0.0,0.0,0.0,0.0,0.0,0.0,0.0,0.0,0.0,0.0,0.0,0.0,0.0,0.0,0.0,0.0,0.0,0.0,0.0,0.0,0.0,0.0,0.0,0.0,0.0,0.0,1730,0.0944145295174888,0.865,0.7705854704825111
173.37151123046874,52.98576159726644,1013.505942418331,4964,0.074619140625,0.0,6.989013671875,22.01708984375,0.0,0.057373046875,0.0,3.009765625,0.09375,32.078125,0.0,0.086181640625,1.058837890625,0.0,0.244140625,0.0,0.0,0.0,0.0,4.993408203125,0.0,1.7109375,2.4296875,1.544189453125,23.6875,90.3158187866211,48.640872955322266,0.0,208.0,208.0,7.519235134124756,0.9983154296875,0.1134141683578491,0.0178480148315429,-0.1063174456357956,0.1564759549076147,44,P006,0.0,0.0,0.0,0.0,0.0,0.0,0.0,0.0,0.0,0.0,0.0,0.0,0.0,0.0,0.0,0.0,0.0,0.0,0.0,0.0,0.0,0.0,0.0,0.0,0.0,0.0,1528,0.1564759549076147,0.764,0.6075240450923853
173.07577392578125,50.32108887298598,977.9978030230938,4832,0.06744873046875,0.0,5.71484375,19.667724609375,0.0,0.09716796875,0.0,2.725341796875,0.903076171875,33.283935546875,0.0,0.172119140625,1.378173828125,0.0,0.22802734375,0.0500488281249999,0.0,0.0,0.04443359375,3.939453125,0.0,1.019287109375,0.188232421875,2.69384765625,27.55322265625,95.0256576538086,50.16085815429688,0.0,208.0,208.0,7.528657913208008,0.9969384765625,0.0479892492294311,0.0034665465354919,-0.0383523553609848,0.0615295713313724,45,P006,0.341064453125,0.0,0.0,0.0,0.0,0.0,0.0,0.0,0.0,0.0,0.0,0.0,0.0,0.0,0.0,0.0,0.0,0.0,0.0,0.0,0.0,0.0,0.0,0.0,0.0,0.0,1988,0.0615295713313724,0.994,0.9324704286686276
172.23570068359376,49.5950013564192,975.345458107418,4835,0.06613525390625,0.0,5.440673828125,19.2314453125,0.0,0.1000976562499999,0.0,2.52001953125,1.580322265625,33.216064453125,0.0,0.172119140625,1.37353515625,0.0,0.2185058593749999,0.06884765625,0.0,0.0,0.108154296875,3.831787109375,0.0,0.91064453125,0.0,2.67041015625,28.199951171875,95.14073944091795,50.541446685791016,0.0,208.0,208.0,7.504681587219238,0.9961181640625,0.0134104490280151,0.0007466077804565,-0.0102910697460174,0.0169205107141665,46,P006,0.357421875,0.0,0.0,0.0,0.0,0.0,0.0,0.0,0.0,0.0,0.0,0.0,0.0,0.0,0.0,0.0,0.0,0.0,0.0,0.0,0.0,0.0,0.0,0.0,0.0,0.0,2613,0.0169205107141665,1.0,0.9830794892858334
171.19162841796876,49.76699904632357,962.114916198915,4863,0.0672119140625,0.0,5.716064453125,19.640869140625,0.0,0.099853515625,0.0,2.390869140625,1.554931640625,32.70068359375,0.0,0.1669921875,1.383544921875,0.0,0.210693359375,0.097900390625,0.0,0.0,0.04833984375,3.817626953125,0.0,1.12548828125,0.04345703125,2.579345703125,28.031982421875,95.9045639038086,50.59760665893555,0.0,208.0,208.0,7.513972282409668,0.99655029296875,0.0365407466888427,0.0016419291496276,-0.0272379219532012,0.0456051147596325,47,P006,0.391357421875,0.0,0.0,0.0,0.0,0.0,0.0,0.0,0.0,0.0,0.0,0.0,0.0,0.0,0.0,0.0,0.0,0.0,0.0,0.0,0.0,0.0,0.0,0.0,0.0,0.0,2075,0.0456051147596325,1.0,0.9543948852403674
169.92404541015625,49.590202643117294,965.4838608450827,4861,0.0675146484375,0.0,5.84033203125,19.7587890625,0.025390625,0.10595703125,0.0,2.159912109375,1.555419921875,32.203369140625,0.0,0.15625,1.4140625,0.0,0.224853515625,0.21826171875,0.0,0.0,0.03125,3.760986328125,0.0,1.31005859375,0.161376953125,2.715087890625,27.885498046875,96.48563385009766,50.63748550415039,0.0,208.0,208.0,7.515588283538818,0.99680908203125,0.1186344623565673,0.0023308396339416,-0.0817221067845821,0.1440766157616898,48,P006,0.465087890625,0.0,0.008056640625,0.0,0.0,0.0,0.0,0.0,0.0,0.0,0.0,0.0,0.0,0.0,0.0,0.0,0.0,0.0,0.0,0.0,0.0,0.0,0.0,0.0,0.0,0.0,1563,0.1440766157616898,0.7815,0.6374233842383101
168.49249267578125,48.629964372298495,993.3855366580724,4816,0.06380126953125,0.0,5.244384765625,17.976318359375,0.0263671875,0.1164550781249999,0.0,1.744873046875,2.785400390625,31.206298828125,0.0,0.1455078125,1.4990234375,0.0,0.2246093749999999,0.37353515625,0.0,0.0,0.258544921875,3.956298828125,0.0,1.148193359375,0.138427734375,3.26171875,29.031494140625004,95.87167358398438,50.67408752441406,0.0,208.0,208.0,7.517325401306152,0.99708251953125,0.1381420493125915,-0.0012204051017761,-0.0851472467184066,0.1622799088014906,49,P006,0.71923828125,0.0,0.143310546875,0.0,0.0,0.0,0.0,0.0,0.0,0.0,0.0,0.0,0.0,0.0,0.0,0.0,0.0,0.0,0.0,0.0,0.0,0.0,0.0,0.0,0.0,0.0,1464,0.1622799088014906,0.732,0.5697200911985093
168.56037841796876,46.992885120064514,951.7033711612464,4761,0.0602978515625,0.0,4.552490234375,14.630615234375,0.009765625,0.1184082031249999,0.0,1.330322265625,3.24951171875,31.44580078125,0.0,0.135498046875,1.6469726562499998,0.0,0.2165527343749999,0.364501953125,0.0,0.0,0.8681640625,3.753662109375,0.0,0.901611328125,0.069091796875,3.767333984375,31.95166015625,96.06581115722656,50.76680374145508,0.0,208.0,208.0,7.534842491149902,0.997109375,0.1158217191696167,-0.0032901167869567,-0.0647015385329723,0.1327093990206084,50,P006,0.837158203125,0.018798828125,0.132080078125,0.0,0.0,0.0,0.0,0.0,0.0,0.0,0.0,0.0,0.0,0.0,0.0,0.0,0.0,0.0,0.0,0.0,0.0,0.0,0.0,0.0,0.0,0.0,1493,0.1327093990206084,0.7465,0.6137906009793916
169.9784765625,46.48613117085382,878.7003643815758,4578,0.05678955078125,0.0,4.062744140625,12.010498046875,0.001220703125,0.123046875,0.0,1.283203125,3.302001953125,32.50537109375,0.0,0.129150390625,1.7802734375,0.0,0.207275390625,0.52978515625,0.0,0.0,1.523193359375,3.0126953125,0.0,0.726806640625,0.0224609375,4.168212890625,33.209716796875,95.91309356689452,50.79338455200195,0.0,208.0,208.0,7.548330307006836,0.99714599609375,0.1433088779449463,-0.0061608552932739,-0.074751578271389,0.1617503913128118,51,P006,0.870361328125,0.328857421875,0.122314453125,0.080322265625,0.0,0.0,0.0,0.0,0.0,0.00048828125,0.0,0.0,0.0,0.0,0.0,0.0,0.0,0.0,0.0,0.0,0.0,0.0,0.0,0.0,0.0,0.0,1327,0.1617503913128118,0.6635,0.5017496086871881
171.75300048828126,45.437274753686445,816.2497940568679,4247,0.05447021484375,0.37353515625,3.52587890625,8.95751953125,0.0,0.126220703125,0.0,0.789306640625,3.10546875,33.570556640625,0.0,0.120361328125,1.896728515625,0.0,0.198974609375,0.626708984375,0.0,0.0,2.485107421875,2.0654296875,0.0,0.530029296875,0.0,4.519287109375,35.400390625,95.38444519042967,50.33718490600586,0.0,208.0,208.0,7.557772636413574,0.99733642578125,0.1356632709503173,-0.007597804069519,-0.0673643499612808,0.1516581859225671,52,P006,0.8410644531250001,0.445556640625,0.112548828125,0.074951171875,0.051025390625,0.0,0.0,0.0,0.0,0.183349609375,0.0,0.0,0.0,0.0,0.0,0.0,0.0,0.0,0.0,0.0,0.0,0.0,0.0,0.0,0.0,0.0,1237,0.1516581859225671,0.6185,0.4668418140774329
172.32454345703124,45.28330607134962,656.0616576029719,3752,0.05408203125,0.704833984375,3.06591796875,6.799072265625,0.0,0.124755859375,0.0,0.71533203125,2.6943359375,33.59619140625,0.0,0.1142578125,2.33837890625,0.0,0.188720703125,0.6044921875,0.0,0.0,3.5322265625,1.236083984375,0.0,0.381591796875,0.0,4.8125,36.7451171875,94.80601501464844,49.40206527709961,0.0,208.0,208.0,7.538119316101074,0.99762939453125,0.1885232478380203,-0.013166069984436,-0.0903510749340057,0.2094699909675871,53,P006,0.810302734375,0.416259765625,0.1042480468749999,0.0703125,0.775634765625,0.0,0.0,0.0,0.0,0.16943359375,0.0,0.0,0.0,0.0,0.0,0.0,0.0,0.0,0.0,0.0,0.0,0.0,0.0,0.0,0.0,0.0,1122,0.2094699909675871,0.561,0.3515300090324129
169.926298828125,49.48008252984933,621.4746699191988,3543,0.05311767578125,0.9970703125,2.227783203125,4.64990234375,0.0,0.111083984375,0.0,0.753662109375,2.17138671875,32.668212890625,0.0,0.095458984375,3.93359375,0.0,0.175048828125,0.56884765625,0.0,0.0,5.264404296875,0.7265625,0.0,0.182861328125,0.0,4.901611328125,36.85302734375,97.18238067626952,48.61456298828125,0.0,208.0,208.0,7.538793087005615,0.99874755859375,0.2309388676658272,-0.0203953385353088,-0.1083840131759643,0.2559215206755226,54,P006,0.7685546875,0.378173828125,0.0927734375,0.06396484375,2.264404296875,0.0,0.0,0.0,0.0,0.151611328125,0.0,0.0,0.0,0.0,0.0,0.0,0.0,0.0,0.0,0.0,0.0,0.0,0.0,0.0,0.0,0.0,1075,0.2559215206755226,0.5375,0.2815784793244774
164.497265625,58.875317038555146,647.6546151413859,3319,0.05344482421875,1.18798828125,1.023681640625,1.74560546875,0.0,0.093505859375,0.000244140625,0.80810546875,1.645751953125,31.288330078125,0.0,0.040283203125,6.203369140625,0.0070800781249999,0.434326171875,0.5380859375,0.0,0.0,7.5439453125,0.39501953125,0.0,0.00146484375,0.0,4.480224609375,37.020751953125,100.32202911376952,48.1125602722168,0.0,208.0,208.0,7.538100719451904,0.99856689453125,0.1637890627607703,-0.0178200006484985,-0.0771457254886627,0.1819227101390482,55,P006,0.712890625,0.33984375,0.0830078125,0.056884765625,4.21484375,0.0,0.0,0.0,0.0,0.134765625,0.0,0.0,0.0,0.0,0.0,0.0,0.0,0.0,0.0,0.0,0.0,0.0,0.0,0.0,0.0,0.0,1343,0.1819227101390482,0.6715,0.4895772898609518
161.7242236328125,63.11156893881452,669.1160033391413,3388,0.0526953125,1.26953125,0.210205078125,1.3271484375,0.0,0.078369140625,0.0,0.85107421875,1.35400390625,30.92236328125,0.0,0.012939453125,7.291259765624999,0.03857421875,0.7265625,0.51904296875,0.0,0.0,9.352783203125,0.182373046875,0.0,0.0,0.0,3.89794921875,35.02587890625,102.27256774902344,47.9266471862793,0.0,208.0,208.0,7.544765472412109,0.99865966796875,0.1756309568881988,-0.0228660702705383,-0.0842900872230529,0.1961476713885521,56,P006,0.677001953125,0.313720703125,0.075927734375,0.052734375,5.697021484375,0.0,0.0,0.0,0.0,0.123046875,0.0,0.0,0.00048828125,0.0,0.0,0.0,0.0,0.0,0.0,0.0,0.0,0.0,0.0,0.0,0.0,0.0,1401,0.1961476713885521,0.7005,0.5043523286114479
160.25982421875,64.64674959026392,702.2009130095482,3687,0.0529736328125,1.335205078125,0.32861328125,1.513427734375,0.0,0.071044921875,0.00048828125,0.89990234375,1.081298828125,31.50439453125,0.0,0.00048828125,7.134033203124999,0.05078125,0.6484375,0.499755859375,0.0,0.0,11.762939453125,0.1513671875,0.0,0.0,0.0,3.14501953125,32.92626953125,104.5507354736328,48.02433776855469,0.0,208.0,208.0,7.535011291503906,0.99870361328125,0.1186527013778686,-0.0166157484054565,-0.0560231804847717,0.1322616474680714,57,P006,0.6494140625,0.291259765625,0.071044921875,0.048828125,5.6494140625,0.0,0.0,0.0,0.0,0.1132812499999999,0.0,0.0,0.123291015625,0.0,0.0,0.0,0.0,0.0,0.0,0.0,0.0,0.0,0.0,0.0,0.0,0.0,1671,0.1322616474680714,0.8355,0.7032383525319286
159.093955078125,64.67498596182332,743.3741664207222,3731,0.0552294921875,1.3759765625,0.58544921875,1.80322265625,0.0,0.07421875,0.000244140625,0.95068359375,1.0126953125,32.057861328125,0.0,0.0,6.63916015625,0.001708984375,0.59228515625,0.4919433593749999,0.0,0.0,13.277099609375002,0.13671875,0.0,0.0,0.0,2.5517578125,31.8916015625,106.2524871826172,48.11998748779297,0.0,208.0,208.0,7.532321929931641,0.99877197265625,0.1790297925472259,-0.0242228507995605,-0.0787546634674072,0.1970804661508215,58,P006,0.635498046875,0.27880859375,0.068115234375,0.1787109375,5.176513671875,0.0,0.0,0.0,0.0,0.1083984375,0.0,0.0,0.1113281249999999,0.0,0.0,0.0,0.0,0.0,0.0,0.0,0.0,0.0,0.0,0.0,0.0,0.0,1476,0.1970804661508215,0.738,0.5409195338491785
154.9872607421875,65.0149973595064,824.2657690614459,3700,0.05915283203125,1.421142578125,1.108154296875,2.246826171875,0.0,0.078125,0.00146484375,0.8923339843749999,1.312744140625,32.6982421875,0.0,0.0,5.92236328125,0.0,0.514892578125,0.48681640625,0.0,0.0,15.569091796875,0.10498046875,0.0,0.0,0.0,1.763916015625,29.951171875,108.84790802001952,48.320838928222656,0.0,208.0,208.0,7.535304069519043,0.99892578125,0.1217514872550964,-0.0137024819850921,-0.0461488366127014,0.1309232514952386,59,P006,0.611572265625,0.25927734375,0.06494140625,0.158203125,4.63818359375,0.0,0.0,0.0,0.0,0.099853515625,0.0,0.0,0.095703125,0.0,0.0,0.0,0.0,0.0,0.0,0.0,0.0,0.0,0.0,0.0,0.0,0.0,1527,0.1309232514952386,0.7635,0.6325767485047613
151.81998291015626,64.50941862554613,857.3055633846285,3582,0.06076171875,1.36865234375,1.641845703125,2.511962890625,0.0,0.080810546875,0.002197265625,0.838623046875,1.583740234375,32.836669921875,0.0,0.0,5.514892578125,0.0,0.49658203125,0.4814453125,0.0,0.0,17.266357421875,0.108154296875,0.0,0.0,0.0,1.17724609375,27.92431640625,110.10267639160156,48.53910827636719,0.0,208.0,208.0,7.539191722869873,0.9989453125,0.0767602920532226,-0.0065093040466308,-0.0245468020439147,0.0808520807762587,60,P006,0.8706054687499999,0.251953125,0.062744140625,0.142822265625,4.34033203125,0.0,0.0,0.0,0.0,0.095947265625,0.0,0.0,0.0859375,0.0,0.0,0.0,0.0,0.0,0.0,0.0,0.0,0.0,0.316162109375,0.0,0.0,0.0,1641,0.0808520807762587,0.8205,0.7396479192237413
151.1632470703125,62.74759660489722,878.6906760860444,3480,0.0631689453125,1.1318359375,1.884765625,2.275634765625,0.0,0.081787109375,0.0009765625,0.70849609375,1.760498046875,32.478271484375,0.0,0.0,5.26708984375,0.0,0.834228515625,0.478515625,0.0,0.0,18.568115234375,0.1113281249999999,0.0,0.0,0.0,0.90478515625,25.815673828125004,109.9419403076172,48.772891998291016,0.0,208.0,208.0,7.547544002532959,0.998828125,0.0728129148483276,-0.0041394233703613,-0.0192814469337463,0.0754362617738165,61,P006,1.065673828125,0.2509765625,0.063720703125,0.13525390625,4.235107421875,0.0,0.0,0.0,0.0,0.0947265625,0.0,0.0,0.08154296875,0.0,0.0,0.0,0.0,0.0,0.0,0.0,0.0,0.0,1.7709960937500002,0.0,0.0,0.0,1631,0.0754362617738165,0.8155,0.7400637382261834
150.9942236328125,60.888064008505765,878.216820533657,3499,0.0626416015625,0.892822265625,1.79443359375,2.001220703125,0.0,0.082275390625,0.002685546875,0.57763671875,1.7907714843749998,31.41064453125,0.0,0.0,5.01806640625,0.0,1.093505859375,0.4780273437499999,0.0,0.0,20.0859375,0.1142578125,0.0,0.0,0.0,0.822265625,24.12548828125,109.0104522705078,48.94406127929688,0.0,208.0,208.0,7.557929039001465,0.99847900390625,0.0304127931594848,-0.0010180473327636,-0.0067285299301147,0.0311648443466962,62,P006,1.024658203125,0.248779296875,0.06201171875,0.131103515625,4.19189453125,0.0,0.0,0.0,0.0,0.091552734375,0.0,0.0,0.078125,0.0,0.0,0.0,0.0,0.0,0.0,0.0,0.0,0.0,3.8818359375,0.0,0.0,0.0,1969,0.0311648443466962,0.9845,0.9533351556533036
151.1252685546875,59.896468384844745,843.1610351533652,3573,0.06009765625,0.776611328125,1.5458984375,1.8427734375,0.0,0.08154296875,0.00341796875,0.51123046875,1.7373046875,30.707763671875,0.0,0.0,4.8779296875,0.0,1.017333984375,0.4794921875,0.0,0.0,21.280517578125,0.1132812499999999,0.0,0.0,0.0,0.8447265625,23.29248046875,108.11174774169922,49.12907028198242,0.0,208.0,208.0,7.56562614440918,0.99814697265625,0.0720165371894836,-0.0004495382308959,-0.0124343633651733,0.0730834940713871,63,P006,0.990478515625,0.25048828125,0.0612792968749999,0.127685546875,4.224609375,0.0,0.0,0.0,0.0,0.092529296875,0.0,0.0,0.0771484375,0.0,0.0,0.0,0.0,0.0,0.0,0.0,0.0,0.0,5.0634765625,0.0,0.0,0.0,1786,0.0730834940713871,0.893,0.8199165059286129
150.50175537109374,58.64389335120428,852.1017116638183,3567,0.05943359375,0.636474609375,1.558349609375,1.786376953125,0.0,0.0810546875,0.0068359375,0.424560546875,1.577880859375,28.99609375,0.0,0.0,4.623779296875,0.0,0.936279296875,0.4719238281249999,0.0,0.0,22.17724609375,0.093505859375,0.0,0.0,0.0,0.873779296875,22.455078125,106.50568389892578,49.34884262084961,0.0,208.0,208.0,7.571235656738281,0.9976806640625,0.167966604232788,0.0078789591789245,-0.0119519233703613,0.1685755219700897,64,P006,0.911865234375,0.24462890625,0.0615234375,0.1259765625,4.120361328125,0.0,0.0,0.0,0.0,0.091796875,0.0,0.0,0.07373046875,0.0,0.0,0.0,0.0,0.0,0.0,0.0,0.0,0.0,7.6708984375,0.0,0.0,0.0,1454,0.1685755219700897,0.727,0.5584244780299102
148.43505126953124,56.5032115066804,891.2645313911202,3625,0.06189208984375,0.446533203125,2.020751953125,1.85693359375,0.0,0.075439453125,0.01220703125,0.331298828125,1.28369140625,25.154541015625,0.0,0.0,4.15380859375,0.0,0.8044433593750001,0.4514160156249999,0.0,0.0,22.35302734375,0.064208984375,0.0,0.0,0.0,0.845947265625,20.840576171875,104.90648651123048,49.78023910522461,0.0,208.0,208.0,7.567920207977295,0.997763671875,0.2511836290359497,0.026304692029953,0.0166066884994506,0.2531026163858803,65,P006,0.732421875,0.227294921875,0.0595703125,0.115234375,3.701416015625,0.0,0.0,0.0,0.0,0.08642578125,0.0,0.0,0.067626953125,0.0,0.0,0.0,0.0,0.0,0.0,0.0,0.0,0.0,14.315185546875,0.0,0.0,0.0,1255,0.2531026163858803,0.6275,0.3743973836141196
170.9464990234375,59.53314710682093,818.974709379524,3464,0.05953857421875,0.28564453125,3.175537109375,2.065185546875,0.0,0.06396484375,0.012451171875,0.266357421875,0.937744140625,43.8515625,0.0,0.0,3.63671875,0.0,0.669921875,0.4104003906249999,0.0,0.0,18.7734375,0.04052734375,0.0,0.0,0.0,0.716552734375,17.938232421875,106.38434600830078,48.59627532958984,0.0,208.0,208.0,7.506125450134277,0.99813232421875,0.2040162086486816,0.0237343907356262,0.0322787165641784,0.2079130833738087,66,P006,0.56494140625,0.2001953124999999,0.054931640625,0.1010742187499999,3.048583984375,0.0,0.0,0.0,0.0,0.0771484375,0.0,0.0,0.0595703125,0.0,0.0,0.0,0.0,0.0,0.0,0.0,0.0,0.0,3.04931640625,0.0,0.0,0.0,1086,0.2079130833738087,0.543,0.3350869166261913
196.160234375,54.71902478642944,752.4668651771307,3113,0.05013671875,0.2294921875,4.562255859375,1.7187500000000002,0.0,0.055419921875,0.0078125,0.266845703125,0.522216796875,64.917724609375,0.0,0.0,2.759033203125,0.0,0.5322265625,0.373291015625,0.0,0.0,9.4716796875,0.030517578125,0.0,0.0,0.0,0.60302734375,10.681640625,113.56470489501952,47.93867492675781,0.0,208.0,208.0,7.497030735015869,0.99831787109375,0.1200816631317138,0.0102777481079101,0.0217540264129638,0.1224682636107166,67,P006,0.4291992187499999,0.177001953125,0.0505371093749999,0.030029296875,2.509521484375,0.0,0.0,0.0,0.0,0.07177734375,0.0,0.0,0.0,0.0,0.0,0.0,0.0,0.0,0.0,0.0,0.0,0.0,0.0,0.0,0.0,0.0,954,0.1224682636107166,0.477,0.3545317363892833
207.4713525390625,47.13695383271674,604.6747231662512,2524,0.04235595703125,0.22705078125,4.550537109375,1.135009765625,0.0,0.0495605468749999,0.0,0.299560546875,0.498291015625,74.884033203125,0.0,0.0,0.810791015625,0.0,0.2548828125,0.350341796875,0.0,0.0,6.015869140625,0.0275878906249999,0.0,0.0,0.0,0.52001953125,8.240478515625,114.58324432373048,48.74828338623047,0.0,208.0,208.0,7.488328456878662,0.9978173828125,0.11564302444458,0.0071016550064086,0.0218154191970825,0.1178967986048146,68,P006,0.400634765625,0.16455078125,0.0478515625,0.0278320312499999,1.364013671875,0.0,0.0,0.0,0.0,0.06787109375,0.0,0.0,0.0,0.0,0.0,0.0,0.0,0.0,0.0,0.0,0.0,0.063232421875,0.0,0.0,0.0,0.0,803,0.1178967986048146,0.4015,0.2836032013951853
213.60809326171875,45.350256957167794,481.4843611083985,1956,0.0367626953125,0.2185058593749999,3.69873046875,0.754150390625,0.0,0.044189453125,0.0,0.318359375,0.425048828125,80.060791015625,0.0,0.0,0.740234375,0.0,0.25830078125,0.22607421875,0.0,0.0,3.5341796875,0.02001953125,0.0,0.0,0.0,0.466552734375,6.721923828125,111.29161071777344,50.10519790649414,0.0,208.0,208.0,7.478780746459961,0.99735107421875,0.0918270349502563,0.00446617603302,0.0180410146713256,0.0936890030178809,69,P006,0.373779296875,0.15234375,0.044677734375,0.026123046875,0.4873046875,0.0,0.0,0.0,0.0,0.0,0.0,0.0,0.0,0.0,0.0,0.0,0.0,0.0,0.0,0.0,0.0,1.4287109375,0.0,0.0,0.0,0.0,603,0.0936890030178809,0.3015,0.207810996982119
217.928896484375,43.415275316569215,370.0954570888936,1395,0.0296044921875,0.20654296875,2.6953125,0.532958984375,0.0,0.0400390625,0.0,0.320556640625,0.283447265625,84.4365234375,0.0,0.0,0.6865234375,0.0,0.249267578125,0.2062988281249999,0.0,0.0,2.091552734375,0.012939453125,0.0,0.0,0.0,0.4326171875,5.655517578125,108.083251953125,50.75601196289063,0.0,208.0,208.0,7.503714561462402,0.99716796875,0.1884278059005737,0.009361445903778,0.0396780371665954,0.1927875030682938,70,P006,0.26953125,0.132568359375,0.041748046875,0.0,0.08203125,0.0,0.0,0.0,0.0,0.0,0.0,0.0,0.0,0.0,0.0,0.0,0.0,0.0,0.0,0.0,0.0,1.6240234375,0.0,0.0,0.0,0.0,300,0.1927875030682938,0.15,0.0427875030682937
225.44588134765624,38.50723046044688,182.02207291831976,617,0.01787841796875,0.15771484375,0.811767578125,0.2023925781249999,0.0,0.0,0.0,0.26220703125,0.0622558593749999,92.203369140625,0.0,0.0,0.590087890625,0.0,0.22216796875,0.027099609375,0.0,0.0,0.5400390625,0.003173828125,0.0,0.0,0.0,0.3925781249999999,3.403564453125,105.01078033447266,50.97833633422852,0.0,208.0,208.0,7.563820362091064,0.9976171875,0.2615737915039062,0.0318800210952758,0.0602225065231323,0.2703034118147475,71,P006,0.0,0.0,0.0,0.0,0.0,0.0,0.0,0.0,0.0,0.0,0.0,0.0,0.0,0.0,0.0,0.0,0.0,0.0,0.0,0.0,0.0,1.12158203125,0.0,0.0,0.0,0.0,164,0.2703034118147475,0.082,0.1883034118147474
227.8270654296875,38.423618312443296,126.416376706785,498,0.01411865234375,0.114990234375,0.04931640625,0.041259765625,0.0,0.0,0.0,0.1865234375,0.0,94.365234375,0.0,0.0,0.4653320312499999,0.0,0.042236328125,0.0,0.0,0.0,0.08935546875,0.0,0.0,0.0,0.0,0.423583984375,1.6367187500000002,101.83155059814452,50.83429336547852,0.0,208.0,208.0,7.559966564178467,0.9977734375,0.3231320381164551,0.029870331287384,0.0027467608451843,0.3245213328021024,72,P006,0.0,0.0,0.0,0.0,0.0,1.88720703125,0.0,0.0,0.0,0.0,0.0,0.0,0.0,0.0,0.0,0.0,0.0,0.0,0.0,0.0,0.0,0.6982421875,0.0,0.0,0.0,0.0,112,0.3245213328021024,0.056,0.2685213328021024
221.8923828125,43.14417265820805,120.28824426221249,497,0.01565673828125,0.05419921875,0.0,0.0,0.0,0.0,0.0,0.1113281249999999,0.0,93.98681640625,0.0,0.0,0.28662109375,0.0,0.03466796875,0.0,0.0,0.0,0.01806640625,0.0,0.0,0.0,0.0,0.3037109375,0.3818359375,100.7418975830078,50.47597885131836,0.0,208.0,208.0,7.572791576385498,0.99776123046875,0.2503693103790283,-0.000355064868927,-0.0373676419258117,0.2531427627127172,73,P006,0.0,0.0,0.0,0.0,0.0,4.405517578125,0.0,0.0,0.0,0.0,0.0,0.0,0.0,0.0,0.0,0.0,0.0,0.0,0.0,0.0,0.0,0.417236328125,0.0,0.0,0.0,0.0,165,0.2531427627127172,0.0825,0.1706427627127171
212.9818017578125,42.148701555889225,110.27294091963176,654,0.01617919921875,0.012451171875,0.0,0.0,0.0,0.0,0.0,0.037841796875,0.0,94.322509765625,0.0,0.0,0.137939453125,0.0,0.0234375,0.0,0.0,0.0,0.06787109375,0.0,0.0,0.0,0.0,0.4230957031249999,0.03564453125,101.65261840820312,50.41704177856445,0.0,208.0,208.0,7.572149753570557,0.9977490234375,0.288964033126831,-0.0083287358283996,-0.0563830733299255,0.2945312058841157,74,P006,0.0,0.0,0.0,0.0,0.0,4.656005859375,0.0,0.0,0.0,0.0,0.0,0.0,0.0,0.0,0.0,0.0,0.0,0.0,0.0,0.0,0.0,0.283203125,0.0,0.0,0.0,0.0,199,0.2945312058841157,0.0995,0.1950312058841156
193.1369775390625,58.01003387451642,247.77909274969096,1185,0.02754150390625,0.0,0.0,0.0,0.0,0.0,0.0,0.0,0.0,87.425537109375,0.0,0.097900390625,0.957275390625,0.0,0.0,0.0,0.0,0.0,0.272216796875,0.0,0.0,0.0,0.0,0.279296875,0.0,102.35284423828124,50.45237350463867,0.0,208.0,208.0,7.578956604003906,0.99791015625,0.3343887329101562,-0.0135541558265686,-0.0756924748420715,0.3431164388150884,75,P006,0.0,0.0,0.0,0.0,0.094482421875,5.158935546875,0.0,0.0,0.0,0.240478515625,3.538330078125,0.4897460937499999,0.0,0.0,1.284423828125,0.0,0.0,0.0,0.0,0.0,0.0,0.161376953125,0.0,0.0,0.0,0.0,422,0.3431164388150884,0.211,0.1321164388150884
162.78989501953126,68.71387597780578,656.5847528265414,4089,0.0500048828125,0.0,0.003662109375,1.5068359375,0.0,0.0,0.0,0.0,0.0,67.286865234375,0.0,0.235107421875,1.98193359375,0.0,0.122314453125,0.0,0.0,0.0,8.822021484375,0.0,0.0,0.0,0.0,0.067626953125,0.0,99.55241394042967,49.52516555786133,0.0,208.0,208.0,7.567644119262695,0.99758056640625,0.4049341678619385,-0.0168617963790893,-0.1097864508628845,0.4198917304165908,76,P006,0.0,0.0,0.0,0.0,0.563232421875,3.5791015625,0.0,0.0,0.0,0.18994140625,5.3759765625,2.29443359375,0.0,0.0,3.606689453125,0.0,0.0,0.0,0.364013671875,3.968017578125,0.0,0.0,0.0,0.0,0.0322265625,0.0,953,0.4198917304165908,0.4765,0.0566082695834091
137.84747802734375,76.67787952362313,700.9543970225749,3811,0.04971923828125,0.0,0.47607421875,2.51611328125,0.0,0.0,0.0302734375,0.0,0.0,57.78271484375001,0.0,0.183837890625,1.5107421875,0.0,0.67138671875,0.0,0.0,0.0,11.43994140625,0.0,0.0,0.0,0.0,0.016845703125,0.0,106.49317169189452,48.85591125488281,0.0,208.0,208.0,7.544558525085449,0.99801025390625,0.3111577033996582,-0.0174031853675842,-0.1243324875831604,0.3355302590147495,77,P006,0.0,0.0,0.0,0.0,0.461181640625,1.56591796875,0.0,0.0,0.0,0.13818359375,4.912841796875,3.492919921875,0.0,0.0,3.31884765625,0.0,0.0,0.0,0.704345703125,10.668701171875,0.0,0.0,0.0,0.0,0.09521484375,0.0139160156249999,810,0.3355302590147495,0.405,0.0694697409852505
147.047685546875,74.11765158107282,468.96921787681583,2478,0.0379541015625,0.0,1.142578125,1.641845703125,0.0,0.0,0.0,0.0,0.0,77.44677734375,0.0,0.0280761718749999,0.4580078125,0.0,0.09765625,0.0,0.0,0.0,3.33251953125,0.0,0.0,0.0,0.0,0.0,0.0,112.1757583618164,47.63443756103516,0.0,208.0,208.0,7.494561672210693,0.99855224609375,0.2632722854614258,-0.0283620953559875,-0.1673492193222046,0.3132450573477831,78,P006,0.0,0.0,0.0,0.0,0.0,0.667236328125,0.0,0.0,0.0,0.0,0.0,0.0,0.0,0.0,2.158447265625,0.0,0.0,0.0,0.798583984375,11.971923828125,0.0,0.0,0.0,0.0,0.129638671875,0.126708984375,370,0.3132450573477831,0.185,0.1282450573477831
155.48120849609376,66.2494039139198,250.2693681668997,1212,0.0260400390625,0.0,0.41162109375,0.9814453125,0.0,0.0,0.0,0.0,0.0,82.54736328125,0.0,0.0,0.0,0.0,0.0009765625,0.0,0.0,0.0,0.4614257812499999,0.0,6.07861328125,0.0,0.0,0.1650390625,0.0,111.21636962890624,48.71221923828125,0.0,208.0,208.0,7.516285896301269,0.9979296875,0.3110332489013672,-0.0483177304267883,-0.2326595783233642,0.3914163568137403,79,P006,0.0,0.0,0.0,0.0,0.0,0.310546875,0.0,0.0,0.0,0.0,0.0,0.0,0.0,0.0,0.0,0.0,0.0,0.0,0.0,8.908203125,0.0,0.0,0.0,0.0,0.0,0.134765625,282,0.3914163568137403,0.141,0.2504163568137403
144.3764111328125,63.68723153932403,255.92583135814075,2037,0.03730224609375,0.0,0.0283203124999999,0.39599609375,0.0,0.0,0.0,0.0,0.0,59.42919921874999,0.0,0.0,0.0,0.0,0.0,0.0,0.0,0.0,2.598388671875,0.0,33.861083984375,0.0,0.0,0.233642578125,0.0,107.54695129394533,48.26020812988281,0.0,208.0,208.0,7.532077789306641,0.99871337890625,0.3231320381164551,-0.0561863780021667,-0.2380686998367309,0.4052751275025992,80,P006,0.0,0.0,0.0,0.0,0.0,0.15380859375,0.0,0.130859375,0.0,0.0,0.0,0.0,0.0,0.0,0.0,0.0,0.0,0.0,0.0,3.166259765625,0.0,0.0,0.0,0.0,0.0,0.00244140625,464,0.4052751275025992,0.232,0.1732751275025991
164.0431640625,45.08137539352056,288.96173014984123,2052,0.03640869140625,0.0,0.0,0.509521484375,0.0,0.0,0.0,0.0,0.0,76.14794921875,0.0,0.0,0.0,0.0,0.0,0.0,0.0,0.0,2.252685546875,0.0,14.66455078125,0.0,0.0,0.0673828125,0.0,106.2130889892578,47.625770568847656,0.0,208.0,208.0,7.527775764465332,0.99879638671875,0.4041109085083008,-0.0823345184326171,-0.2823525667190552,0.4998075341906859,81,P006,0.0,0.0,0.0,5.364501953125,0.0,0.235595703125,0.20458984375,0.263671875,0.0,0.0,0.0,0.0,0.0551757812499999,0.0,0.0,0.0,0.0,0.06298828125,0.0,0.17138671875,0.0,0.0,0.0,0.0,0.0,0.0,397,0.4998075341906859,0.1985,0.3013075341906859
171.5868017578125,37.29670755128095,371.542087574476,2167,0.03371826171875,0.0,0.2409667968749999,2.62744140625,0.0,0.0,0.0,0.0,0.001708984375,84.86669921875,0.0,0.0,0.0,0.0,0.0,0.0,0.05078125,0.0,1.14990234375,0.0,3.525634765625,0.00927734375,0.018798828125,0.0,0.08251953125,107.28073120117188,47.37998580932617,0.0,208.0,208.0,7.516140937805176,0.99896728515625,0.3673610687255859,-0.099972516298294,-0.2247055768966674,0.442087384030218,82,P006,0.0,0.0,0.0,0.602783203125,0.0,0.482421875,0.32470703125,0.0,0.0,0.0,0.0,0.0,0.922607421875,0.0,0.0,0.0,0.0,0.0,0.083984375,5.005126953125,0.0,0.004638671875,0.0,0.0,0.0,0.0,455,0.442087384030218,0.2275,0.214587384030218
165.180849609375,40.84757756860835,467.2534543490351,2495,0.0442822265625,0.0,0.3603515625,8.242919921875,0.0,0.0,0.0,0.0,0.0,65.389404296875,0.0,0.0,0.019775390625,0.0,0.0,0.0,0.1416015625,0.0,3.35498046875,0.02880859375,1.146484375,0.004638671875,0.454833984375,0.042236328125,0.001953125,103.87245178222656,49.07969284057617,0.0,208.0,208.0,7.5559892654418945,0.99827880859375,0.3119573593139648,-0.1248013079166412,-0.1444506645202636,0.365730440308422,83,P006,0.0,0.0,0.0,0.129150390625,0.0,0.40576171875,0.317626953125,0.010009765625,0.0,0.0,0.0,0.0,0.19873046875,0.0,0.0,0.0,0.0,0.0,0.170166015625,19.579345703125,0.0,0.001220703125,0.0,0.0,0.0,0.0,576,0.365730440308422,0.288,0.077730440308422
158.05447998046876,43.5832091108994,588.2043063020467,2127,0.047001953125,0.0,0.20947265625,8.21875,0.0,0.0,0.017333984375,0.0,0.357177734375,58.00537109375,0.03564453125,0.0751953125,2.156005859375,0.0,0.014404296875,0.0,0.12744140625,0.0,8.366943359375,0.1164550781249999,0.025146484375,0.0,0.473876953125,0.0275878906249999,0.0,103.38824462890624,47.151329040527344,0.0,208.0,208.0,7.523228645324707,0.99982421875,0.257300853729248,-0.1956081315875053,-0.0706052780151367,0.3308343630225697,84,P006,0.0,0.0,0.0,0.0,0.0,0.287109375,0.2236328125,0.00634765625,0.0,0.0,0.0,0.0,0.0,0.0,0.0,0.0,0.0,0.0,0.19384765625,21.056640625,0.0,0.0,0.0,0.005615234375,0.0,0.0,674,0.3308343630225697,0.337,0.0061656369774302
149.21716064453125,50.589899984232254,711.5294549936712,3133,0.051123046875,0.0,0.0,4.81982421875,0.0,0.0,0.2448730468749999,0.0,0.0,49.88720703125,0.0,0.0,6.577880859375,0.07568359375,0.79345703125,0.0,0.0,0.0,14.2451171875,0.0,0.0,0.0,0.0,0.00146484375,0.0,108.79035186767578,46.11435317993164,0.0,208.0,208.0,7.453688621520996,0.99957763671875,0.1743860244750976,-0.2632692530751228,-0.0142350196838378,0.3161072933868525,85,P006,0.0,0.0,0.0,0.0,0.0,0.0,0.0,0.0,0.0048828125,0.0,0.0,0.0,0.0,0.0,0.0,0.0,0.0,0.0,0.2021484374999999,22.778076171875,0.369384765625,0.0,0.0,0.0,0.0,0.0,961,0.3161072933868525,0.4805,0.1643927066131474
137.18791748046874,59.24253271616603,1133.224387282729,3745,0.068828125,0.0,0.0,3.777099609375,0.0,0.0,0.71142578125,0.0,0.0,36.10205078125,0.0,0.0,12.03759765625,2.4072265625,1.04541015625,0.0,0.0,0.0,14.44189453125,0.0,0.0,0.0,0.0,0.0029296875,0.0,110.61930847167967,45.98609924316406,0.0,208.0,208.0,7.476945877075195,0.99951416015625,0.1690192222595214,-0.1637104749679565,-0.0076262950897216,0.2354289223613848,86,P006,0.0,0.0,0.0,0.0,0.0,0.0,0.0,0.0,0.047607421875,0.0,0.0,0.0,0.0,0.0,0.0,0.0,0.0,0.0,0.253662109375,28.840087890625,0.3330078125,0.0,0.0,0.0,0.0,0.0,1148,0.2354289223613848,0.574,0.3385710776386151
128.15220458984376,64.60899890514129,1410.5775443373682,4135,0.0743896484375,0.0,0.0,3.552001953125,0.0,0.0,1.326416015625,0.0,0.0,33.292724609375,0.0,0.0,17.345703125,3.35009765625,1.23046875,0.0,0.0,0.0,13.954345703125002,0.0,0.0,0.0,0.0,0.0107421875,0.0,110.75342559814452,46.545509338378906,0.0,208.0,208.0,7.488600730895996,0.9993212890625,0.1823067665100097,-0.1585737466812133,0.0030591487884521,0.2416417775202846,87,P006,0.0,0.0,0.0,0.0,0.0,0.0,0.0,0.0,0.12939453125,0.0,0.0,0.0,0.0,0.0,0.0,0.0,0.0,0.0,0.174560546875,25.35595703125,0.277587890625,0.0,0.0,0.0,0.0,0.0,1308,0.2416417775202846,0.654,0.4123582224797154
116.44226806640626,68.73528309834607,1665.0140250256009,4317,0.08272216796875,0.0,0.0,3.32275390625,0.0,0.0,2.68505859375,0.0,0.0,34.8212890625,0.0,0.0,23.283935546875,3.93017578125,1.0625,0.0,0.0,0.0,13.133056640624998,0.0,0.0,0.0,0.0,0.0048828125,0.0,109.30171966552734,47.38813781738281,0.0,208.0,208.0,7.526262283325195,0.9991943359375,0.1063628196716308,-0.1373854875564575,0.0053908824920654,0.1738300411714519,88,P006,0.0,0.0,0.0,0.0,0.0,0.0,0.0,0.0,0.359619140625,0.0,0.0,0.0,0.0,0.0,0.0,0.0,0.0,0.0,0.1474609375,17.034912109375,0.2143554687499999,0.0,0.0,0.0,0.0,0.0,1545,0.1738300411714519,0.7725,0.598669958828548
105.086357421875,70.07501622433634,1878.372583482212,4521,0.08973388671875,0.0,0.0,2.7802734375,0.0,0.0,4.76904296875,0.0,0.0,36.423828125,0.0,0.0,29.6826171875,3.7763671875,0.2939453125,0.0,0.0,0.0,12.709228515625002,0.0,0.0,0.0,0.0,0.02490234375,0.0,107.89537048339844,48.02694320678711,0.0,208.0,208.0,7.543802738189697,0.999140625,0.0960040092468261,-0.1405190825462341,0.005922794342041,0.1702864112133383,89,P006,0.0,0.0,0.0,0.0,0.0,0.0,0.0,0.0,0.462890625,0.0,0.0,0.0,0.0,0.0,0.0,0.0,0.0,0.0,0.08056640625,8.81689453125,0.179443359375,0.0,0.0,0.0,0.0,0.0,1634,0.1702864112133383,0.817,0.6467135887866616
